group,seed,state,client,weight,choice_committed,choice_curated,flip,regret_committed,regret_curated,credit_committed,credit_curated,credit_target
0,8,0,0,0.125,0,0,0.0,0.038011659830821776,0.038011659830821776,0.3802083333333333,0.546875,0.05025707555904246
0,8,0,1,0.125,2,1,1.0,0.0,0.06705743874413245,0.140625,0.36979166666666663,0.0276030300260264
0,8,0,2,0.125,2,2,0.0,0.0,0.0,0.32291666666666663,0.41145833333333326,0.06451078467344883
0,8,0,3,0.625,3,3,0.0,0.022162449379361376,0.022162449379361376,0.08854166666666666,0.13541666666666666,0.05132950467957326
0,8,1,0,0.625,1,0,1.0,0.0,0.06430853716360767,0.10937499999999999,0.4114583333333333,0.01698770727059778
0,8,1,1,0.125,1,1,0.0,0.0,0.0,0.1875,0.375,0.02653275871659924
0,8,1,2,0.125,2,2,0.0,0.08511839362838208,0.08511839362838208,0.11979166666666666,0.203125,-0.03379572079592562
0,8,1,3,0.125,1,3,1.0,0.0,0.058038066700227264,0.010416666666666664,0.07291666666666666,0.019798943249739076
0,8,2,0,0.125,1,1,0.0,0.0,0.0,0.015624999999999993,0.14583333333333331,-0.040785946188476745
0,8,2,1,0.125,1,1,0.0,0.0,0.0,0.2708333333333333,0.3333333333333333,0.022683922329627692
0,8,2,2,0.625,1,2,1.0,0.0,0.06830035623872789,0.140625,0.30729166666666663,0.006962194729714553
0,8,2,3,0.125,1,1,0.0,0.0,0.0,-0.041666666666666664,0.08333333333333333,0.023381349980705287
0,8,3,0,0.125,0,0,0.0,0.0,0.0,0.22916666666666663,0.43749999999999994,0.011989452492169046
0,8,3,1,0.625,0,0,0.0,0.0,0.0,0.015625,0.09895833333333333,-0.023027133142813676
0,8,3,2,0.125,3,2,1.0,0.0063823281643065055,0.05342679561330607,0.07812499999999999,0.27604166666666663,-0.005821832167370694
0,8,3,3,0.125,3,3,0.0,0.0063823281643065055,0.0063823281643065055,0.03645833333333333,0.11458333333333333,0.01858251841512303
0,9,0,0,0.125,1,0,1.0,0.0,0.0023278431744931105,0.20833333333333331,0.40625,0.03674541017681756
0,9,0,1,0.125,1,1,0.0,0.0,0.0,0.11979166666666666,0.21875,0.013364834853588204
0,9,0,2,0.125,0,2,1.0,0.0023278431744931105,0.08573725522595693,0.015624999999999986,0.20312499999999994,-0.051474206694991656
0,9,0,3,0.625,3,3,0.0,0.05133504972273384,0.05133504972273384,0.031249999999999993,0.11979166666666666,0.004668281680735151
0,9,1,0,0.625,1,0,1.0,0.0,0.06547288531103505,0.07291666666666666,0.18229166666666666,-0.005563023587349262
0,9,1,1,0.125,1,1,0.0,0.0,0.0,0.21874999999999997,0.359375,0.023722894188573367
0,9,1,2,0.125,2,2,0.0,0.04030078040622788,0.04030078040622788,0.32812499999999994,0.40104166666666663,-0.00805863456260995
0,9,1,3,0.125,3,3,0.0,0.07291446036342442,0.07291446036342442,0.026041666666666664,0.041666666666666664,0.015227858570818497
0,9,2,0,0.125,2,0,1.0,0.1306968672217101,0.11755974153460584,0.16145833333333331,0.4739583333333333,0.013983158882343248
0,9,2,1,0.125,3,3,0.0,0.0,0.0,0.22395833333333331,0.421875,0.0323323521845992
0,9,2,2,0.625,3,2,1.0,0.0,0.1306968672217101,0.17187499999999997,0.40624999999999994,-0.0026182453632644064
0,9,2,3,0.125,3,3,0.0,0.0,0.0,0.11458333333333331,0.19791666666666663,0.04952665082372614
0,9,3,0,0.125,1,0,1.0,0.0,0.10018114669106128,0.2708333333333333,0.43229166666666663,0.019044978742227978
0,9,3,1,0.625,0,1,1.0,0.10018114669106128,0.0,0.23437499999999994,0.4895833333333333,0.06361667277088244
0,9,3,2,0.125,2,2,0.0,0.05602310268508448,0.05602310268508448,0.28125,0.34375,0.012671922944168943
0,9,3,3,0.125,0,3,1.0,0.10018114669106128,0.044329393450399296,-0.140625,0.19791666666666666,0.041614313426253616
0,10,0,0,0.125,3,0,1.0,0.0,0.06375636209250964,-0.005208333333333353,0.39583333333333326,0.0007264956710091736
0,10,0,1,0.125,1,1,0.0,0.017876277520450234,0.017876277520450234,0.06770833333333333,0.35416666666666663,0.0069514137317264945
0,10,0,2,0.125,3,2,1.0,0.0,0.09035152820168531,0.08333333333333333,0.19791666666666666,-0.05195535527824794
0,10,0,3,0.625,3,3,0.0,0.0,0.0,0.11458333333333333,0.26041666666666663,0.017388292533336677
0,10,1,0,0.625,0,0,0.0,0.0,0.0,0.5208333333333333,0.6197916666666666,0.03839931474939359
0,10,1,1,0.125,0,1,1.0,0.0,0.0053631243662175115,0.03645833333333333,0.3333333333333333,0.023773957094674985
0,10,1,2,0.125,2,2,0.0,0.024228422562852417,0.024228422562852417,0.24999999999999997,0.34375,0.007329778317086916
0,10,1,3,0.125,3,3,0.0,0.008620017355503454,0.008620017355503454,-3.469446951953614e-18,0.07291666666666666,0.011774566134422244
0,10,2,0,0.125,1,0,1.0,0.004625075294937692,0.10959577960894962,0.020833333333333322,0.25,0.0020285167473706586
0,10,2,1,0.125,1,1,0.0,0.004625075294937692,0.004625075294937692,0.125,0.4427083333333333,0.0374805651184013
0,10,2,2,0.625,2,2,0.0,0.0,0.0,0.29166666666666663,0.3958333333333333,0.06198903581423337
0,10,2,3,0.125,2,3,1.0,0.0,0.11922575721145118,0.04687499999999999,0.08333333333333333,-0.032428883127497775
0,10,3,0,0.125,0,0,0.0,0.0,0.0,0.4583333333333333,0.5833333333333333,0.04082668109239212
0,10,3,1,0.625,0,1,1.0,0.0,0.002522827028253821,0.13020833333333331,0.30729166666666663,0.008480330924702415
0,10,3,2,0.125,0,2,1.0,0.0,0.06446854201578624,0.07812499999999999,0.20833333333333331,-0.002193930511791808
0,10,3,3,0.125,1,3,1.0,0.002522827028253821,0.0581804674291401,0.078125,0.15624999999999997,0.016247922698123776
0,11,0,0,0.125,0,0,0.0,0.0381431151882356,0.0381431151882356,0.3333333333333333,0.53125,0.03098617585563866
0,11,0,1,0.125,3,1,1.0,0.0,0.12194958981259456,-0.005208333333333336,0.30729166666666663,0.006866211250595872
0,11,0,2,0.125,3,2,1.0,0.0,0.12823227379772498,0.010416666666666671,0.18749999999999997,-0.03428102143960759
0,11,0,3,0.625,3,3,0.0,0.0,0.0,0.07291666666666666,0.22916666666666663,0.042992276163277415
0,11,1,0,0.625,3,0,1.0,0.0,0.055060659727933045,0.15104166666666666,0.24479166666666666,-0.02925337697186181
0,11,1,1,0.125,1,1,0.0,0.017943231056095604,0.017943231056095604,0.2552083333333333,0.4270833333333333,0.02283962080433867
0,11,1,2,0.125,2,2,0.0,0.0020947166332417333,0.0020947166332417333,0.33854166666666663,0.40625,0.03640366126279786
0,11,1,3,0.125,3,3,0.0,0.0,0.0,0.078125,0.203125,0.02874450368584566
0,11,2,0,0.125,1,0,1.0,0.037216661432662834,0.0689511568708708,0.04687499999999999,0.23958333333333331,0.008808883229670786
0,11,2,1,0.125,1,1,0.0,0.037216661432662834,0.037216661432662834,0.16145833333333331,0.20833333333333331,0.019133907490385734
0,11,2,2,0.625,3,1,1.0,0.0,0.037216661432662834,-0.020833333333333336,0.09375,-0.034341279819311316
0,11,2,3,0.125,1,3,1.0,0.037216661432662834,0.0,0.020833333333333332,0.05208333333333333,0.039502671955345424
0,11,3,0,0.125,3,0,1.0,0.0,0.06603585588238081,0.09375,0.19791666666666666,-0.009746487084952533
0,11,3,1,0.625,3,1,1.0,0.0,0.025605753841582035,0.07291666666666666,0.26041666666666663,0.0009314818822498766
0,11,3,2,0.125,3,3,0.0,0.0,0.0,0.078125,0.36979166666666663,-0.01212908221773135
0,11,3,3,0.125,3,3,0.0,0.0,0.0,0.09895833333333331,0.11979166666666664,0.016805466997358864
0,12,0,0,0.125,2,0,1.0,0.040642086111421644,0.07825745174924406,0.20833333333333331,0.32291666666666663,0.014231554032446128
0,12,0,1,0.125,3,1,1.0,0.004567524560504493,0.0,0.08854166666666664,0.390625,0.05643125560342935
0,12,0,2,0.125,2,2,0.0,0.040642086111421644,0.040642086111421644,0.3802083333333333,0.4270833333333333,0.016980906780566078
0,12,0,3,0.625,0,3,1.0,0.07825745174924406,0.004567524560504493,0.078125,0.140625,0.06550202203239089
0,12,1,0,0.625,2,0,1.0,0.0,0.10745145193177226,0.10937499999999999,0.20833333333333331,-0.032335317997115816
0,12,1,1,0.125,1,1,0.0,0.0668333430548588,0.0668333430548588,0.16145833333333331,0.3020833333333333,-0.010715612016303678
0,12,1,2,0.125,2,2,0.0,0.0,0.0,0.22395833333333331,0.3645833333333333,0.031174223096178993
0,12,1,3,0.125,3,3,0.0,0.09100882017979264,0.09100882017979264,0.07291666666666664,0.171875,0.008293255692558663
0,12,2,0,0.125,1,0,1.0,0.0,0.0953149773384868,0.21354166666666663,0.34375,0.009400984427590414
0,12,2,1,0.125,1,1,0.0,0.0,0.0,0.40624999999999994,0.49479166666666663,0.05620333469318565
0,12,2,2,0.625,3,2,1.0,0.10486335123917082,0.14446405792052303,0.06770833333333333,0.26041666666666663,-0.015266281377156379
0,12,2,3,0.125,1,3,1.0,0.0,0.10486335123917082,0.16666666666666666,0.20833333333333331,0.011173821712012276
0,12,3,0,0.125,0,0,0.0,0.05503768890009246,0.05503768890009246,0.27604166666666663,0.35416666666666663,-0.032812152572066086
0,12,3,1,0.625,0,1,1.0,0.05503768890009246,0.0,0.16666666666666666,0.265625,0.023478351360317798
0,12,3,2,0.125,2,2,0.0,0.03006448031192524,0.03006448031192524,0.46354166666666663,0.5677083333333333,0.031027296752508454
0,12,3,3,0.125,1,1,0.0,0.0,0.0,-0.026041666666666664,0.078125,0.02357510997957445
0,13,0,0,0.125,0,0,0.0,0.03692775965833989,0.03692775965833989,0.21354166666666663,0.3125,-0.008355909290259826
0,13,0,1,0.125,0,1,1.0,0.03692775965833989,0.013296457265310174,0.02083333333333333,0.28125,0.021248660990390134
0,13,0,2,0.125,2,2,0.0,0.0,0.0,0.17708333333333331,0.22916666666666666,0.03342370347491869
0,13,0,3,0.625,3,3,0.0,0.05377951033105623,0.05377951033105623,0.078125,0.11458333333333331,-0.0009626410743342577
0,13,1,0,0.625,1,1,0.0,0.010543337099879424,0.010543337099879424,0.125,0.1875,0.0033403470053427046
0,13,1,1,0.125,1,1,0.0,0.010543337099879424,0.010543337099879424,0.15104166666666663,0.3125,0.02329053740372672
0,13,1,2,0.125,2,2,0.0,0.0696857243454291,0.0696857243454291,0.3125,0.3333333333333333,-0.02840284757194387
0,13,1,3,0.125,3,3,0.0,0.0,0.0,0.109375,0.14583333333333331,0.05636500304937076
0,13,2,0,0.125,0,0,0.0,0.0,0.0,0.18229166666666666,0.33854166666666663,0.010817567492535462
0,13,2,1,0.125,1,1,0.0,0.0381618301586885,0.0381618301586885,0.109375,0.23958333333333331,-0.007489864344628178
0,13,2,2,0.625,2,2,0.0,0.011793118993996293,0.011793118993996293,0.203125,0.390625,0.030370588867126996
0,13,2,3,0.125,0,3,1.0,0.0,0.07638685376001136,0.08854166666666666,0.11458333333333331,0.020457955731987266
0,13,3,0,0.125,1,0,1.0,0.0406587849462942,0.04215095311443079,0.15625,0.29166666666666663,0.021412863599621725
0,13,3,1,0.625,1,1,0.0,0.0406587849462942,0.0406587849462942,0.06770833333333333,0.13541666666666666,-0.002417222226063249
0,13,3,2,0.125,1,2,1.0,0.0406587849462942,0.07437323218394862,0.10416666666666666,0.3125,-0.02357825190159977
0,13,3,3,0.125,0,3,1.0,0.04215095311443079,0.0,1.734723475976807e-18,0.125,0.031077916179257356
0,14,0,0,0.125,3,0,1.0,0.0,0.060102005795027946,0.06770833333333331,0.5989583333333333,0.022481237995828247
0,14,0,1,0.125,3,1,1.0,0.0,0.09583724548723262,0.18229166666666666,0.46354166666666663,0.03445265048921674
0,14,0,2,0.125,0,2,1.0,0.060102005795027946,0.10758811958682896,0.15104166666666663,0.34375,0.017405684035811678
0,14,0,3,0.625,1,3,1.0,0.09583724548723262,0.0,0.13020833333333331,0.265625,0.04846511909647769
0,14,1,0,0.625,0,0,0.0,0.0,0.0,0.3177083333333333,0.390625,0.03569702975260131
0,14,1,1,0.125,0,1,1.0,0.0,0.008292523536866062,0.09374999999999999,0.3489583333333333,0.015054091319204195
0,14,1,2,0.125,2,2,0.0,0.06398789109626371,0.06398789109626371,0.05729166666666666,0.22916666666666663,-0.03909756799027393
0,14,1,3,0.125,1,1,0.0,0.008292523536866062,0.008292523536866062,0.06770833333333333,0.13020833333333331,0.016424473366532265
0,14,2,0,0.125,1,0,1.0,0.0,0.07091908311518841,0.08854166666666666,0.18229166666666666,0.009268439306925278
0,14,2,1,0.125,1,1,0.0,0.0,0.0,0.18229166666666663,0.3020833333333333,0.030269853017904042
0,14,2,2,0.625,3,1,1.0,0.03510069750785824,0.0,0.020833333333333332,0.08333333333333333,-0.031811872401302545
0,14,2,3,0.125,1,3,1.0,0.0,0.03510069750785824,0.026041666666666668,0.041666666666666664,0.016204740273374246
0,14,3,0,0.125,0,0,0.0,0.0,0.0,0.34375,0.4895833333333333,0.00501484706810143
0,14,3,1,0.625,0,1,1.0,0.0,0.01072915243328569,0.14583333333333331,0.40625,0.029374315693729853
0,14,3,2,0.125,2,2,0.0,0.02541905053725449,0.02541905053725449,0.125,0.32291666666666663,-0.01093883280022286
0,14,3,3,0.125,0,3,1.0,0.0,0.03265562835296733,-0.057291666666666664,0.08333333333333331,0.01240829151665886
0,15,0,0,0.125,0,0,0.0,0.0,0.0,0.14583333333333331,0.359375,0.03338284805718009
0,15,0,1,0.125,0,1,1.0,0.0,0.038107672894372946,-3.469446951953614e-18,0.328125,0.021501952328351327
0,15,0,2,0.125,0,0,0.0,0.0,0.0,0.24479166666666663,0.31770833333333326,0.007341473632010721
0,15,0,3,0.625,0,3,1.0,0.0,0.06390990321707275,0.10416666666666666,0.19270833333333334,0.0007895127703001987
0,15,1,0,0.625,0,0,0.0,0.06298652920920894,0.06298652920920894,0.23437499999999994,0.39583333333333326,0.01438061126514294
0,15,1,1,0.125,1,1,0.0,0.0612554980433756,0.0612554980433756,0.23437499999999997,0.3802083333333333,0.038346920676388396
0,15,1,2,0.125,2,2,0.0,0.11532819861904778,0.11532819861904778,0.43229166666666663,0.46874999999999994,0.003644227816969954
0,15,1,3,0.125,0,3,1.0,0.06298652920920894,0.0,0.09375,0.15104166666666669,0.03804267126397395
0,15,2,0,0.125,3,0,1.0,0.0,0.06188649038007321,0.18229166666666663,0.46354166666666663,0.031140941562111814
0,15,2,1,0.125,3,1,1.0,0.0,0.09275485020965658,0.07291666666666666,0.53125,0.006199200645767759
0,15,2,2,0.625,3,2,1.0,0.0,0.05468749695075541,0.23958333333333331,0.484375,0.04472248074731769
0,15,2,3,0.125,3,3,0.0,0.0,0.0,0.12499999999999999,0.19791666666666666,0.06990020978222056
0,15,3,0,0.125,2,0,1.0,0.09447277658392611,0.0,0.14583333333333331,0.47916666666666663,0.052120171724553604
0,15,3,1,0.625,0,0,0.0,0.0,0.0,0.05208333333333333,0.24479166666666666,-0.020242705429809528
0,15,3,2,0.125,0,2,1.0,0.0,0.09447277658392611,0.08333333333333331,0.34374999999999994,-0.01864631255843504
0,15,3,3,0.125,0,3,1.0,0.0,0.12411510416406243,0.015624999999999997,0.125,0.002901191835660196
0,16,0,0,0.125,1,0,1.0,0.0,0.01997407365337088,0.11979166666666666,0.35416666666666663,0.0015765104633511952
0,16,0,1,0.125,1,1,0.0,0.0,0.0,0.05208333333333333,0.21354166666666666,0.020720359439978128
0,16,0,2,0.125,2,2,0.0,0.035412774491711554,0.035412774491711554,0.265625,0.3489583333333333,-0.010977155746983127
0,16,0,3,0.625,3,3,0.0,0.04158343306121666,0.04158343306121666,0.09895833333333331,0.15104166666666666,0.011155481755286974
0,16,1,0,0.625,1,0,1.0,0.02378598185033927,0.0,0.03645833333333333,0.26041666666666663,0.013854380785223781
0,16,1,1,0.125,0,1,1.0,0.0,0.02378598185033927,0.06770833333333331,0.3125,-0.011362725307252373
0,16,1,2,0.125,2,2,0.0,0.058200182276360216,0.058200182276360216,0.16666666666666666,0.3333333333333333,-0.030791026841098856
0,16,1,3,0.125,0,1,1.0,0.0,0.02378598185033927,0.06249999999999999,0.06770833333333333,0.00961609026570974
0,16,2,0,0.125,1,0,1.0,0.0,0.049850736153551525,0.12499999999999999,0.24999999999999997,0.00589391339612549
0,16,2,1,0.125,0,1,1.0,0.049850736153551525,0.0,0.10416666666666666,0.3489583333333333,0.03104051824636874
0,16,2,2,0.625,1,2,1.0,0.0,0.08596825041021355,-0.06770833333333334,0.22916666666666663,-0.01285827889982273
0,16,2,3,0.125,3,3,0.0,0.06197307900791724,0.06197307900791724,0.041666666666666664,0.09895833333333333,0.020487025563265517
0,16,3,0,0.125,1,1,0.0,0.0,0.0,0.13020833333333331,0.20833333333333331,-0.010350605861138586
0,16,3,1,0.625,1,1,0.0,0.0,0.0,0.14583333333333334,0.296875,0.02717266972269366
0,16,3,2,0.125,2,0,1.0,0.08212116814627858,0.06676560768493452,0.08333333333333331,0.20833333333333331,-0.03342962309269417
0,16,3,3,0.125,0,3,1.0,0.06676560768493452,0.043498404988901854,-0.010416666666666668,0.0625,0.01942621223980241
0,17,0,0,0.125,0,0,0.0,0.023650538379613423,0.023650538379613423,0.45833333333333326,0.5885416666666666,0.051157669859468444
0,17,0,1,0.125,1,1,0.0,0.0,0.0,0.22916666666666663,0.46874999999999994,0.06325758916540748
0,17,0,2,0.125,3,2,1.0,0.0007419135160145196,0.017229443714769324,0.19791666666666666,0.375,0.03536380043024033
0,17,0,3,0.625,3,3,0.0,0.0007419135160145196,0.0007419135160145196,0.11979166666666666,0.15625,0.050513385163172456
0,17,1,0,0.625,0,0,0.0,0.0,0.0,0.21354166666666669,0.38541666666666663,0.030725330493180093
0,17,1,1,0.125,1,1,0.0,0.03032290911202784,0.03032290911202784,0.21874999999999997,0.4895833333333333,0.04134385796988837
0,17,1,2,0.125,0,2,1.0,0.0,0.09952326217189103,-0.03645833333333334,0.21875,-0.023138790604324052
0,17,1,3,0.125,0,0,0.0,0.0,0.0,0.109375,0.12499999999999997,-0.002440806511416784
0,17,2,0,0.125,0,0,0.0,0.0,0.0,0.26041666666666663,0.3958333333333333,0.026193008684418644
0,17,2,1,0.125,0,1,1.0,0.0,0.01603536067264774,0.10937499999999999,0.37499999999999994,0.014587672828760537
0,17,2,2,0.625,2,2,0.0,0.0037652806619611623,0.0037652806619611623,0.13020833333333331,0.26041666666666663,0.01309512856741665
0,17,2,3,0.125,0,0,0.0,0.0,0.0,0.09895833333333333,0.13541666666666666,0.003915590998957188
0,17,3,0,0.125,0,0,0.0,0.016765145780841845,0.016765145780841845,0.21874999999999997,0.296875,0.0014093834644047553
0,17,3,1,0.625,0,1,1.0,0.016765145780841845,0.06850662494209858,0.005208333333333322,0.34375,0.008170467700721443
0,17,3,2,0.125,2,2,0.0,0.07755387826066201,0.07755387826066201,0.171875,0.3177083333333333,-0.04480404137079384
0,17,3,3,0.125,0,3,1.0,0.016765145780841845,0.0,-0.09375,0.11458333333333331,0.015021014954284324
0,18,0,0,0.125,1,0,1.0,0.016155589635474588,0.012903623086497118,0.07812499999999999,0.48437499999999994,0.04959283962219933
0,18,0,1,0.125,1,1,0.0,0.016155589635474588,0.016155589635474588,0.296875,0.46874999999999994,0.03350981269752192
0,18,0,2,0.125,2,2,0.0,0.012701389385122663,0.012701389385122663,0.38020833333333326,0.48958333333333326,0.045805374714357486
0,18,0,3,0.625,0,3,1.0,0.012903623086497118,0.0,0.046875,0.10937499999999999,0.05029310462208219
0,18,1,0,0.625,2,0,1.0,0.05177476369002951,0.043640021542076496,0.11979166666666663,0.43749999999999994,0.02264627999764046
0,18,1,1,0.125,2,0,1.0,0.05177476369002951,0.043640021542076496,0.07291666666666666,0.32291666666666663,0.01248699072046663
0,18,1,2,0.125,2,2,0.0,0.05177476369002951,0.05177476369002951,0.26041666666666663,0.375,0.011122627710003392
0,18,1,3,0.125,3,3,0.0,0.0,0.0,0.19270833333333331,0.22916666666666666,0.04107142789791049
0,18,2,0,0.125,0,0,0.0,0.023509779584040075,0.023509779584040075,0.25,0.4322916666666667,-0.014024929230518124
0,18,2,1,0.125,0,1,1.0,0.023509779584040075,0.016666519293861842,0.11458333333333333,0.20833333333333331,-0.00883156667551387
0,18,2,2,0.625,2,2,0.0,0.0,0.0,0.21354166666666663,0.33854166666666663,0.0038679630666551747
0,18,2,3,0.125,0,3,1.0,0.023509779584040075,0.0450177284925342,-0.041666666666666664,0.0625,-0.003283637266983848
0,18,3,0,0.125,0,0,0.0,0.10114981313105723,0.10114981313105723,0.23437499999999997,0.3333333333333333,-0.07207289546665993
0,18,3,1,0.625,1,1,0.0,0.0,0.0,0.22916666666666666,0.41666666666666663,0.03549443244441847
0,18,3,2,0.125,0,2,1.0,0.10114981313105723,0.10785282036753074,0.010416666666666661,0.19791666666666663,-0.009784536299481714
0,18,3,3,0.125,3,3,0.0,0.04844751526598315,0.04844751526598315,0.24999999999999997,0.26041666666666663,0.02768455955486041
0,19,0,0,0.125,0,0,0.0,0.02642025885257976,0.02642025885257976,0.16145833333333331,0.21875,-0.006460452869531631
0,19,0,1,0.125,0,1,1.0,0.02642025885257976,0.0030235990483801767,0.05729166666666666,0.44791666666666663,0.0334064889807299
0,19,0,2,0.125,2,2,0.0,0.0,0.0,0.35416666666666663,0.4739583333333333,0.02641239982790809
0,19,0,3,0.625,0,1,1.0,0.02642025885257976,0.0030235990483801767,0.057291666666666664,0.06770833333333333,0.00905160065482511
0,19,1,0,0.625,1,0,1.0,0.015423129559027735,0.022062727551721603,0.03645833333333333,0.296875,0.02926595452880267
0,19,1,1,0.125,1,1,0.0,0.015423129559027735,0.015423129559027735,0.13541666666666666,0.19791666666666663,0.009296007180521839
0,19,1,2,0.125,3,2,1.0,0.0,0.030048041866794564,0.05729166666666666,0.234375,0.0037853448606099582
0,19,1,3,0.125,0,3,1.0,0.022062727551721603,0.0,-0.020833333333333336,0.13541666666666666,0.02001049406207229
0,19,2,0,0.125,0,0,0.0,0.029098527173860175,0.029098527173860175,0.140625,0.27604166666666663,-0.009984771187164052
0,19,2,1,0.125,0,1,1.0,0.029098527173860175,0.01151747008145139,0.06770833333333331,0.453125,0.03161018287268038
0,19,2,2,0.625,2,2,0.0,0.0,0.0,0.11979166666666666,0.20833333333333331,0.021215107589842273
0,19,2,3,0.125,3,3,0.0,0.049039898547323935,0.049039898547323935,0.10416666666666666,0.10416666666666666,0.012130754469760512
0,19,3,0,0.125,0,0,0.0,0.05326548124430959,0.05326548124430959,0.21875,0.34375,-0.00163269360046999
0,19,3,1,0.625,0,1,1.0,0.05326548124430959,0.058423012118259454,-0.02083333333333333,0.40104166666666663,0.016209529542479336
0,19,3,2,0.125,3,2,1.0,0.0,0.06717641581421412,0.15104166666666663,0.2864583333333333,-5.542552383519983e-06
0,19,3,3,0.125,3,3,0.0,0.0,0.0,0.020833333333333332,0.10416666666666666,0.03456718354013222
0,20,0,0,0.125,0,0,0.0,0.0,0.0,0.2864583333333333,0.515625,0.03287645838149302
0,20,0,1,0.125,0,1,1.0,0.0,0.048534182738977666,-1.3877787807814457e-17,0.16666666666666666,0.011244773005234665
0,20,0,2,0.125,0,2,1.0,0.0,0.0750496927324325,0.14583333333333331,0.24479166666666666,0.014077382527960048
0,20,0,3,0.625,1,0,1.0,0.048534182738977666,0.0,0.04166666666666666,0.07291666666666666,-0.0014628898788577953
0,20,1,0,0.625,1,0,1.0,0.003210908853923805,0.06864454304954377,0.03645833333333334,0.234375,-0.043308894448954936
0,20,1,1,0.125,1,1,0.0,0.003210908853923805,0.003210908853923805,0.14583333333333331,0.29166666666666663,0.01083297483378916
0,20,1,2,0.125,0,0,0.0,0.06864454304954377,0.06864454304954377,0.10416666666666664,0.1875,-0.03256149138391695
0,20,1,3,0.125,3,3,0.0,0.0,0.0,0.07291666666666666,0.10416666666666666,0.029142461664523122
0,20,2,0,0.125,2,0,1.0,0.0,0.11055371635573655,0.10937499999999999,0.40104166666666663,0.024918029657010742
0,20,2,1,0.125,3,1,1.0,0.06903471528646914,0.10015105359816605,0.14583333333333331,0.43229166666666663,0.018624517230315496
0,20,2,2,0.625,2,2,0.0,0.0,0.0,0.36458333333333326,0.43229166666666663,0.031280062822859084
0,20,2,3,0.125,1,3,1.0,0.10015105359816605,0.06903471528646914,0.04687499999999999,0.140625,0.056011047551541085
0,20,3,0,0.125,2,0,1.0,0.0,0.056989259636225496,0.26041666666666663,0.43229166666666663,0.03761466576243353
0,20,3,1,0.625,2,1,1.0,0.0,0.026643751455175474,0.020833333333333336,0.2708333333333333,0.018969763393673077
0,20,3,2,0.125,2,2,0.0,0.0,0.0,0.39583333333333326,0.48437499999999994,0.06193834557181121
0,20,3,3,0.125,1,1,0.0,0.026643751455175474,0.026643751455175474,0.046875,0.06770833333333333,0.01668143541765405
0,21,0,0,0.125,2,0,1.0,0.019722598240324116,0.043796230935991706,0.30729166666666663,0.48437499999999994,0.022398271556659154
0,21,0,1,0.125,0,1,1.0,0.043796230935991706,0.0,0.04166666666666666,0.3177083333333333,0.022882417500422695
0,21,0,2,0.125,2,2,0.0,0.019722598240324116,0.019722598240324116,0.2552083333333333,0.43229166666666663,0.006295136483857217
0,21,0,3,0.625,3,3,0.0,0.029704415553078123,0.029704415553078123,0.15104166666666666,0.17708333333333331,0.03604271407024636
0,21,1,0,0.625,0,0,0.0,0.024035771419129826,0.024035771419129826,0.3020833333333333,0.5208333333333333,0.0013594859792715722
0,21,1,1,0.125,1,1,0.0,0.022694732495379955,0.022694732495379955,0.21875,0.3489583333333333,-0.010036304390426819
0,21,1,2,0.125,1,2,1.0,0.022694732495379955,0.008749459498422263,0.234375,0.34375,0.006789465994518251
0,21,1,3,0.125,3,3,0.0,0.0,0.0,0.140625,0.2708333333333333,0.024602465237119585
0,21,2,0,0.125,0,0,0.0,0.049668594397391616,0.049668594397391616,0.16145833333333331,0.3177083333333333,-0.03270674905389572
0,21,2,1,0.125,1,1,0.0,0.0,0.0,0.15104166666666663,0.41145833333333326,0.02744569586058206
0,21,2,2,0.625,2,2,0.0,0.07138466945348387,0.07138466945348387,0.140625,0.296875,-0.027520795765470986
0,21,2,3,0.125,3,3,0.0,0.03026213486277872,0.03026213486277872,0.05729166666666666,0.13541666666666666,0.010794470983633954
0,21,3,0,0.125,0,0,0.0,0.061918902604033266,0.061918902604033266,0.171875,0.37499999999999994,-0.0303987163121498
0,21,3,1,0.625,1,1,0.0,0.0,0.0,0.21874999999999997,0.546875,0.0509228087924897
0,21,3,2,0.125,2,2,0.0,0.05929719507447495,0.05929719507447495,0.19270833333333331,0.30729166666666663,0.0190013793774025
0,21,3,3,0.125,2,3,1.0,0.05929719507447495,0.10927155394892238,-0.046875,0.03125,-0.023889309138733855
0,22,0,0,0.125,2,0,1.0,0.007622427010092497,0.0,0.15624999999999997,0.19270833333333331,0.009139231523736874
0,22,0,1,0.125,0,1,1.0,0.0,0.04689630252959122,0.005208333333333332,0.10416666666666666,-0.004117196614664727
0,22,0,2,0.125,2,2,0.0,0.007622427010092497,0.007622427010092497,0.328125,0.4427083333333333,0.03269897028180445
0,22,0,3,0.625,1,3,1.0,0.04689630252959122,0.05606937732715912,0.015625,0.0625,-0.006902147190784435
0,22,1,0,0.625,2,0,1.0,0.0,0.03366429883953384,0.265625,0.5260416666666666,0.056391821355813145
0,22,1,1,0.125,0,1,1.0,0.03366429883953384,0.08457328658743389,0.09895833333333333,0.44270833333333326,0.04978744277192998
0,22,1,2,0.125,2,2,0.0,0.0,0.0,0.23958333333333331,0.45312499999999994,0.0507850824278403
0,22,1,3,0.125,0,2,1.0,0.03366429883953384,0.0,-0.06770833333333333,0.109375,0.02920914667299808
0,22,2,0,0.125,0,0,0.0,0.0,0.0,0.296875,0.48958333333333326,0.028446969256015253
0,22,2,1,0.125,0,1,1.0,0.0,0.019484780309403982,0.22916666666666669,0.33854166666666663,0.014874414678286665
0,22,2,2,0.625,3,2,1.0,0.057877929675675927,0.08358921115544293,-0.015624999999999991,0.2708333333333333,-0.04708895991546699
0,22,2,3,0.125,0,2,1.0,0.0,0.08358921115544293,-0.078125,0.0625,-0.026804110047116875
0,22,3,0,0.125,0,0,0.0,0.0,0.0,0.10937499999999999,0.33854166666666663,0.012698987590479325
0,22,3,1,0.625,1,1,0.0,0.011978516854720234,0.011978516854720234,0.09895833333333333,0.22395833333333331,0.007169968678520645
0,22,3,2,0.125,0,2,1.0,0.0,0.04607121996332274,0.11979166666666666,0.47395833333333326,-0.022355278638995564
0,22,3,3,0.125,0,3,1.0,0.0,0.08303661724947757,-0.010416666666666666,0.015625,0.0043579750379770955
0,23,0,0,0.125,0,0,0.0,0.012266201983303054,0.012266201983303054,0.23958333333333331,0.40625,-0.018189482978483912
0,23,0,1,0.125,0,0,0.0,0.012266201983303054,0.012266201983303054,-0.0052083333333333365,0.13541666666666666,-0.023685800222145257
0,23,0,2,0.125,2,2,0.0,0.021390985102877763,0.021390985102877763,0.13541666666666666,0.28125,-0.0260708622733338
0,23,0,3,0.625,1,1,0.0,0.037685250841932874,0.037685250841932874,0.03645833333333332,0.15104166666666666,0.011696683857828733
0,23,1,0,0.625,3,0,1.0,0.0,0.04946297766720459,0.23958333333333331,0.390625,0.008827661355433388
0,23,1,1,0.125,3,1,1.0,0.0,0.03531150327634486,0.18229166666666663,0.41666666666666663,0.03202114461384554
0,23,1,2,0.125,3,3,0.0,0.0,0.0,0.203125,0.2864583333333333,-0.0022550307698385123
0,23,1,3,0.125,2,3,1.0,0.07065825119586804,0.0,-0.078125,0.13541666666666666,0.0266734473836205
0,23,2,0,0.125,0,0,0.0,0.027815368753662445,0.027815368753662445,0.296875,0.6145833333333333,0.061292291279300117
0,23,2,1,0.125,3,1,1.0,0.0,0.07679468928739445,-0.13541666666666666,0.3020833333333333,-0.004362296067681538
0,23,2,2,0.625,0,2,1.0,0.027815368753662445,0.09913255123481642,0.02604166666666665,0.16145833333333331,-0.007726846269688241
0,23,2,3,0.125,0,3,1.0,0.027815368753662445,0.0,0.10416666666666666,0.1875,0.04599639225538452
0,23,3,0,0.125,0,0,0.0,0.04468484157727905,0.04468484157727905,0.3020833333333333,0.32291666666666663,0.003961166224844601
0,23,3,1,0.625,1,1,0.0,0.0,0.0,0.21875,0.28125,0.027789375376041873
0,23,3,2,0.125,2,2,0.0,0.08115573218196086,0.08115573218196086,0.17708333333333331,0.19270833333333331,-0.014065742234647951
0,23,3,3,0.125,1,1,0.0,0.0,0.0,0.07291666666666666,0.07291666666666666,0.015047086078677855
0,24,0,0,0.125,1,1,0.0,0.0,0.0,0.16666666666666663,0.45312499999999994,-0.010585700673433956
0,24,0,1,0.125,1,1,0.0,0.0,0.0,0.15625,0.33854166666666663,0.046643926122847484
0,24,0,2,0.125,1,2,1.0,0.0,0.1273360548396757,0.15625,0.28125,0.01514170945605946
0,24,0,3,0.625,1,1,0.0,0.0,0.0,0.07291666666666666,0.16145833333333331,0.04456509843758491
0,24,1,0,0.625,3,0,1.0,0.0,0.07591213383247619,0.08854166666666666,0.1875,-0.0005227134075950269
0,24,1,1,0.125,3,1,1.0,0.0,0.004845729656992939,0.19270833333333331,0.546875,0.03330200580644948
0,24,1,2,0.125,3,2,1.0,0.0,0.020324221622110658,0.27083333333333326,0.47395833333333326,0.02865783272837308
0,24,1,3,0.125,0,3,1.0,0.07591213383247619,0.0,-0.03125,0.11979166666666666,0.01970011176515156
0,24,2,0,0.125,2,0,1.0,0.049995073317042504,0.003121432664722812,0.29687499999999994,0.47916666666666663,0.03170743623129764
0,24,2,1,0.125,0,1,1.0,0.003121432664722812,0.0063982219632722215,0.15624999999999997,0.515625,0.03150148950357012
0,24,2,2,0.625,3,2,1.0,0.0,0.049995073317042504,0.13020833333333331,0.3020833333333333,-0.014682611576517252
0,24,2,3,0.125,3,3,0.0,0.0,0.0,0.22395833333333331,0.26041666666666663,0.026252823506986187
0,24,3,0,0.125,0,0,0.0,0.016652302552915166,0.016652302552915166,0.44791666666666663,0.6145833333333333,0.04421489647132858
0,24,3,1,0.625,0,1,1.0,0.016652302552915166,0.0,0.20833333333333331,0.453125,0.04950887120134815
0,24,3,2,0.125,1,2,1.0,0.0,0.05133249654039462,0.29166666666666663,0.39583333333333326,0.030989599629540628
0,24,3,3,0.125,1,0,1.0,0.0,0.016652302552915166,0.005208333333333329,0.08854166666666666,0.0403878917014978
0,25,0,0,0.125,0,0,0.0,0.03848428914910945,0.03848428914910945,0.171875,0.2864583333333333,0.015317230827502503
0,25,0,1,0.125,1,1,0.0,0.01556279703491971,0.01556279703491971,0.140625,0.24999999999999997,0.02962888704617679
0,25,0,2,0.125,3,2,1.0,0.0,0.05887750454401962,0.08854166666666666,0.2552083333333333,-0.02411928538905985
0,25,0,3,0.625,2,3,1.0,0.05887750454401962,0.0,1.734723475976807e-18,0.10416666666666666,0.02154730579477344
0,25,1,0,0.625,3,0,1.0,0.0,0.13830714080959372,-0.03645833333333333,0.109375,-0.026177331437371498
0,25,1,1,0.125,3,1,1.0,0.0,0.10267682912534551,0.19791666666666666,0.26041666666666663,0.005766116573605729
0,25,1,2,0.125,3,2,1.0,0.0,0.09636685410921686,0.109375,0.2552083333333333,-0.0016797756639114862
0,25,1,3,0.125,2,3,1.0,0.09636685410921686,0.0,0.010416666666666668,0.06249999999999999,0.05257720803627402
0,25,2,0,0.125,0,0,0.0,0.0,0.0,0.29166666666666663,0.34895833333333326,0.01541039481085298
0,25,2,1,0.125,0,1,1.0,0.0,0.07204155217059044,0.020833333333333322,0.296875,-0.003489564449449263
0,25,2,2,0.625,0,2,1.0,0.0,0.08801221725866323,-0.026041666666666675,0.078125,0.0004560187521078171
0,25,2,3,0.125,0,0,0.0,0.0,0.0,-0.005208333333333333,0.03125,0.015486955400486058
0,25,3,0,0.125,2,0,1.0,0.03596546456048874,0.08947871717846431,0.14583333333333331,0.3177083333333333,-0.000627621578673907
0,25,3,1,0.625,0,1,1.0,0.08947871717846431,0.04118757531668227,0.08854166666666666,0.22916666666666663,-0.008894227898145373
0,25,3,2,0.125,2,2,0.0,0.03596546456048874,0.03596546456048874,0.328125,0.40624999999999994,0.016054074140930265
0,25,3,3,0.125,3,3,0.0,0.0,0.0,0.08854166666666666,0.19270833333333331,0.054651465219502766
0,26,0,0,0.125,1,0,1.0,0.0,0.11830687336609379,0.11458333333333331,0.2708333333333333,0.001573194518376306
0,26,0,1,0.125,1,1,0.0,0.0,0.0,0.109375,0.3333333333333333,0.03590232249533003
0,26,0,2,0.125,3,2,1.0,0.0572643041310317,0.07414256703247399,0.12499999999999999,0.328125,-0.007356370460537068
0,26,0,3,0.625,3,1,1.0,0.0572643041310317,0.0,0.010416666666666657,0.0625,0.03183033849372645
0,26,1,0,0.625,0,0,0.0,0.0789814326286723,0.0789814326286723,0.16666666666666666,0.28125,-0.0035752825905988306
0,26,1,1,0.125,1,1,0.0,0.04298081618754948,0.04298081618754948,0.11458333333333333,0.35416666666666663,0.021017439940425438
0,26,1,2,0.125,0,2,1.0,0.0789814326286723,0.1031551823661166,0.11979166666666666,0.265625,-0.026533551895157624
0,26,1,3,0.125,1,1,0.0,0.04298081618754948,0.04298081618754948,0.05729166666666666,0.125,0.05950811213810644
0,26,2,0,0.125,2,0,1.0,0.0,0.07391783287590631,0.09374999999999999,0.21874999999999997,0.012232614511657547
0,26,2,1,0.125,3,1,1.0,0.03240324082019469,0.050217787634804834,0.08333333333333333,0.16145833333333331,-0.016685801668193067
0,26,2,2,0.625,2,2,0.0,0.0,0.0,0.3177083333333333,0.39062499999999994,0.024821767112182418
0,26,2,3,0.125,2,3,1.0,0.0,0.03240324082019469,0.046875,0.10416666666666666,0.03489736902765453
0,26,3,0,0.125,0,0,0.0,0.002642277798253656,0.002642277798253656,0.33854166666666663,0.48958333333333326,-0.005871982288453745
0,26,3,1,0.625,3,1,1.0,0.0,0.012529586726687109,0.06249999999999998,0.20833333333333331,-0.0007413480349117208
0,26,3,2,0.125,0,0,0.0,0.002642277798253656,0.002642277798253656,0.10416666666666664,0.23958333333333331,0.004243306442730995
0,26,3,3,0.125,3,3,0.0,0.0,0.0,0.15104166666666666,0.15625,0.03383416537143111
0,27,0,0,0.125,2,0,1.0,0.02398128742572704,0.006026271405194433,0.16145833333333331,0.3177083333333333,0.019562564549351038
0,27,0,1,0.125,0,1,1.0,0.006026271405194433,0.04084082051645732,0.06770833333333333,0.21354166666666663,-0.012526712798877846
0,27,0,2,0.125,2,2,0.0,0.02398128742572704,0.02398128742572704,0.17708333333333331,0.32291666666666663,-0.0018065530675082835
0,27,0,3,0.625,3,3,0.0,0.0,0.0,0.09375,0.29166666666666663,0.038180538006669894
0,27,1,0,0.625,2,2,0.0,0.0,0.0,0.09374999999999999,0.22916666666666666,0.006733797690156626
0,27,1,1,0.125,2,1,1.0,0.0,0.06941522598287161,0.015624999999999986,0.359375,0.03175353820753362
0,27,1,2,0.125,2,2,0.0,0.0,0.0,0.34375,0.46354166666666663,0.07105637308400937
0,27,1,3,0.125,3,3,0.0,0.07966981955927083,0.07966981955927083,0.14583333333333331,0.15625,0.001816294022579672
0,27,2,0,0.125,0,0,0.0,0.0406454987753196,0.0406454987753196,0.359375,0.421875,0.009259101619749088
0,27,2,1,0.125,1,1,0.0,0.0,0.0,0.21874999999999997,0.390625,0.018888303231175373
0,27,2,2,0.625,2,2,0.0,0.012316087573355852,0.012316087573355852,0.21354166666666666,0.36979166666666663,0.010550335067450017
0,27,2,3,0.125,1,3,1.0,0.0,0.0007257078388910598,0.109375,0.14583333333333331,0.047314479644864196
0,27,3,0,0.125,0,0,0.0,0.0,0.0,0.38541666666666663,0.5104166666666666,0.027343216105630615
0,27,3,1,0.625,0,1,1.0,0.0,0.03787603368481221,0.041666666666666644,0.16666666666666663,-0.034222669957233345
0,27,3,2,0.125,0,2,1.0,0.0,0.02884261672686962,0.09374999999999999,0.234375,-0.007027058636734018
0,27,3,3,0.125,0,2,1.0,0.0,0.02884261672686962,-0.020833333333333336,0.031249999999999997,0.014472708364554691
1,8,0,0,0.125,0,0,0.0,0.043673552908094077,0.043673552908094077,0.17187499999999997,0.36979166666666663,0.024405363729103274
1,8,0,1,0.625,3,1,1.0,0.024051074767755587,0.0,0.17708333333333331,0.4427083333333333,0.06431040535270417
1,8,0,2,0.125,1,2,1.0,0.0,0.049197249435930665,0.08854166666666666,0.24479166666666666,0.021113140142370316
1,8,0,3,0.125,1,3,1.0,0.0,0.024051074767755587,0.020833333333333336,0.4114583333333333,0.0289717743537482
1,8,1,0,0.625,3,0,1.0,0.005676475856696742,0.08704320483539521,0.031249999999999993,0.29166666666666663,-0.03323971061704085
1,8,1,1,0.125,2,2,0.0,0.0018638804726398284,0.0018638804726398284,0.265625,0.39583333333333326,0.024282270561617924
1,8,1,2,0.125,1,2,1.0,0.0,0.0018638804726398284,0.19270833333333331,0.36979166666666663,0.02738673775265775
1,8,1,3,0.125,1,3,1.0,0.0,0.005676475856696742,0.031249999999999997,0.4270833333333333,0.028755679965221253
1,8,2,0,0.125,1,0,1.0,0.026663813173396306,0.056949170130450005,0.18229166666666669,0.39583333333333326,-0.04247600637868605
1,8,2,1,0.125,1,1,0.0,0.026663813173396306,0.026663813173396306,0.13020833333333331,0.41666666666666663,-0.004058254954635826
1,8,2,2,0.125,1,2,1.0,0.026663813173396306,0.0,0.06770833333333331,0.328125,0.005252094671656514
1,8,2,3,0.625,3,3,0.0,0.04093161159673202,0.04093161159673202,0.13541666666666666,0.29166666666666663,0.010669660274943277
1,8,3,0,0.125,0,0,0.0,0.13193483070474443,0.13193483070474443,0.23958333333333331,0.3958333333333333,-0.018822664305806435
1,8,3,1,0.125,1,1,0.0,0.0,0.0,0.3333333333333333,0.5104166666666666,0.05056245662431985
1,8,3,2,0.625,1,2,1.0,0.0,0.05640119917292369,0.21354166666666666,0.30729166666666663,0.036457999395081264
1,8,3,3,0.125,1,3,1.0,0.0,0.07594133787394539,0.07291666666666663,0.39062499999999994,0.028937612829728274
1,9,0,0,0.125,2,2,0.0,0.0,0.0,0.015624999999999997,0.2708333333333333,-0.01199220962341448
1,9,0,1,0.625,2,1,1.0,0.0,0.06003029060659433,0.16145833333333331,0.29166666666666663,0.010627792936562535
1,9,0,2,0.125,2,2,0.0,0.0,0.0,0.44791666666666663,0.625,0.06058523065536491
1,9,0,3,0.125,2,0,1.0,0.0,0.10519668090044301,0.109375,0.234375,-0.011822878144046554
1,9,1,0,0.625,0,0,0.0,0.0,0.0,0.11979166666666663,0.41666666666666663,0.017906215860277366
1,9,1,1,0.125,1,1,0.0,0.031775072813338495,0.031775072813338495,0.05729166666666666,0.19270833333333331,0.011256104874074505
1,9,1,2,0.125,1,2,1.0,0.031775072813338495,0.062708492968542,-0.125,0.22916666666666666,-0.025328697545003068
1,9,1,3,0.125,0,3,1.0,0.0,0.004650983007065734,-0.078125,0.203125,-0.009449444590079176
1,9,2,0,0.125,3,0,1.0,0.05354795678619233,0.07680574014203423,0.26041666666666663,0.3489583333333333,-0.004956142387486376
1,9,2,1,0.125,1,1,0.0,0.04752449370432592,0.04752449370432592,0.03645833333333333,0.171875,0.004901552417144888
1,9,2,2,0.125,2,2,0.0,0.0,0.0,0.125,0.28125,0.01344581288111712
1,9,2,3,0.625,1,2,1.0,0.04752449370432592,0.0,0.005208333333333329,0.2708333333333333,-0.02983832804994652
1,9,3,0,0.125,1,0,1.0,0.008335572063532137,0.023060995063136663,-0.06770833333333334,0.10937499999999999,0.019505654087642134
1,9,3,1,0.125,0,1,1.0,0.023060995063136663,0.008335572063532137,0.0052083333333333304,0.10416666666666666,-0.00040589310969125776
1,9,3,2,0.625,1,2,1.0,0.008335572063532137,0.0,0.07812499999999999,0.21354166666666666,0.011350309391024152
1,9,3,3,0.125,1,3,1.0,0.008335572063532137,0.029022903414066423,-0.015625,0.18229166666666666,0.013309299101246473
1,10,0,0,0.125,0,0,0.0,0.04474566186676643,0.04474566186676643,0.13541666666666666,0.23958333333333331,-0.0076397074396204355
1,10,0,1,0.625,2,1,1.0,0.0,0.0066859789213233045,-0.005208333333333332,0.36979166666666663,0.010695839549585187
1,10,0,2,0.125,2,2,0.0,0.0,0.0,0.234375,0.3958333333333333,0.023963726031453757
1,10,0,3,0.125,3,3,0.0,0.058998976319602506,0.058998976319602506,0.15625,0.22916666666666663,-0.029344796484337292
1,10,1,0,0.625,1,0,1.0,0.06827401994003343,0.018194000270089578,0.020833333333333322,0.35416666666666663,0.0016753111594170359
1,10,1,1,0.125,1,1,0.0,0.06827401994003343,0.06827401994003343,0.13020833333333331,0.4427083333333333,-0.013969129359299143
1,10,1,2,0.125,3,2,1.0,0.025759464622559458,0.0,0.22916666666666666,0.578125,0.07782458280125097
1,10,1,3,0.125,3,3,0.0,0.025759464622559458,0.025759464622559458,0.21875,0.6770833333333333,0.01354090206373059
1,10,2,0,0.125,0,0,0.0,0.018456980817960322,0.018456980817960322,0.41145833333333326,0.47916666666666663,0.024378486874228215
1,10,2,1,0.125,2,1,1.0,0.04306925781309058,0.045164567247086534,-0.22395833333333331,0.18229166666666666,-0.014811393675289313
1,10,2,2,0.125,3,2,1.0,0.0,0.04306925781309058,0.15625,0.36979166666666663,0.014672545159267216
1,10,2,3,0.625,1,3,1.0,0.045164567247086534,0.0,-0.026041666666666664,0.28125,0.029696453052456582
1,10,3,0,0.125,3,2,1.0,0.018422085110256572,0.005032530248556155,0.359375,0.5052083333333333,0.05584606556178152
1,10,3,1,0.125,2,1,1.0,0.005032530248556155,0.0,-0.04166666666666667,0.40625,0.04232946207955648
1,10,3,2,0.625,2,1,1.0,0.005032530248556155,0.0,0.09375,0.140625,0.0331086875151103
1,10,3,3,0.125,3,2,1.0,0.018422085110256572,0.005032530248556155,0.06249999999999999,0.24479166666666663,0.057028798371295375
1,11,0,0,0.125,0,0,0.0,0.022427151716530952,0.022427151716530952,0.41145833333333326,0.546875,0.04626159739114827
1,11,0,1,0.625,1,1,0.0,0.0,0.0,0.30729166666666663,0.41666666666666663,0.03857814693059382
1,11,0,2,0.125,3,1,1.0,0.044104003468214636,0.0,0.265625,0.45833333333333326,0.034475899246980156
1,11,0,3,0.125,1,3,1.0,0.0,0.044104003468214636,0.11458333333333333,0.390625,0.01559309517455058
1,11,1,0,0.625,0,0,0.0,0.06940275339202615,0.06940275339202615,0.15104166666666666,0.359375,-0.03336735809496053
1,11,1,1,0.125,3,1,1.0,0.0,0.029117541004971617,-0.11458333333333333,0.30208333333333326,0.008541934238254492
1,11,1,2,0.125,1,1,0.0,0.029117541004971617,0.029117541004971617,-0.09375,0.20312499999999997,0.0036203912933750206
1,11,1,3,0.125,1,3,1.0,0.029117541004971617,0.0,0.03645833333333333,0.203125,0.023529242469190536
1,11,2,0,0.125,1,0,1.0,0.0,0.018116374896059523,0.171875,0.38541666666666663,0.001557358404842396
1,11,2,1,0.125,1,1,0.0,0.0,0.0,0.109375,0.296875,0.011490183935048963
1,11,2,2,0.125,1,2,1.0,0.0,0.019401253625822276,0.052083333333333336,0.2864583333333333,0.04734144267703912
1,11,2,3,0.625,1,3,1.0,0.0,0.047770709327345506,0.13541666666666666,0.359375,0.005019132563284092
1,11,3,0,0.125,3,0,1.0,0.05795220804660728,0.09622064887177771,0.3177083333333333,0.49479166666666663,0.0019034564476323559
1,11,3,1,0.125,1,1,0.0,0.0,0.0,0.20833333333333331,0.35416666666666663,0.032794308368514685
1,11,3,2,0.625,1,3,1.0,0.0,0.05795220804660728,0.09375,0.29166666666666663,0.027027504408666837
1,11,3,3,0.125,3,3,0.0,0.05795220804660728,0.05795220804660728,0.21875,0.4895833333333333,0.05309532013144983
1,12,0,0,0.125,3,0,1.0,0.012121023649383639,0.08652730044092,-0.04166666666666666,0.15625,-0.010579866017363835
1,12,0,1,0.625,1,1,0.0,0.04080089771396793,0.04080089771396793,0.2552083333333333,0.515625,0.02009845297842748
1,12,0,2,0.125,1,2,1.0,0.04080089771396793,0.0,0.2864583333333333,0.48958333333333326,0.035926149192122434
1,12,0,3,0.125,3,3,0.0,0.012121023649383639,0.012121023649383639,0.13020833333333331,0.32291666666666663,0.028433865409924177
1,12,1,0,0.625,0,0,0.0,0.0,0.0,0.22395833333333331,0.515625,0.017330075172799483
1,12,1,1,0.125,1,1,0.0,0.05742610224170304,0.05742610224170304,0.05729166666666666,0.11458333333333333,0.012954545886234426
1,12,1,2,0.125,1,0,1.0,0.05742610224170304,0.0,0.10937499999999997,0.28125,0.04645184388307861
1,12,1,3,0.125,3,3,0.0,0.027094252484643727,0.027094252484643727,0.11979166666666666,0.35416666666666663,0.004569936699128077
1,12,2,0,0.125,2,0,1.0,0.01316785370488227,0.08499305655623057,0.10416666666666666,0.3177083333333333,-0.0018399419769814507
1,12,2,1,0.125,1,1,0.0,0.0,0.0,0.026041666666666657,0.3489583333333333,0.02221512492637516
1,12,2,2,0.125,1,2,1.0,0.0,0.01316785370488227,-0.015625000000000003,0.21354166666666666,0.006099595144671209
1,12,2,3,0.625,1,3,1.0,0.0,0.08361200814818745,0.08333333333333334,0.27604166666666663,-0.04330774171208393
1,12,3,0,0.125,3,0,1.0,0.0,0.05433046320956311,0.08333333333333333,0.38541666666666663,-0.005294615473078966
1,12,3,1,0.125,1,1,0.0,0.010766503198896923,0.010766503198896923,0.09375,0.17708333333333331,0.011796314744141478
1,12,3,2,0.625,1,2,1.0,0.010766503198896923,0.017866178608933442,0.08854166666666664,0.375,-0.00906280701215656
1,12,3,3,0.125,2,2,0.0,0.017866178608933442,0.017866178608933442,-0.078125,0.1927083333333333,-0.0009057527404412933
1,13,0,0,0.125,0,0,0.0,0.10761121684260146,0.10761121684260146,0.46354166666666663,0.640625,0.03913191589824167
1,13,0,1,0.625,2,1,1.0,0.0,0.05772159356923959,0.34895833333333337,0.5885416666666666,0.06396453213760085
1,13,0,2,0.125,2,2,0.0,0.0,0.0,0.375,0.47395833333333326,0.10216641826619034
1,13,0,3,0.125,2,3,1.0,0.0,0.1243482799599263,0.020833333333333336,0.24999999999999997,0.007305400774143907
1,13,1,0,0.625,3,0,1.0,0.03415596456211481,0.13164564339783102,-0.40104166666666663,0.15104166666666666,-0.10783365095424424
1,13,1,1,0.125,1,1,0.0,0.0,0.0,0.20833333333333331,0.3489583333333333,0.02131473021648789
1,13,1,2,0.125,3,2,1.0,0.03415596456211481,0.01829261015851144,0.01562499999999999,0.2708333333333333,0.027251913195340306
1,13,1,3,0.125,3,3,0.0,0.03415596456211481,0.03415596456211481,0.15104166666666666,0.26041666666666663,0.002406991122229563
1,13,2,0,0.125,1,2,1.0,0.049689215944742085,0.016503060166262004,0.020833333333333332,0.11979166666666664,-0.0008403154724963291
1,13,2,1,0.125,3,1,1.0,0.0,0.049689215944742085,-0.23958333333333331,0.21354166666666666,-0.015231034835914434
1,13,2,2,0.125,3,2,1.0,0.0,0.016503060166262004,-0.015625000000000007,0.171875,-0.005001072095585866
1,13,2,3,0.625,3,3,0.0,0.0,0.0,0.16145833333333331,0.33854166666666663,0.015360937413192902
1,13,3,0,0.125,1,0,1.0,0.0,0.01054887185036224,0.171875,0.3333333333333333,0.02381553122720279
1,13,3,1,0.125,1,1,0.0,0.0,0.0,0.07291666666666666,0.3958333333333333,0.030797472092530257
1,13,3,2,0.625,1,2,1.0,0.0,0.06599942213900985,0.33854166666666663,0.421875,0.027227258217456897
1,13,3,3,0.125,1,3,1.0,0.0,0.043785048904116636,-0.005208333333333336,0.28125,0.008267557116031438
1,14,0,0,0.125,0,0,0.0,0.011789974600759381,0.011789974600759381,0.33854166666666663,0.4375,0.008034362414989515
1,14,0,1,0.625,3,1,1.0,0.0,0.06413174948603409,0.11979166666666666,0.27604166666666663,0.02032120956907911
1,14,0,2,0.125,3,3,0.0,0.0,0.0,0.10416666666666666,0.30729166666666663,0.03730807581549039
1,14,0,3,0.125,3,3,0.0,0.0,0.0,0.020833333333333325,0.375,0.019549823621725592
1,14,1,0,0.625,3,0,1.0,0.0,0.07011284765057543,0.02083333333333333,0.36979166666666663,0.016791713060318354
1,14,1,1,0.125,1,3,1.0,0.09784189238329877,0.0,0.05208333333333333,0.328125,0.0032574913604328927
1,14,1,2,0.125,3,2,1.0,0.0,0.03227627503247292,0.27083333333333326,0.44791666666666663,0.05681784285036189
1,14,1,3,0.125,2,3,1.0,0.03227627503247292,0.0,0.0625,0.43229166666666663,0.027507671843997505
1,14,2,0,0.125,3,0,1.0,0.0,0.0578555890473416,0.026041666666666668,0.38541666666666663,-0.008019839393813144
1,14,2,1,0.125,1,1,0.0,0.04887009923538636,0.04887009923538636,0.11458333333333331,0.36458333333333326,0.010243390468987562
1,14,2,2,0.125,1,3,1.0,0.04887009923538636,0.0,-0.17708333333333331,0.17187499999999997,-0.002870369084165273
1,14,2,3,0.625,3,3,0.0,0.0,0.0,0.09895833333333334,0.26041666666666663,0.012236294271482014
1,14,3,0,0.125,1,0,1.0,0.03402287540204427,0.07842559645657825,0.20312499999999997,0.40625,-0.03186780151281874
1,14,3,1,0.125,2,1,1.0,0.0,0.03402287540204427,-0.10416666666666666,0.421875,0.002167727584317125
1,14,3,2,0.625,1,2,1.0,0.03402287540204427,0.0,0.203125,0.36979166666666663,0.036623476835670805
1,14,3,3,0.125,0,3,1.0,0.07842559645657825,0.04823149421198866,0.046875,0.328125,0.0002748944521636209
1,15,0,0,0.125,1,0,1.0,0.023360757498657014,0.09294583097845252,0.15625,0.27604166666666663,-0.008873069481554823
1,15,0,1,0.625,1,1,0.0,0.023360757498657014,0.023360757498657014,0.08333333333333333,0.2864583333333333,0.019009631979191054
1,15,0,2,0.125,1,2,1.0,0.023360757498657014,0.009338453934720353,0.28125,0.3802083333333333,0.05196330694695776
1,15,0,3,0.125,3,3,0.0,0.0,0.0,0.14583333333333331,0.39583333333333326,0.05924550233070385
1,15,1,0,0.625,2,0,1.0,0.0,0.0801567801178319,0.27083333333333326,0.5833333333333333,-0.017472467296569635
1,15,1,1,0.125,1,1,0.0,0.08537826971948961,0.08537826971948961,0.06770833333333333,0.38541666666666663,-0.015267737349859676
1,15,1,2,0.125,2,2,0.0,0.0,0.0,0.16666666666666666,0.3645833333333333,0.041708564498543405
1,15,1,3,0.125,3,3,0.0,0.009478228945226291,0.009478228945226291,0.05208333333333332,0.18229166666666666,0.018697512514330192
1,15,2,0,0.125,1,0,1.0,0.06797929389883264,0.07665742385644092,0.05729166666666666,0.24479166666666663,0.0034521540687892033
1,15,2,1,0.125,3,1,1.0,0.05212817317525317,0.06797929389883264,-0.0625,0.13541666666666666,-0.03124963392052307
1,15,2,2,0.125,2,2,0.0,0.0,0.0,0.19791666666666663,0.44791666666666663,0.04576056638812836
1,15,2,3,0.625,3,3,0.0,0.05212817317525317,0.05212817317525317,0.16666666666666666,0.42187499999999994,0.007146865546702991
1,15,3,0,0.125,0,0,0.0,0.008081717802267976,0.008081717802267976,0.29166666666666663,0.3645833333333333,0.02650316915712684
1,15,3,1,0.125,1,1,0.0,0.02568039442524643,0.02568039442524643,0.16145833333333331,0.28125,0.022355300062492353
1,15,3,2,0.625,2,2,0.0,0.0,0.0,0.203125,0.36979166666666663,0.01788818834008284
1,15,3,3,0.125,0,3,1.0,0.008081717802267976,0.04620865136704318,0.026041666666666664,0.26041666666666663,0.0076936349944702566
1,16,0,0,0.125,0,0,0.0,0.08238620330228781,0.08238620330228781,0.19791666666666663,0.42187499999999994,-0.00031683637093426093
1,16,0,1,0.625,3,1,1.0,0.0,0.028997612896985187,0.062499999999999986,0.390625,0.03277934072047412
1,16,0,2,0.125,1,1,0.0,0.028997612896985187,0.028997612896985187,0.15104166666666669,0.27604166666666663,0.030292242597460373
1,16,0,3,0.125,1,3,1.0,0.028997612896985187,0.0,0.08333333333333333,0.43229166666666663,0.04654922929288111
1,16,1,0,0.625,0,0,0.0,0.0033500791769237592,0.0033500791769237592,0.5208333333333333,0.59375,0.046431013981834954
1,16,1,1,0.125,1,1,0.0,0.03714872488284597,0.03714872488284597,0.24479166666666663,0.3125,0.0010875908140870218
1,16,1,2,0.125,2,2,0.0,0.0,0.0,0.14583333333333331,0.20833333333333331,0.03149402887199832
1,16,1,3,0.125,3,3,0.0,0.04236757450461508,0.04236757450461508,0.32291666666666663,0.609375,0.004751914735909404
1,16,2,0,0.125,0,0,0.0,0.014543217936097183,0.014543217936097183,0.14583333333333331,0.26041666666666663,0.018721892437985437
1,16,2,1,0.125,1,1,0.0,0.0009042919486871165,0.0009042919486871165,0.16145833333333331,0.22916666666666663,0.011892860400417425
1,16,2,2,0.125,1,2,1.0,0.0009042919486871165,0.0,-0.10416666666666667,0.25,-0.020880798387609343
1,16,2,3,0.625,1,1,0.0,0.0009042919486871165,0.0009042919486871165,0.02083333333333333,0.11458333333333331,-0.011589128773927619
1,16,3,0,0.125,1,3,1.0,0.011609672769878468,0.010065223405933521,0.14062499999999997,0.40104166666666663,-0.0035838717499591926
1,16,3,1,0.125,3,1,1.0,0.010065223405933521,0.011609672769878468,0.041666666666666664,0.2864583333333333,0.020409227340565165
1,16,3,2,0.625,1,2,1.0,0.011609672769878468,0.00801923110361133,0.16666666666666663,0.45312499999999994,0.011622558285078913
1,16,3,3,0.125,0,3,1.0,0.0,0.010065223405933521,0.020833333333333325,0.45312499999999994,0.016385014243228784
1,17,0,0,0.125,1,1,0.0,0.04351259395408866,0.04351259395408866,-0.03125000000000001,0.16145833333333331,-0.005546180777878655
1,17,0,1,0.625,2,2,0.0,0.0,0.0,0.04687499999999999,0.296875,0.03478312225529473
1,17,0,2,0.125,2,2,0.0,0.0,0.0,0.32291666666666663,0.36979166666666663,0.07593138051935205
1,17,0,3,0.125,1,3,1.0,0.04351259395408866,0.05488550183265288,0.14583333333333331,0.36979166666666663,0.036404123892022223
1,17,1,0,0.625,1,0,1.0,0.043320099489400105,0.05258748419210264,0.3333333333333333,0.5729166666666666,0.006388628499540159
1,17,1,1,0.125,3,1,1.0,0.0,0.043320099489400105,-0.08854166666666666,0.34375,0.01228892961574992
1,17,1,2,0.125,3,2,1.0,0.0,0.04864354535927887,-0.03125,0.19791666666666663,0.007036088874938314
1,17,1,3,0.125,3,3,0.0,0.0,0.0,0.21875,0.390625,0.037675062676205545
1,17,2,0,0.125,3,0,1.0,0.012555743498990635,0.0,0.08333333333333333,0.26041666666666663,0.013416317748623624
1,17,2,1,0.125,1,1,0.0,0.030368958535264404,0.030368958535264404,0.06770833333333333,0.5260416666666666,0.03546809248761194
1,17,2,2,0.125,3,3,0.0,0.012555743498990635,0.012555743498990635,0.05208333333333333,0.21874999999999997,0.017286293967740653
1,17,2,3,0.625,0,3,1.0,0.0,0.012555743498990635,0.11458333333333331,0.22395833333333331,0.02400004902965329
1,17,3,0,0.125,0,0,0.0,0.006786077482435204,0.006786077482435204,0.16666666666666666,0.38541666666666663,0.011272421958011829
1,17,3,1,0.125,0,1,1.0,0.006786077482435204,0.020019067421394393,0.005208333333333329,0.33854166666666663,0.030264834796360943
1,17,3,2,0.625,1,2,1.0,0.020019067421394393,0.04598671167513377,0.21354166666666666,0.36979166666666663,0.019221612418126498
1,17,3,3,0.125,1,3,1.0,0.020019067421394393,0.0,0.07812499999999999,0.38541666666666663,0.031948730419374585
1,18,0,0,0.125,0,0,0.0,0.0064362546549426025,0.0064362546549426025,0.33333333333333326,0.421875,0.045705501705590186
1,18,0,1,0.625,2,1,1.0,0.0,0.09113326557662886,0.17187499999999997,0.36979166666666663,-0.03091990682203938
1,18,0,2,0.125,1,2,1.0,0.09113326557662886,0.0,0.171875,0.40104166666666663,0.044538555613819725
1,18,0,3,0.125,3,3,0.0,0.05709881988137512,0.05709881988137512,0.18229166666666666,0.5677083333333333,0.008592683969099287
1,18,1,0,0.625,0,0,0.0,0.03555542813890546,0.03555542813890546,0.24479166666666666,0.6145833333333333,0.026682881174798733
1,18,1,1,0.125,1,1,0.0,0.0042582420486443895,0.0042582420486443895,0.28125,0.43229166666666663,0.023245753076239987
1,18,1,2,0.125,2,2,0.0,0.0,0.0,0.18229166666666663,0.35937499999999994,0.056776819493233155
1,18,1,3,0.125,3,3,0.0,0.046694605878568454,0.046694605878568454,0.19791666666666666,0.5885416666666666,0.02568176063361528
1,18,2,0,0.125,3,0,1.0,0.11744454065229598,0.09290019775863384,0.36979166666666663,0.5572916666666666,0.02788616804940438
1,18,2,1,0.125,2,1,1.0,0.0,0.09239106595114821,0.2552083333333333,0.5260416666666666,0.020985887670995865
1,18,2,2,0.125,2,2,0.0,0.0,0.0,0.26041666666666663,0.46354166666666663,0.09633170107102579
1,18,2,3,0.625,2,3,1.0,0.0,0.11744454065229598,0.08333333333333334,0.25,0.011225001294569206
1,18,3,0,0.125,0,0,0.0,0.04606013999366414,0.04606013999366414,0.18229166666666663,0.5052083333333333,0.03504980792313831
1,18,3,1,0.125,2,1,1.0,0.0,0.025977843720513732,0.13541666666666666,0.19270833333333331,0.01581150684643105
1,18,3,2,0.625,1,2,1.0,0.025977843720513732,0.0,0.19270833333333331,0.4375,0.03564443653791108
1,18,3,3,0.125,1,3,1.0,0.025977843720513732,0.035685415668478784,-0.026041666666666678,0.27604166666666663,0.0018026463228291657
1,19,0,0,0.125,1,1,0.0,0.0,0.0,-0.010416666666666668,0.17708333333333331,0.0174797755062938
1,19,0,1,0.625,2,1,1.0,0.06489578333238348,0.0,0.08333333333333334,0.44791666666666663,0.06074054165846851
1,19,0,2,0.125,1,1,0.0,0.0,0.0,0.13020833333333331,0.24999999999999997,0.05977312128716586
1,19,0,3,0.125,1,3,1.0,0.0,0.12235998640853335,0.22395833333333331,0.296875,0.014488785294349008
1,19,1,0,0.625,3,0,1.0,0.0,0.04306083296429561,0.015624999999999991,0.3125,-0.0010052345466652808
1,19,1,1,0.125,1,1,0.0,0.091660055586513,0.091660055586513,0.08333333333333331,0.25,-0.0029802564902893024
1,19,1,2,0.125,3,3,0.0,0.0,0.0,0.09375,0.27604166666666663,0.008342871610096718
1,19,1,3,0.125,1,3,1.0,0.091660055586513,0.0,0.13020833333333331,0.48958333333333326,0.030568612980336963
1,19,2,0,0.125,0,0,0.0,0.06397994572101058,0.06397994572101058,0.359375,0.41145833333333326,-0.010588940986245533
1,19,2,1,0.125,1,1,0.0,0.0414784296250702,0.0414784296250702,0.16666666666666666,0.421875,0.04132917268717757
1,19,2,2,0.125,3,2,1.0,0.0,0.0811883515780887,0.07291666666666666,0.39062499999999994,0.02232210102168238
1,19,2,3,0.625,3,3,0.0,0.0,0.0,0.15625,0.33333333333333326,0.03969229722727686
1,19,3,0,0.125,0,0,0.0,0.06428977234143043,0.06428977234143043,0.421875,0.49479166666666663,0.029104621265158382
1,19,3,1,0.125,2,0,1.0,0.0,0.06428977234143043,0.26041666666666663,0.36979166666666663,-0.01749255586667347
1,19,3,2,0.625,2,2,0.0,0.0,0.0,0.23437499999999994,0.43749999999999994,0.07772269779632421
1,19,3,3,0.125,3,3,0.0,0.07325627828591147,0.07325627828591147,0.19791666666666666,0.34375,-0.0008589967813355792
1,20,0,0,0.125,0,0,0.0,0.0,0.0,0.2864583333333333,0.47916666666666663,0.038827772381430835
1,20,0,1,0.625,2,1,1.0,0.08628589100518792,0.03369710708483509,0.06770833333333331,0.3333333333333333,0.03827847561510755
1,20,0,2,0.125,1,2,1.0,0.03369710708483509,0.08628589100518792,0.26041666666666663,0.40104166666666663,0.04901466501298385
1,20,0,3,0.125,1,3,1.0,0.03369710708483509,0.08937495037631829,0.06770833333333333,0.34375,0.003961910445773194
1,20,1,0,0.625,2,0,1.0,0.008437755747623815,0.0285484755851102,0.03645833333333333,0.34895833333333326,0.0372719225121164
1,20,1,1,0.125,2,1,1.0,0.008437755747623815,0.01515709134348818,0.05729166666666668,0.328125,0.013532570548776457
1,20,1,2,0.125,2,1,1.0,0.008437755747623815,0.01515709134348818,0.11458333333333333,0.24999999999999997,0.028636650109811677
1,20,1,3,0.125,2,3,1.0,0.008437755747623815,0.0,0.057291666666666664,0.22916666666666666,0.016363336421367752
1,20,2,0,0.125,0,0,0.0,0.03138097000380083,0.03138097000380083,0.35416666666666663,0.4895833333333333,3.9896902089399076e-05
1,20,2,1,0.125,2,0,1.0,0.0,0.03138097000380083,0.031249999999999993,0.27604166666666663,-0.0029260389668167314
1,20,2,2,0.125,2,2,0.0,0.0,0.0,0.18749999999999997,0.42708333333333326,0.05996787589150908
1,20,2,3,0.625,1,3,1.0,0.10896321142015192,0.07770226381968642,-0.026041666666666668,0.21874999999999997,0.016044570567839426
1,20,3,0,0.125,0,0,0.0,0.006041522392347148,0.006041522392347148,0.296875,0.36979166666666663,0.020445629939329166
1,20,3,1,0.125,0,1,1.0,0.006041522392347148,0.06647348502865254,0.11458333333333331,0.23958333333333331,-0.0009400742168598942
1,20,3,2,0.625,3,2,1.0,0.007697197573296191,0.0,0.08333333333333331,0.3125,0.039466727806359465
1,20,3,3,0.125,1,3,1.0,0.06647348502865254,0.007697197573296191,-0.020833333333333336,0.3333333333333333,0.012129860196932712
1,21,0,0,0.125,2,0,1.0,0.0,0.07930493874767569,0.04687499999999999,0.36979166666666663,-0.028565904912179026
1,21,0,1,0.625,1,1,0.0,0.028343255756550417,0.028343255756550417,0.27604166666666663,0.453125,0.027064158576095048
1,21,0,2,0.125,2,2,0.0,0.0,0.0,0.328125,0.5,0.04466200949431837
1,21,0,3,0.125,0,2,1.0,0.07930493874767569,0.0,-0.031249999999999997,0.140625,-0.014902795411385466
1,21,1,0,0.625,0,0,0.0,0.004687139589341596,0.004687139589341596,0.3489583333333333,0.40625,0.01720229436717728
1,21,1,1,0.125,3,1,1.0,0.02460870143995217,0.022501935406956206,-0.09375,0.2708333333333333,-0.004568004964206143
1,21,1,2,0.125,3,1,1.0,0.02460870143995217,0.022501935406956206,0.03645833333333332,0.296875,0.06575326047493095
1,21,1,3,0.125,0,3,1.0,0.004687139589341596,0.02460870143995217,-0.11458333333333331,0.2864583333333333,0.01957762190318256
1,21,2,0,0.125,1,0,1.0,0.005073065043870034,0.0830479604448125,0.19270833333333331,0.40624999999999994,-0.013288210418761479
1,21,2,1,0.125,3,1,1.0,0.0,0.005073065043870034,0.09375,0.27604166666666663,0.018772897671499023
1,21,2,2,0.125,1,2,1.0,0.005073065043870034,0.04704009093010379,0.08854166666666667,0.4739583333333333,0.03488656000977618
1,21,2,3,0.625,1,3,1.0,0.005073065043870034,0.0,0.06770833333333333,0.42708333333333326,0.041354997785329646
1,21,3,0,0.125,1,0,1.0,0.004092569962750453,0.030960887352016603,0.36979166666666663,0.5052083333333333,0.01261263974929043
1,21,3,1,0.125,2,1,1.0,0.008354514079021325,0.004092569962750453,0.125,0.33854166666666663,0.01519065867258784
1,21,3,2,0.625,1,2,1.0,0.004092569962750453,0.008354514079021325,0.29166666666666663,0.40104166666666663,0.035398670704092104
1,21,3,3,0.125,3,3,0.0,0.0,0.0,0.203125,0.3802083333333333,0.010932900074889385
1,22,0,0,0.125,0,0,0.0,0.058841218583267726,0.058841218583267726,0.24479166666666666,0.46354166666666663,0.009413431446781511
1,22,0,1,0.625,1,1,0.0,0.04086499149135338,0.04086499149135338,0.22916666666666663,0.40104166666666663,0.03942750417215436
1,22,0,2,0.125,1,2,1.0,0.04086499149135338,0.0,0.27604166666666663,0.41666666666666663,0.06251197366650606
1,22,0,3,0.125,0,3,1.0,0.058841218583267726,0.06418695559350755,0.18229166666666669,0.3645833333333333,0.013725034200813137
1,22,1,0,0.625,1,0,1.0,0.0,0.05572368016303994,0.05208333333333331,0.4270833333333333,-0.02109778000316185
1,22,1,1,0.125,1,1,0.0,0.0,0.0,0.05729166666666666,0.25,0.0028837028621667028
1,22,1,2,0.125,1,2,1.0,0.0,0.03931634697120767,0.14583333333333331,0.43749999999999994,0.004064717787415498
1,22,1,3,0.125,1,3,1.0,0.0,0.019241138847729322,0.02604166666666666,0.25,0.006675718436493471
1,22,2,0,0.125,0,0,0.0,0.15653628320207597,0.15653628320207597,0.31770833333333326,0.3958333333333333,0.00874493833228196
1,22,2,1,0.125,2,1,1.0,0.0,0.11311060894492622,0.08854166666666666,0.296875,0.03286971815603641
1,22,2,2,0.125,2,2,0.0,0.0,0.0,0.203125,0.3958333333333333,0.08215687042943519
1,22,2,3,0.625,1,3,1.0,0.11311060894492622,0.07740049005003571,0.005208333333333327,0.30208333333333326,0.03681939499012145
1,22,3,0,0.125,3,0,1.0,0.0827236795498927,0.07272434106609194,0.057291666666666664,0.40625,-0.0013485677317657794
1,22,3,1,0.125,1,1,0.0,0.0,0.0,0.16666666666666666,0.38020833333333326,0.0377273261656495
1,22,3,2,0.625,1,1,0.0,0.0,0.0,0.3020833333333333,0.35416666666666663,0.03892542079151232
1,22,3,3,0.125,1,3,1.0,0.0,0.0827236795498927,0.036458333333333336,0.546875,0.019140445299143757
1,23,0,0,0.125,0,0,0.0,0.047279749086038284,0.047279749086038284,0.12499999999999997,0.390625,-0.013732074128275774
1,23,0,1,0.625,1,1,0.0,0.0,0.0,0.07291666666666666,0.296875,0.03183044708533976
1,23,0,2,0.125,1,3,1.0,0.0,0.03180194151210071,0.005208333333333329,0.109375,-0.02535159223196838
1,23,0,3,0.125,1,3,1.0,0.0,0.03180194151210071,0.27604166666666663,0.47916666666666663,0.03673422826135047
1,23,1,0,0.625,2,2,0.0,0.0,0.0,0.10416666666666666,0.17708333333333331,-0.009777765953680911
1,23,1,1,0.125,3,1,1.0,0.014183058132820836,0.08491483843962534,-0.03125,0.16145833333333331,-0.011244505078960248
1,23,1,2,0.125,3,2,1.0,0.014183058132820836,0.0,0.11458333333333333,0.34895833333333326,0.03277359248945104
1,23,1,3,0.125,0,3,1.0,0.1108635399669758,0.014183058132820836,0.07291666666666666,0.24479166666666663,0.02816779145146052
1,23,2,0,0.125,0,0,0.0,0.0013455861920216028,0.0013455861920216028,0.2708333333333333,0.359375,0.028249002827784024
1,23,2,1,0.125,1,1,0.0,0.0,0.0,0.13020833333333331,0.32291666666666663,0.039801811438561825
1,23,2,2,0.125,1,2,1.0,0.0,0.05627408303262252,0.21874999999999997,0.359375,0.03786113021752308
1,23,2,3,0.625,3,3,0.0,0.04723535837088472,0.04723535837088472,0.1875,0.5833333333333333,0.02157284968308513
1,23,3,0,0.125,3,3,0.0,0.0,0.0,0.06770833333333334,0.18229166666666666,0.0336262340363806
1,23,3,1,0.125,1,1,0.0,0.032362938747940106,0.032362938747940106,0.09375,0.15624999999999997,0.01714609642924814
1,23,3,2,0.625,1,2,1.0,0.032362938747940106,0.018072532049750206,0.19270833333333331,0.421875,0.011326059490646596
1,23,3,3,0.125,3,3,0.0,0.0,0.0,0.24479166666666663,0.49479166666666663,0.006296553327849604
1,24,0,0,0.125,3,0,1.0,0.004923317752368386,0.014408867064106212,0.10416666666666666,0.3489583333333333,0.008243259911823515
1,24,0,1,0.625,1,1,0.0,0.0,0.0,0.15104166666666663,0.3125,0.024240269834476087
1,24,0,2,0.125,1,1,0.0,0.0,0.0,0.1875,0.26041666666666663,0.03847526339286402
1,24,0,3,0.125,1,3,1.0,0.0,0.004923317752368386,0.10937499999999999,0.36458333333333326,0.025568253032913633
1,24,1,0,0.625,0,0,0.0,0.03932141863184521,0.03932141863184521,0.171875,0.38020833333333326,0.02516234760988131
1,24,1,1,0.125,2,2,0.0,0.0,0.0,-0.08854166666666667,0.265625,-0.011015856595637698
1,24,1,2,0.125,2,2,0.0,0.0,0.0,0.15625,0.47916666666666663,0.02924292951249405
1,24,1,3,0.125,3,3,0.0,0.043946985770953156,0.043946985770953156,0.11458333333333331,0.27604166666666663,-0.033515740488968666
1,24,2,0,0.125,2,0,1.0,0.035546632455322094,0.07960332193696826,-0.01041666666666667,0.19270833333333331,-0.02296180193709077
1,24,2,1,0.125,3,1,1.0,0.047398724629050246,0.0,0.08333333333333331,0.4114583333333333,0.038902536542931306
1,24,2,2,0.125,1,2,1.0,0.0,0.035546632455322094,0.26041666666666663,0.625,0.04105929348083622
1,24,2,3,0.625,3,3,0.0,0.047398724629050246,0.047398724629050246,0.2552083333333333,0.3958333333333333,-0.014808476174827848
1,24,3,0,0.125,3,0,1.0,0.042551630721099604,0.11136732237450508,0.35416666666666663,0.5052083333333333,-0.010094731405345034
1,24,3,1,0.125,1,1,0.0,0.1279634073361836,0.1279634073361836,0.22916666666666669,0.40625,0.012333215763961148
1,24,3,2,0.625,2,2,0.0,0.0,0.0,0.28124999999999994,0.42708333333333326,0.09495223128999415
1,24,3,3,0.125,1,3,1.0,0.1279634073361836,0.042551630721099604,0.09895833333333333,0.4114583333333333,0.0565207120313204
1,25,0,0,0.125,2,0,1.0,0.03288171383425682,0.04527917650109692,-0.13541666666666666,0.28125,0.02084631826699291
1,25,0,1,0.625,1,1,0.0,0.021180950230616724,0.021180950230616724,0.16666666666666666,0.375,0.037334771179763235
1,25,0,2,0.125,3,2,1.0,0.0,0.03288171383425682,0.031249999999999993,0.38020833333333326,0.022668902666403628
1,25,0,3,0.125,3,3,0.0,0.0,0.0,0.19270833333333331,0.40625,0.034662705113329466
1,25,1,0,0.625,3,0,1.0,0.0702131979990914,0.010400110355452852,-0.05208333333333334,0.38541666666666663,0.031086720264735128
1,25,1,1,0.125,1,1,0.0,0.0694706671364234,0.0694706671364234,0.0,0.13541666666666666,-0.006407051926528996
1,25,1,2,0.125,1,2,1.0,0.0694706671364234,0.0,0.14062499999999997,0.3125,0.05025881000620616
1,25,1,3,0.125,3,3,0.0,0.0702131979990914,0.0702131979990914,0.171875,0.41666666666666663,-0.03595099837894782
1,25,2,0,0.125,3,0,1.0,0.047099054832546575,0.09117367005705312,0.17708333333333331,0.41145833333333326,0.010982506568825334
1,25,2,1,0.125,2,1,1.0,0.0,0.07386786574569086,-0.08333333333333334,0.18229166666666666,-0.03547136004320792
1,25,2,2,0.125,2,2,0.0,0.0,0.0,0.13541666666666666,0.234375,0.024877539857380504
1,25,2,3,0.625,1,3,1.0,0.07386786574569086,0.047099054832546575,0.015624999999999997,0.22395833333333331,-0.01975677169056662
1,25,3,0,0.125,0,0,0.0,0.026626521051273208,0.026626521051273208,0.203125,0.3489583333333333,0.0022688055119807473
1,25,3,1,0.125,0,1,1.0,0.026626521051273208,0.0017917877713877206,-0.109375,0.2708333333333333,0.02123250027896914
1,25,3,2,0.625,1,1,0.0,0.0017917877713877206,0.0017917877713877206,-0.005208333333333332,0.15104166666666663,-0.003847773529391596
1,25,3,3,0.125,1,1,0.0,0.0017917877713877206,0.0017917877713877206,-0.03125000000000001,0.23958333333333331,0.015189437382768546
1,26,0,0,0.125,1,0,1.0,0.051191980537268936,0.12460982197241421,-0.010416666666666668,0.15104166666666666,-0.03972956432675716
1,26,0,1,0.625,3,1,1.0,0.01000262949926807,0.051191980537268936,0.07291666666666666,0.29166666666666663,-0.0002938670919781766
1,26,0,2,0.125,1,2,1.0,0.051191980537268936,0.0,0.2708333333333333,0.42187499999999994,0.06678949839468357
1,26,0,3,0.125,1,3,1.0,0.051191980537268936,0.01000262949926807,0.07291666666666666,0.30729166666666663,0.027828180934753848
1,26,1,0,0.625,0,0,0.0,0.04515497788062818,0.04515497788062818,0.33854166666666663,0.609375,-0.0030890751659581116
1,26,1,1,0.125,1,1,0.0,0.0,0.0,0.296875,0.484375,0.060794294782459755
1,26,1,2,0.125,1,2,1.0,0.0,0.0113463999051715,0.18749999999999997,0.35416666666666663,0.04796626506503829
1,26,1,3,0.125,2,3,1.0,0.0113463999051715,0.0645266125992365,0.11979166666666664,0.41666666666666663,0.008636605717068683
1,26,2,0,0.125,0,0,0.0,0.0014200215759032908,0.0014200215759032908,0.328125,0.5520833333333333,0.03383891672315581
1,26,2,1,0.125,2,1,1.0,0.0,0.05218825186264686,0.16666666666666666,0.3333333333333333,0.005438031386888694
1,26,2,2,0.125,1,2,1.0,0.05218825186264686,0.0,0.19791666666666666,0.33854166666666663,0.06981728493595153
1,26,2,3,0.625,2,1,1.0,0.0,0.05218825186264686,-0.06770833333333333,0.17187499999999997,-0.02232239011439848
1,26,3,0,0.125,0,0,0.0,0.016446034079631702,0.016446034079631702,0.0625,0.21875,-0.007384863184587589
1,26,3,1,0.125,1,1,0.0,0.0033127862975586564,0.0033127862975586564,0.24999999999999994,0.3958333333333333,0.02241777368919554
1,26,3,2,0.625,2,2,0.0,0.0,0.0,0.5260416666666666,0.609375,0.0824491965308143
1,26,3,3,0.125,0,3,1.0,0.016446034079631702,0.029959581693919116,0.17708333333333331,0.3333333333333333,0.0077821299057860335
1,27,0,0,0.125,2,0,1.0,0.0,0.11992193173977757,0.25520833333333326,0.43749999999999994,-0.0013630366084689735
1,27,0,1,0.625,2,2,0.0,0.0,0.0,0.09895833333333334,0.3333333333333333,0.03427813943526516
1,27,0,2,0.125,2,2,0.0,0.0,0.0,0.3489583333333333,0.390625,0.07660682669855315
1,27,0,3,0.125,1,3,1.0,0.09426897564979025,0.06281735912763567,0.13020833333333331,0.5,0.04566684033346318
1,27,1,0,0.625,3,0,1.0,0.039575988418783514,0.07137436515569061,0.36979166666666663,0.5572916666666666,-0.017378300978794236
1,27,1,1,0.125,2,1,1.0,0.0,0.052953466547348074,-0.08854166666666666,0.39583333333333326,-0.00667895500916288
1,27,1,2,0.125,3,2,1.0,0.039575988418783514,0.0,0.18229166666666663,0.296875,0.04742356063583379
1,27,1,3,0.125,3,3,0.0,0.039575988418783514,0.039575988418783514,0.16145833333333331,0.35416666666666663,-0.0016557890448102499
1,27,2,0,0.125,0,0,0.0,0.005473754506627321,0.005473754506627321,0.3645833333333333,0.5416666666666666,0.033833078950305934
1,27,2,1,0.125,2,1,1.0,0.016589802645904955,0.0,-0.010416666666666668,0.3333333333333333,0.003607882224231646
1,27,2,2,0.125,1,2,1.0,0.0,0.016589802645904955,0.15104166666666669,0.24479166666666666,0.02956657582873883
1,27,2,3,0.625,3,3,0.0,0.0630186232726381,0.0630186232726381,0.21875,0.3177083333333333,-0.0038889311402582746
1,27,3,0,0.125,0,0,0.0,0.0,0.0,0.4375,0.47916666666666663,0.02478846814066825
1,27,3,1,0.125,1,1,0.0,0.018934637543818897,0.018934637543818897,0.10937499999999997,0.2708333333333333,0.024852528191858275
1,27,3,2,0.625,1,2,1.0,0.018934637543818897,0.030515145304085264,-0.0052083333333333495,0.22916666666666666,0.017784483103232426
1,27,3,3,0.125,3,3,0.0,0.06801847971036779,0.06801847971036779,0.13020833333333331,0.3802083333333333,-0.039922391797602784
2,8,0,0,0.125,1,0,1.0,0.019806382912151366,0.010352842705621021,-0.10416666666666666,0.078125,-0.008640002541330884
2,8,0,1,0.625,1,1,0.0,0.019806382912151366,0.019806382912151366,0.10416666666666666,0.265625,-0.0008804204493871346
2,8,0,2,0.125,2,2,0.0,0.02000068989940161,0.02000068989940161,0.12499999999999999,0.1875,-0.0250075627901091
2,8,0,3,0.125,3,3,0.0,0.0,0.0,0.15624999999999997,0.20833333333333331,-0.01402277391957633
2,8,1,0,0.125,2,0,1.0,0.0,0.04497161138416422,-0.05729166666666667,0.375,0.04442018968062865
2,8,1,1,0.125,1,1,0.0,0.07557969076856054,0.07557969076856054,0.17708333333333331,0.3489583333333333,0.04157632728291466
2,8,1,2,0.125,2,2,0.0,0.0,0.0,0.2864583333333333,0.43229166666666663,0.046068205694469296
2,8,1,3,0.625,1,1,0.0,0.07557969076856054,0.07557969076856054,0.08854166666666664,0.16666666666666663,-0.011299747308826238
2,8,2,0,0.625,1,0,1.0,0.0,0.06619613437872579,-0.03125,0.09374999999999999,-0.01029802865637614
2,8,2,1,0.125,1,1,0.0,0.0,0.0,0.16666666666666666,0.359375,0.05242718083095102
2,8,2,2,0.125,2,2,0.0,0.01507151715053269,0.01507151715053269,0.40624999999999994,0.46354166666666663,0.038468242014176306
2,8,2,3,0.125,3,3,0.0,0.03286496861379727,0.03286496861379727,0.08854166666666666,0.17708333333333331,0.030507069211690503
2,8,3,0,0.125,1,0,1.0,0.0,0.0011187451540176363,0.02604166666666667,0.3489583333333333,0.01700554355327053
2,8,3,1,0.125,3,1,1.0,0.02519354385678163,0.0,0.10416666666666666,0.3020833333333333,0.031208819616363917
2,8,3,2,0.625,0,2,1.0,0.0011187451540176363,0.011024583561966478,0.03645833333333333,0.26041666666666663,0.033221899934385825
2,8,3,3,0.125,0,3,1.0,0.0011187451540176363,0.02519354385678163,0.109375,0.35416666666666663,0.020640484152971653
2,9,0,0,0.125,0,3,1.0,0.03142000483715332,0.02527525803827252,0.04687499999999999,0.14583333333333331,0.02670832762546544
2,9,0,1,0.625,2,1,1.0,0.0,0.018671351609253956,0.109375,0.47916666666666663,0.040502082207830345
2,9,0,2,0.125,0,3,1.0,0.03142000483715332,0.02527525803827252,-0.08854166666666666,0.16145833333333331,0.01998736404997898
2,9,0,3,0.125,2,3,1.0,0.0,0.02527525803827252,0.09895833333333333,0.24999999999999997,0.00970679677585801
2,9,1,0,0.125,3,0,1.0,0.017417643908871877,0.01575374570040869,-0.10416666666666666,0.109375,-0.025373002375581814
2,9,1,1,0.125,1,1,0.0,0.0,0.0,0.24479166666666666,0.390625,0.04404218906582271
2,9,1,2,0.125,2,2,0.0,0.029668606209220474,0.029668606209220474,0.09895833333333331,0.11979166666666666,-0.007371158080436058
2,9,1,3,0.625,0,3,1.0,0.01575374570040869,0.017417643908871877,0.18229166666666666,0.32291666666666663,-0.003106118619957787
2,9,2,0,0.625,1,0,1.0,0.0,0.054163562518616246,0.015625,0.3020833333333333,0.006793315108550125
2,9,2,1,0.125,2,1,1.0,0.04008927097731052,0.0,0.010416666666666663,0.40104166666666663,0.04943556127556649
2,9,2,2,0.125,2,2,0.0,0.04008927097731052,0.04008927097731052,0.2708333333333333,0.47395833333333326,0.03872489473868351
2,9,2,3,0.125,1,1,0.0,0.0,0.0,0.020833333333333325,0.234375,0.0249115885090106
2,9,3,0,0.125,1,0,1.0,0.025783601645264193,0.0,-0.06249999999999999,0.21354166666666666,0.01772550441356699
2,9,3,1,0.125,1,1,0.0,0.025783601645264193,0.025783601645264193,0.20833333333333331,0.3177083333333333,0.030837026058375343
2,9,3,2,0.625,0,2,1.0,0.0,0.07681340331617449,0.24479166666666666,0.32291666666666663,0.012427663729019925
2,9,3,3,0.125,0,1,1.0,0.0,0.025783601645264193,0.01562499999999999,0.17187499999999997,-0.003099913333126393
2,10,0,0,0.125,0,0,0.0,0.0,0.0,-3.469446951953614e-18,0.11979166666666666,0.01354026067324398
2,10,0,1,0.625,1,1,0.0,0.023492641385061866,0.023492641385061866,0.328125,0.44791666666666663,0.012312738261954668
2,10,0,2,0.125,0,1,1.0,0.0,0.023492641385061866,0.125,0.28125,0.056254764183553074
2,10,0,3,0.125,2,3,1.0,0.011218962756494005,0.006220601013700117,0.12499999999999999,0.171875,0.029105326076147083
2,10,1,0,0.125,1,0,1.0,0.00210746572030876,0.0,0.010416666666666675,0.22395833333333331,0.01360826662547778
2,10,1,1,0.125,1,1,0.0,0.00210746572030876,0.00210746572030876,0.140625,0.38541666666666663,0.06277743882604238
2,10,1,2,0.125,0,2,1.0,0.0,0.07860295115088493,-0.07291666666666666,0.36979166666666663,-0.04312804211756407
2,10,1,3,0.625,3,3,0.0,0.022973041051526005,0.022973041051526005,0.10416666666666666,0.15104166666666666,-0.005666180839605364
2,10,2,0,0.625,0,0,0.0,0.0,0.0,0.2708333333333333,0.3802083333333333,0.05892171018500776
2,10,2,1,0.125,1,1,0.0,0.04261374953188776,0.04261374953188776,0.21354166666666663,0.4270833333333333,0.02902300275692394
2,10,2,2,0.125,0,2,1.0,0.0,0.08662672145824461,-0.16145833333333331,0.4895833333333333,0.006661167954484089
2,10,2,3,0.125,1,3,1.0,0.04261374953188776,0.018635644658199335,0.1875,0.40104166666666663,0.0398439459858675
2,10,3,0,0.125,0,0,0.0,0.0,0.0,0.057291666666666664,0.265625,0.061535398895648914
2,10,3,1,0.125,1,1,0.0,0.07896461704995937,0.07896461704995937,0.3177083333333333,0.49479166666666663,0.012465336526346911
2,10,3,2,0.625,0,2,1.0,0.0,0.012973054760732239,0.36979166666666663,0.453125,0.02932935890580148
2,10,3,3,0.125,2,2,0.0,0.012973054760732239,0.012973054760732239,0.13541666666666666,0.2708333333333333,0.05699983118116451
2,11,0,0,0.125,0,0,0.0,0.0,0.0,0.10416666666666666,0.22916666666666663,0.02968192973445086
2,11,0,1,0.625,1,1,0.0,0.0012874419699366868,0.0012874419699366868,0.22395833333333331,0.43229166666666663,0.004368162094803312
2,11,0,2,0.125,0,2,1.0,0.0,0.011811312361876145,-0.20833333333333331,0.13541666666666666,-0.016130512902050007
2,11,0,3,0.125,3,3,0.0,0.010079294038472908,0.010079294038472908,0.18749999999999997,0.23958333333333331,0.031092574466801005
2,11,1,0,0.125,0,0,0.0,0.0,0.0,0.296875,0.4427083333333333,0.056761994742220115
2,11,1,1,0.125,1,1,0.0,0.055674024929911525,0.055674024929911525,0.18229166666666663,0.4427083333333333,0.04588137875978973
2,11,1,2,0.125,0,2,1.0,0.0,0.021140847432442822,0.171875,0.43229166666666663,0.041311563575842536
2,11,1,3,0.625,3,3,0.0,0.09170457771349416,0.09170457771349416,0.17187500000000003,0.23958333333333334,0.0009354965186067342
2,11,2,0,0.625,0,0,0.0,0.009342159549560594,0.009342159549560594,0.04166666666666666,0.32291666666666663,0.03085960423067328
2,11,2,1,0.125,1,1,0.0,0.040736008789545,0.040736008789545,0.13541666666666666,0.4114583333333333,0.027219147127416597
2,11,2,2,0.125,2,2,0.0,0.0,0.0,0.07291666666666666,0.17708333333333331,0.040345458836973165
2,11,2,3,0.125,3,3,0.0,0.03213686050182292,0.03213686050182292,0.1875,0.32291666666666663,0.017808745653050285
2,11,3,0,0.125,0,0,0.0,0.050414261437360816,0.050414261437360816,0.02604166666666666,0.13020833333333331,0.013451572190294029
2,11,3,1,0.125,1,1,0.0,0.015141493565655861,0.015141493565655861,0.17187499999999997,0.421875,0.06828239173822505
2,11,3,2,0.625,2,2,0.0,0.0,0.0,0.2864583333333333,0.41666666666666663,0.026210952490870673
2,11,3,3,0.125,2,2,0.0,0.0,0.0,0.16666666666666666,0.25,-0.01184227478183697
2,12,0,0,0.125,1,0,1.0,0.06360931638953211,0.0,-3.469446951953614e-18,0.13541666666666666,0.02612551640245993
2,12,0,1,0.625,1,1,0.0,0.06360931638953211,0.06360931638953211,0.26562499999999994,0.42708333333333326,0.03005348154528711
2,12,0,2,0.125,2,2,0.0,0.07079162474237252,0.07079162474237252,0.08854166666666666,0.21354166666666663,0.007298694409351507
2,12,0,3,0.125,0,3,1.0,0.0,0.11936471804556276,0.005208333333333329,0.18229166666666666,-0.06237933378712707
2,12,1,0,0.125,3,2,1.0,0.05687206428919167,0.08732074142561043,0.109375,0.29166666666666663,0.017877220243014257
2,12,1,1,0.125,1,1,0.0,0.0,0.0,0.140625,0.5833333333333333,0.06241350795303493
2,12,1,2,0.125,1,2,1.0,0.0,0.08732074142561043,-0.0625,0.20312499999999997,-0.020270853287241136
2,12,1,3,0.625,1,3,1.0,0.0,0.05687206428919167,0.078125,0.20312499999999997,0.042956417435195356
2,12,2,0,0.625,0,0,0.0,0.0,0.0,0.078125,0.17187499999999997,0.0666231972001798
2,12,2,1,0.125,1,1,0.0,0.10963731148080806,0.10963731148080806,0.04687500000000001,0.21874999999999997,0.007165332779999802
2,12,2,2,0.125,0,2,1.0,0.0,0.05116394851150177,0.078125,0.3333333333333333,0.03324466113697043
2,12,2,3,0.125,3,3,0.0,0.056074294336108665,0.056074294336108665,0.24479166666666666,0.3333333333333333,0.006536921963256299
2,12,3,0,0.125,0,0,0.0,0.0,0.0,0.13541666666666666,0.39062499999999994,0.05301327798656965
2,12,3,1,0.125,0,1,1.0,0.0,0.12450335537205523,0.3177083333333333,0.49479166666666663,0.014470181837622699
2,12,3,2,0.625,2,2,0.0,0.05776104206115204,0.05776104206115204,0.25,0.359375,0.02646008112598251
2,12,3,3,0.125,3,3,0.0,0.040541736525253114,0.040541736525253114,0.07291666666666664,0.328125,0.030208277671859202
2,13,0,0,0.125,1,0,1.0,0.0,0.04721533986245764,0.19791666666666666,0.38020833333333326,0.03962080669085353
2,13,0,1,0.625,1,1,0.0,0.0,0.0,0.23437499999999997,0.46354166666666663,0.057761024520226335
2,13,0,2,0.125,2,1,1.0,0.009637020788645506,0.0,0.036458333333333315,0.3177083333333333,0.029189685722340923
2,13,0,3,0.125,2,3,1.0,0.009637020788645506,0.04136688668504081,0.24479166666666666,0.328125,0.01930976937000769
2,13,1,0,0.125,0,0,0.0,0.0,0.0,-0.05208333333333333,0.10416666666666666,0.022338381453338614
2,13,1,1,0.125,1,1,0.0,0.012889766646131978,0.012889766646131978,0.20833333333333331,0.4114583333333333,0.03915895242808519
2,13,1,2,0.125,0,2,1.0,0.0,0.06410265792456718,-3.469446951953614e-18,0.3125,-0.0073570287503242696
2,13,1,3,0.625,3,3,0.0,0.006708947690540701,0.006708947690540701,0.15625,0.296875,0.014940715394421756
2,13,2,0,0.625,0,0,0.0,0.0,0.0,-0.005208333333333332,0.32291666666666663,0.06480694428153455
2,13,2,1,0.125,3,1,1.0,0.05121667849651408,0.018330391576585447,0.041666666666666664,0.28125,0.03294596842619763
2,13,2,2,0.125,0,2,1.0,0.0,0.036352652813312306,0.05729166666666666,0.16666666666666666,0.00810223976606805
2,13,2,3,0.125,2,3,1.0,0.036352652813312306,0.05121667849651408,0.13541666666666666,0.22916666666666663,-0.0011544766497391568
2,13,3,0,0.125,1,0,1.0,0.0,0.02598336980348867,0.046875,0.23958333333333331,0.0427145164385944
2,13,3,1,0.125,1,1,0.0,0.0,0.0,0.140625,0.3802083333333333,0.05642630736084863
2,13,3,2,0.625,2,2,0.0,0.13229807165772128,0.13229807165772128,0.13541666666666666,0.33854166666666663,0.013690595799870715
2,13,3,3,0.125,3,3,0.0,0.10828693597012908,0.10828693597012908,0.28125,0.3802083333333333,0.006749382314762978
2,14,0,0,0.125,3,0,1.0,0.00815543112389605,0.0,-0.041666666666666664,0.1875,0.04467101613924805
2,14,0,1,0.625,1,1,0.0,0.013022838223324507,0.013022838223324507,0.16666666666666663,0.43229166666666663,0.0188036374546102
2,14,0,2,0.125,0,2,1.0,0.0,0.03725740938436922,0.09895833333333333,0.515625,0.01923715948375302
2,14,0,3,0.125,3,3,0.0,0.00815543112389605,0.00815543112389605,0.13020833333333331,0.28125,0.03312996585986529
2,14,1,0,0.125,2,3,1.0,0.0,0.035851735253891015,0.005208333333333332,0.19791666666666666,0.017942681960442932
2,14,1,1,0.125,1,1,0.0,0.042006556614950175,0.042006556614950175,0.44791666666666663,0.5260416666666666,0.05374780812118949
2,14,1,2,0.125,2,2,0.0,0.0,0.0,0.09895833333333333,0.33854166666666663,0.03973093972211778
2,14,1,3,0.625,2,0,1.0,0.0,0.04557663089421336,0.08333333333333331,0.23958333333333331,0.018604892810918008
2,14,2,0,0.625,0,0,0.0,0.053737898483371536,0.053737898483371536,0.125,0.3020833333333333,-0.024189874739976337
2,14,2,1,0.125,1,1,0.0,0.006995268735465521,0.006995268735465521,0.23958333333333331,0.45833333333333326,0.04424395744225807
2,14,2,2,0.125,2,2,0.0,0.0,0.0,0.005208333333333329,0.296875,0.026134202440447545
2,14,2,3,0.125,2,3,1.0,0.0,0.00040873081653128307,0.21875,0.2864583333333333,0.026636682840043106
2,14,3,0,0.125,2,0,1.0,0.002769648718792206,0.0,0.08333333333333333,0.39583333333333326,0.05623505128578689
2,14,3,1,0.125,1,1,0.0,0.008405381002227291,0.008405381002227291,0.3333333333333333,0.6354166666666666,0.04262897823061379
2,14,3,2,0.625,2,2,0.0,0.002769648718792206,0.002769648718792206,0.39583333333333326,0.41666666666666663,0.04636568403994098
2,14,3,3,0.125,3,3,0.0,0.09837050627890277,0.09837050627890277,0.06770833333333331,0.32291666666666663,-0.00690334474416542
2,15,0,0,0.125,2,2,0.0,0.048763845357281024,0.048763845357281024,0.0,0.09375,0.01563896231315083
2,15,0,1,0.625,1,1,0.0,0.0,0.0,0.4427083333333333,0.5572916666666666,0.03615964438166671
2,15,0,2,0.125,1,2,1.0,0.0,0.048763845357281024,-0.07291666666666666,0.359375,0.021951680163948533
2,15,0,3,0.125,3,3,0.0,0.09000214212593252,0.09000214212593252,0.296875,0.375,-0.012213699800466396
2,15,1,0,0.125,1,3,1.0,0.0,0.09466716600672534,-0.052083333333333336,0.11458333333333331,0.025488703123021473
2,15,1,1,0.125,1,1,0.0,0.0,0.0,0.04166666666666665,0.33854166666666663,0.0626099399821622
2,15,1,2,0.125,0,1,1.0,0.03747215298083212,0.0,0.06770833333333333,0.3020833333333333,0.032386063676900924
2,15,1,3,0.625,3,3,0.0,0.09466716600672534,0.09466716600672534,0.18749999999999997,0.33854166666666663,-0.008855465643212029
2,15,2,0,0.625,0,0,0.0,0.0,0.0,0.09895833333333333,0.24479166666666663,0.030388393372535436
2,15,2,1,0.125,0,1,1.0,0.0,0.03183248598715133,0.234375,0.4375,0.04962478028790017
2,15,2,2,0.125,0,2,1.0,0.0,0.09139746692399882,0.1875,0.3333333333333333,-0.001824446730692985
2,15,2,3,0.125,3,3,0.0,0.00981683673841982,0.00981683673841982,0.23958333333333331,0.359375,0.026278793602303386
2,15,3,0,0.125,2,0,1.0,0.005096437299961759,0.0,-0.05729166666666667,0.11979166666666666,0.01979220827285437
2,15,3,1,0.125,1,1,0.0,0.0016193579624564358,0.0016193579624564358,0.20833333333333331,0.3645833333333333,0.030462157076550537
2,15,3,2,0.625,0,2,1.0,0.0,0.005096437299961759,0.13541666666666666,0.30729166666666663,0.018837295237382385
2,15,3,3,0.125,3,3,0.0,0.05751514175126621,0.05751514175126621,0.23958333333333331,0.28645833333333326,-0.03480932563554974
2,16,0,0,0.125,0,0,0.0,0.09836744335696242,0.09836744335696242,0.3125,0.59375,0.013129683413035912
2,16,0,1,0.625,1,1,0.0,0.03086258483210183,0.03086258483210183,0.3177083333333333,0.48958333333333326,0.06106705835522026
2,16,0,2,0.125,2,2,0.0,0.0,0.0,0.13541666666666666,0.5520833333333333,0.060595413034075854
2,16,0,3,0.125,1,2,1.0,0.03086258483210183,0.0,-0.13020833333333331,0.15104166666666663,0.02212426018210361
2,16,1,0,0.125,1,0,1.0,0.022144141448010732,0.01104921126800082,0.08333333333333333,0.27604166666666663,0.037581780566215243
2,16,1,1,0.125,1,1,0.0,0.022144141448010732,0.022144141448010732,0.22916666666666663,0.36979166666666663,0.04541184939106243
2,16,1,2,0.125,3,2,1.0,0.0,0.09752363211684602,-0.052083333333333336,0.3802083333333333,-0.042962741101641534
2,16,1,3,0.625,3,3,0.0,0.0,0.0,0.11979166666666666,0.21874999999999997,0.022083311624976277
2,16,2,0,0.625,0,0,0.0,0.0,0.0,-0.03645833333333334,0.2552083333333333,0.04148614244894142
2,16,2,1,0.125,1,1,0.0,0.12014065044799553,0.12014065044799553,0.18229166666666666,0.36979166666666663,0.024196083908452744
2,16,2,2,0.125,0,0,0.0,0.0,0.0,-0.005208333333333346,0.140625,-0.04831910074706668
2,16,2,3,0.125,2,2,0.0,0.11742924386677266,0.11742924386677266,0.171875,0.21874999999999997,-0.010568128722485368
2,16,3,0,0.125,2,2,0.0,0.0,0.0,-0.015625,0.125,0.021884216727878263
2,16,3,1,0.125,0,0,0.0,0.04351238282222897,0.04351238282222897,0.13541666666666669,0.21354166666666666,-0.01856755318013299
2,16,3,2,0.625,2,2,0.0,0.0,0.0,0.11979166666666666,0.34375,0.020046302008522993
2,16,3,3,0.125,3,3,0.0,0.015521173531109822,0.015521173531109822,0.0625,0.14583333333333331,0.025701199324511453
2,17,0,0,0.125,0,0,0.0,0.0,0.0,0.06770833333333333,0.3177083333333333,0.046964555574987445
2,17,0,1,0.625,1,1,0.0,0.055067415489761545,0.055067415489761545,0.27604166666666663,0.3489583333333333,-0.01567185256319881
2,17,0,2,0.125,0,2,1.0,0.0,0.03631496907481681,-0.010416666666666666,0.203125,0.006419149997090214
2,17,0,3,0.125,2,3,1.0,0.03631496907481681,0.01607264110901896,0.005208333333333332,0.21354166666666663,0.04524993350785585
2,17,1,0,0.125,1,0,1.0,0.0,0.005529061369290891,0.078125,0.16666666666666666,0.04515609364444767
2,17,1,1,0.125,1,1,0.0,0.0,0.0,0.16145833333333331,0.37499999999999994,0.03885129859119029
2,17,1,2,0.125,2,2,0.0,0.006762483043922768,0.006762483043922768,0.11979166666666666,0.23958333333333331,0.017886720773264028
2,17,1,3,0.625,3,3,0.0,0.03380547664998976,0.03380547664998976,0.2708333333333333,0.296875,-0.01064792011086487
2,17,2,0,0.625,2,0,1.0,0.012999471670253962,0.02684027128962793,8.673617379884035e-19,0.171875,-0.0010945091963559448
2,17,2,1,0.125,1,1,0.0,0.04572877973517915,0.04572877973517915,0.296875,0.3958333333333333,0.0173169324087609
2,17,2,2,0.125,0,2,1.0,0.02684027128962793,0.012999471670253962,0.026041666666666664,0.16145833333333331,0.016625253979245306
2,17,2,3,0.125,3,3,0.0,0.0,0.0,0.1875,0.265625,0.027683575918853516
2,17,3,0,0.125,0,0,0.0,0.0,0.0,0.08333333333333333,0.18229166666666666,0.027340084833313145
2,17,3,1,0.125,0,1,1.0,0.0,0.027962687034341543,0.14583333333333334,0.484375,0.009849844687033845
2,17,3,2,0.625,2,2,0.0,0.0090911018569943,0.0090911018569943,0.3020833333333333,0.671875,0.0332432587971639
2,17,3,3,0.125,3,3,0.0,0.052479329126962806,0.052479329126962806,0.26562499999999994,0.5104166666666666,0.0006952856197766686
2,18,0,0,0.125,2,0,1.0,0.0,0.010574860563819483,-0.02083333333333333,0.25,0.0014067919421761877
2,18,0,1,0.625,1,1,0.0,0.04004538807712016,0.04004538807712016,0.08854166666666666,0.3177083333333333,0.020763234549162554
2,18,0,2,0.125,0,0,0.0,0.010574860563819483,0.010574860563819483,0.078125,0.24999999999999997,0.020497570134269873
2,18,0,3,0.125,3,3,0.0,0.03649482111417915,0.03649482111417915,0.296875,0.38541666666666663,-0.016323707268495788
2,18,1,0,0.125,0,0,0.0,0.0,0.0,0.11979166666666666,0.3177083333333333,0.04609388771644616
2,18,1,1,0.125,1,1,0.0,0.0657382476522685,0.0657382476522685,0.24999999999999997,0.4114583333333333,0.026620232467614847
2,18,1,2,0.125,0,2,1.0,0.0,0.017372451736862166,0.33854166666666663,0.40104166666666663,0.04735304501607548
2,18,1,3,0.625,0,3,1.0,0.0,0.1061301536390643,0.16145833333333331,0.2552083333333333,-0.010158044686372946
2,18,2,0,0.625,2,0,1.0,0.014385100605280143,0.0,-0.010416666666666664,0.33854166666666663,0.05685635829313367
2,18,2,1,0.125,1,1,0.0,0.10392008787421807,0.10392008787421807,0.17708333333333331,0.4583333333333333,0.04875199653844559
2,18,2,2,0.125,0,2,1.0,0.0,0.014385100605280143,0.42187499999999994,0.6927083333333333,0.061716222978998925
2,18,2,3,0.125,0,0,0.0,0.0,0.0,0.13020833333333331,0.16666666666666669,0.02812168282845914
2,18,3,0,0.125,0,0,0.0,0.0,0.0,0.23958333333333331,0.3333333333333333,0.03366151980000265
2,18,3,1,0.125,0,1,1.0,0.0,0.03623083746311276,0.140625,0.30729166666666663,0.03413542915157492
2,18,3,2,0.625,0,0,0.0,0.0,0.0,0.1875,0.46354166666666663,-0.008507100188145855
2,18,3,3,0.125,3,3,0.0,0.07574743436362374,0.07574743436362374,0.20312499999999997,0.29166666666666663,-0.00140128386643524
2,19,0,0,0.125,3,0,1.0,0.09007125808988753,0.05278782951845447,-0.010416666666666671,0.203125,-0.016739260536381355
2,19,0,1,0.625,1,1,0.0,0.0,0.0,0.21354166666666663,0.45312499999999994,0.03802791134835586
2,19,0,2,0.125,2,2,0.0,0.07537927468747953,0.07537927468747953,0.04687499999999999,0.19270833333333331,0.01751637524802395
2,19,0,3,0.125,0,1,1.0,0.05278782951845447,0.0,0.15625,0.38020833333333326,0.0027408365741072773
2,19,1,0,0.125,1,0,1.0,0.0,0.11985592286370464,0.08333333333333333,0.2552083333333333,-0.023557017832701435
2,19,1,1,0.125,1,1,0.0,0.0,0.0,0.05729166666666666,0.23958333333333331,0.04635644193873064
2,19,1,2,0.125,1,1,0.0,0.0,0.0,0.06770833333333333,0.17708333333333331,-0.01246986607550913
2,19,1,3,0.625,2,3,1.0,0.09651484846161082,0.11569449304054102,0.08854166666666666,0.1875,-0.017401487304261002
2,19,2,0,0.625,2,1,1.0,0.02979578365923692,0.020737046816720117,0.06770833333333333,0.16666666666666666,0.06609306232278371
2,19,2,1,0.125,1,1,0.0,0.020737046816720117,0.020737046816720117,0.2552083333333333,0.47395833333333326,0.05563199669485939
2,19,2,2,0.125,0,2,1.0,0.0,0.02979578365923692,0.01041666666666667,0.38020833333333326,0.04284150780873246
2,19,2,3,0.125,0,3,1.0,0.0,0.1272394128634448,0.17708333333333334,0.296875,-0.04511145920228798
2,19,3,0,0.125,0,0,0.0,0.03277229773494737,0.03277229773494737,0.13020833333333331,0.23437499999999997,0.010133359084879938
2,19,3,1,0.125,1,1,0.0,0.0,0.0,0.11458333333333333,0.578125,0.06561168789291015
2,19,3,2,0.625,0,0,0.0,0.03277229773494737,0.03277229773494737,0.234375,0.38541666666666663,0.004507071999382483
2,19,3,3,0.125,1,3,1.0,0.0,0.07126872363746484,0.036458333333333315,0.14583333333333331,-0.015346220929262192
2,20,0,0,0.125,1,1,0.0,0.0,0.0,0.005208333333333329,0.12499999999999999,0.015359840741780153
2,20,0,1,0.625,1,1,0.0,0.0,0.0,0.203125,0.5520833333333333,0.04366710566710169
2,20,0,2,0.125,0,1,1.0,0.06325539465566819,0.0,0.03125,0.33333333333333326,0.04955671128530649
2,20,0,3,0.125,2,3,1.0,0.017004035627362704,0.04296411581263189,0.14583333333333331,0.41666666666666663,0.03394278439779791
2,20,1,0,0.125,0,3,1.0,0.0,0.02401101098110045,0.07812499999999999,0.16145833333333331,0.04486222602627896
2,20,1,1,0.125,0,2,1.0,0.0,0.03610716812229277,-0.09375,0.24999999999999997,0.00370410826325497
2,20,1,2,0.125,0,2,1.0,0.0,0.03610716812229277,0.08333333333333333,0.21875,0.002295722654522721
2,20,1,3,0.625,2,2,0.0,0.03610716812229277,0.03610716812229277,0.19791666666666666,0.28125,0.019801184838711083
2,20,2,0,0.625,1,0,1.0,0.012214772282023112,0.004771657393169093,-0.046875,0.34375,0.05636498887842407
2,20,2,1,0.125,1,1,0.0,0.012214772282023112,0.012214772282023112,0.2864583333333333,0.49479166666666663,0.04584125839296548
2,20,2,2,0.125,0,2,1.0,0.004771657393169093,0.0,0.22916666666666666,0.59375,0.03863976993492053
2,20,2,3,0.125,2,1,1.0,0.0,0.012214772282023112,0.11458333333333333,0.2552083333333333,-0.00887952218650964
2,20,3,0,0.125,1,0,1.0,0.049603644575280714,0.0,0.11458333333333333,0.265625,0.04776939651925315
2,20,3,1,0.125,1,1,0.0,0.049603644575280714,0.049603644575280714,0.3333333333333333,0.46875,0.05185683737278608
2,20,3,2,0.625,2,2,0.0,0.1395526568880039,0.1395526568880039,0.38541666666666663,0.40624999999999994,-0.013895428920750855
2,20,3,3,0.125,3,0,1.0,0.08654892644598905,0.0,0.046874999999999986,0.17708333333333331,0.04230772394694456
2,21,0,0,0.125,0,0,0.0,0.0,0.0,0.05208333333333333,0.3333333333333333,0.03644218426482708
2,21,0,1,0.625,1,1,0.0,0.06042060782342705,0.06042060782342705,0.26041666666666663,0.515625,-0.004196273234796326
2,21,0,2,0.125,0,2,1.0,0.0,0.007121687239559887,-0.171875,0.453125,0.019142511345801763
2,21,0,3,0.125,3,3,0.0,0.029557504727123707,0.029557504727123707,0.17708333333333331,0.328125,0.02910368199220916
2,21,1,0,0.125,2,0,1.0,0.0,0.08925862051034654,-6.938893903907228e-18,0.19791666666666663,0.006423552070359992
2,21,1,1,0.125,2,2,0.0,0.0,0.0,-0.05208333333333334,0.20833333333333334,-0.0003526975406463116
2,21,1,2,0.125,2,2,0.0,0.0,0.0,0.28125,0.4375,0.04910940850501524
2,21,1,3,0.625,3,3,0.0,0.014068579813986182,0.014068579813986182,0.15104166666666666,0.28125,0.007131976389032164
2,21,2,0,0.625,0,0,0.0,0.04812124103797434,0.04812124103797434,0.14583333333333331,0.32291666666666663,0.02609107245468558
2,21,2,1,0.125,1,1,0.0,0.017335525583088207,0.017335525583088207,0.3333333333333333,0.546875,0.059570737872551086
2,21,2,2,0.125,0,2,1.0,0.04812124103797434,0.0,-0.04166666666666667,0.28125,0.015369914020500378
2,21,2,3,0.125,3,3,0.0,0.04401087698578118,0.04401087698578118,0.21354166666666666,0.29166666666666663,0.030283554016973118
2,21,3,0,0.125,0,0,0.0,0.0,0.0,0.15625,0.28125,0.025737034719732137
2,21,3,1,0.125,0,1,1.0,0.0,0.05337267821012938,0.036458333333333315,0.38020833333333326,0.04419701975100298
2,21,3,2,0.625,2,2,0.0,0.0026008041803136095,0.0026008041803136095,0.36458333333333326,0.421875,0.03297560498832437
2,21,3,3,0.125,3,3,0.0,0.03076429925984589,0.03076429925984589,0.078125,0.3125,0.0016659669068730208
2,22,0,0,0.125,1,3,1.0,0.03889932936088068,0.019349981471345784,0.05729166666666666,0.125,0.033080095563383566
2,22,0,1,0.625,1,1,0.0,0.03889932936088068,0.03889932936088068,0.171875,0.36458333333333326,-0.010939714193444212
2,22,0,2,0.125,0,0,0.0,0.0,0.0,-0.06770833333333333,0.18229166666666663,-0.028417745879608807
2,22,0,3,0.125,1,3,1.0,0.03889932936088068,0.019349981471345784,0.06770833333333331,0.17187499999999997,0.013497561060468899
2,22,1,0,0.125,3,0,1.0,0.05576494909928735,0.044106096728382393,-0.041666666666666664,0.3645833333333333,0.025574794111944067
2,22,1,1,0.125,1,1,0.0,0.0,0.0,0.29166666666666663,0.5260416666666666,0.08264470560438367
2,22,1,2,0.125,2,2,0.0,0.0325276577985294,0.0325276577985294,0.2708333333333333,0.30729166666666663,0.0256600009422643
2,22,1,3,0.625,3,3,0.0,0.05576494909928735,0.05576494909928735,0.19270833333333331,0.203125,-0.02049662899020885
2,22,2,0,0.625,0,0,0.0,0.0,0.0,0.015624999999999986,0.296875,0.03221558773330735
2,22,2,1,0.125,0,0,0.0,0.0,0.0,0.19791666666666666,0.41666666666666663,0.012740129336519706
2,22,2,2,0.125,2,2,0.0,0.12448774202145117,0.12448774202145117,0.3125,0.5416666666666666,0.027072690100590262
2,22,2,3,0.125,3,3,0.0,0.11851869282659663,0.11851869282659663,0.13541666666666663,0.296875,0.01333678563835968
2,22,3,0,0.125,2,0,1.0,0.0,0.039342647992689966,-0.015625,0.30729166666666663,0.06115273241455002
2,22,3,1,0.125,1,1,0.0,0.09522099185408477,0.09522099185408477,0.4114583333333333,0.4739583333333333,-0.0014405286309033662
2,22,3,2,0.625,0,2,1.0,0.039342647992689966,0.0,0.06770833333333333,0.296875,0.06705217838852204
2,22,3,3,0.125,3,3,0.0,0.09562490473806948,0.09562490473806948,0.11458333333333331,0.19270833333333331,0.014629509270745229
2,23,0,0,0.125,0,0,0.0,0.006879312864071119,0.006879312864071119,0.13541666666666666,0.3958333333333333,0.04805366826576736
2,23,0,1,0.625,1,1,0.0,0.0,0.0,0.21875,0.39062499999999994,0.05454334262349757
2,23,0,2,0.125,2,2,0.0,0.01896518258811744,0.01896518258811744,0.296875,0.40625,0.04902296208349076
2,23,0,3,0.125,3,3,0.0,0.013330535304885954,0.013330535304885954,0.2552083333333333,0.36458333333333337,0.03083078753031002
2,23,1,0,0.125,3,1,1.0,0.0,0.02135675273992166,-0.109375,0.041666666666666664,-0.025658347084250802
2,23,1,1,0.125,1,1,0.0,0.02135675273992166,0.02135675273992166,0.27604166666666663,0.36979166666666663,0.03568204353255336
2,23,1,2,0.125,2,2,0.0,0.0363816363170531,0.0363816363170531,0.10416666666666663,0.3489583333333333,0.019027482957876676
2,23,1,3,0.625,0,3,1.0,0.06635893150691115,0.0,0.05729166666666666,0.2864583333333333,0.00572158558270763
2,23,2,0,0.625,0,2,1.0,0.053078275917696816,0.0,0.15104166666666669,0.3333333333333333,-0.01923640402339846
2,23,2,1,0.125,1,1,0.0,0.03295438031437413,0.03295438031437413,0.3020833333333333,0.49479166666666663,0.03540293218918148
2,23,2,2,0.125,0,2,1.0,0.053078275917696816,0.0,-0.026041666666666668,0.296875,0.0024241672060189372
2,23,2,3,0.125,2,3,1.0,0.0,0.009482017740771634,0.09375,0.19270833333333331,0.03379380115754574
2,23,3,0,0.125,1,0,1.0,0.013957841401109283,0.0,-0.005208333333333335,0.13541666666666666,0.03718968640806579
2,23,3,1,0.125,1,1,0.0,0.013957841401109283,0.013957841401109283,0.140625,0.265625,0.018783846166423288
2,23,3,2,0.625,0,2,1.0,0.0,0.06914421550555884,0.010416666666666661,0.23437499999999997,-0.05605811489248215
2,23,3,3,0.125,3,3,0.0,0.07402731158933872,0.07402731158933872,0.15104166666666666,0.30729166666666663,-0.013112174136779679
2,24,0,0,0.125,0,0,0.0,0.0,0.0,0.21354166666666666,0.3802083333333333,0.03788589197760771
2,24,0,1,0.625,1,1,0.0,0.0261267940120897,0.0261267940120897,0.10416666666666666,0.296875,0.026826928879098946
2,24,0,2,0.125,0,2,1.0,0.0,0.11699894676470672,-0.16145833333333331,0.10416666666666666,-0.024451236322804267
2,24,0,3,0.125,1,3,1.0,0.0261267940120897,0.08273697359628918,0.11458333333333331,0.24999999999999997,-0.023121936031180075
2,24,1,0,0.125,0,0,0.0,0.015014722454812668,0.015014722454812668,0.27604166666666663,0.375,0.06952441320829066
2,24,1,1,0.125,2,1,1.0,0.026811723716538824,0.0,0.0,0.421875,0.037830851137762835
2,24,1,2,0.125,0,2,1.0,0.015014722454812668,0.026811723716538824,0.06770833333333333,0.3125,0.012755996452836652
2,24,1,3,0.625,3,3,0.0,0.0022446668331912167,0.0022446668331912167,0.27604166666666663,0.44791666666666663,0.024045707564110393
2,24,2,0,0.625,1,0,1.0,0.048581588134533824,0.0,-0.07291666666666667,0.17708333333333331,0.027672580700367516
2,24,2,1,0.125,1,1,0.0,0.048581588134533824,0.048581588134533824,0.14583333333333331,0.34375,0.04253211171810085
2,24,2,2,0.125,0,0,0.0,0.0,0.0,0.07291666666666666,0.16666666666666666,0.002134498671257576
2,24,2,3,0.125,2,0,1.0,0.038154600810461514,0.0,0.03645833333333333,0.11458333333333333,0.011000149350779262
2,24,3,0,0.125,1,0,1.0,0.09205087875779043,0.005412650737158825,-0.026041666666666664,0.11458333333333333,0.0327939331792571
2,24,3,1,0.125,1,2,1.0,0.09205087875779043,0.003580840067718999,0.11979166666666666,0.22395833333333331,-0.003039398010088307
2,24,3,2,0.625,0,2,1.0,0.005412650737158825,0.003580840067718999,0.29166666666666663,0.38541666666666663,0.05060740900260184
2,24,3,3,0.125,2,2,0.0,0.003580840067718999,0.003580840067718999,0.18229166666666663,0.38020833333333326,0.024701810839261748
2,25,0,0,0.125,1,0,1.0,0.08481237665292525,0.09754159992944333,-0.015625,0.041666666666666664,0.007392915800413399
2,25,0,1,0.625,1,1,0.0,0.08481237665292525,0.08481237665292525,0.2552083333333333,0.328125,0.04247010028630782
2,25,0,2,0.125,2,2,0.0,0.0,0.0,0.11979166666666666,0.22916666666666663,0.042734073484497336
2,25,0,3,0.125,0,3,1.0,0.09754159992944333,0.11991693948887186,0.07291666666666667,0.10416666666666666,-0.031037920203714292
2,25,1,0,0.125,0,0,0.0,0.0,0.0,-0.020833333333333332,0.18229166666666666,0.05870786874005325
2,25,1,1,0.125,1,1,0.0,0.043762323851245705,0.043762323851245705,0.23958333333333331,0.3958333333333333,0.05021741818658018
2,25,1,2,0.125,0,0,0.0,0.0,0.0,0.11979166666666666,0.234375,0.04760191800371341
2,25,1,3,0.625,1,1,0.0,0.043762323851245705,0.043762323851245705,0.2552083333333333,0.2864583333333333,-0.010451216566490666
2,25,2,0,0.625,2,0,1.0,0.030180573023882398,0.04089594200067388,0.06770833333333334,0.203125,-0.010821600236310479
2,25,2,1,0.125,1,1,0.0,0.06773001752460539,0.06773001752460539,0.22916666666666669,0.43229166666666663,0.014105390242070196
2,25,2,2,0.125,0,2,1.0,0.04089594200067388,0.030180573023882398,-0.078125,0.38541666666666663,-0.012807839225515231
2,25,2,3,0.125,3,3,0.0,0.0,0.0,0.03645833333333333,0.18229166666666663,0.016003921850519458
2,25,3,0,0.125,0,0,0.0,0.0,0.0,0.015624999999999993,0.31770833333333326,0.03285941917245203
2,25,3,1,0.125,1,2,1.0,0.10832894169164069,0.021716505508316802,0.140625,0.18749999999999997,-0.01753029970246615
2,25,3,2,0.625,2,2,0.0,0.021716505508316802,0.021716505508316802,0.21354166666666663,0.29166666666666663,0.018308390983384545
2,25,3,3,0.125,2,2,0.0,0.021716505508316802,0.021716505508316802,0.08854166666666666,0.140625,-0.006482824945603513
2,26,0,0,0.125,1,0,1.0,0.03883188563689907,0.0,0.010416666666666664,0.15104166666666666,0.003974719082380579
2,26,0,1,0.625,1,1,0.0,0.03883188563689907,0.03883188563689907,0.07291666666666664,0.234375,-0.004868193775923513
2,26,0,2,0.125,0,0,0.0,0.0,0.0,-0.078125,0.06770833333333333,-0.05848953635075929
2,26,0,3,0.125,0,3,1.0,0.0,0.061522533597552095,0.078125,0.171875,0.007422561432500266
2,26,1,0,0.125,1,0,1.0,0.0,0.002149116318935884,-0.03645833333333334,0.17708333333333331,0.03284076080261381
2,26,1,1,0.125,0,1,1.0,0.002149116318935884,0.0,0.17708333333333331,0.5104166666666666,0.04134728144542009
2,26,1,2,0.125,2,2,0.0,0.011743067989573391,0.011743067989573391,0.296875,0.45312499999999994,0.03421545094546147
2,26,1,3,0.625,0,3,1.0,0.002149116318935884,0.07779120480254309,0.21354166666666663,0.28125,0.00692940709073092
2,26,2,0,0.625,1,1,0.0,0.014815115496711884,0.014815115496711884,-0.031249999999999993,0.13020833333333331,0.048543195824752895
2,26,2,1,0.125,1,1,0.0,0.014815115496711884,0.014815115496711884,0.19791666666666666,0.43229166666666663,0.028212639553108175
2,26,2,2,0.125,0,2,1.0,0.002586629530619583,0.05153166900194413,0.140625,0.28125,0.014869136289167577
2,26,2,3,0.125,3,3,0.0,0.0,0.0,0.22395833333333331,0.32291666666666663,0.0229669263438805
2,26,3,0,0.125,1,0,1.0,0.04178064406542149,0.0,0.109375,0.29166666666666663,0.036979009173716
2,26,3,1,0.125,0,1,1.0,0.0,0.04178064406542149,0.24479166666666663,0.46874999999999994,0.028417845606503418
2,26,3,2,0.625,0,2,1.0,0.0,0.04708345470297702,0.19791666666666663,0.328125,0.021269023705516706
2,26,3,3,0.125,0,0,0.0,0.0,0.0,-3.469446951953614e-18,0.13541666666666666,0.031999973773979555
2,27,0,0,0.125,0,3,1.0,0.04333334853022669,0.0,0.06770833333333333,0.24479166666666663,0.03903034585540292
2,27,0,1,0.625,1,1,0.0,0.04620943897488547,0.04620943897488547,0.296875,0.4270833333333333,0.042947008353569315
2,27,0,2,0.125,2,2,0.0,0.02541214145893239,0.02541214145893239,0.24999999999999994,0.37499999999999994,0.04842413657020746
2,27,0,3,0.125,3,3,0.0,0.0,0.0,0.3020833333333333,0.5208333333333333,0.03974530172454274
2,27,1,0,0.125,0,0,0.0,0.10445196240975041,0.10445196240975041,0.20833333333333331,0.46874999999999994,0.01806446816636267
2,27,1,1,0.125,1,1,0.0,0.0,0.0,0.27604166666666663,0.6302083333333333,0.06903682223957762
2,27,1,2,0.125,1,2,1.0,0.0,0.024551791227801212,0.020833333333333332,0.2552083333333333,0.029443360545049868
2,27,1,3,0.625,1,3,1.0,0.0,0.11068377828574336,0.010416666666666657,0.171875,0.003710900484452789
2,27,2,0,0.625,1,0,1.0,0.08002102736420648,0.0,-0.005208333333333336,0.18229166666666663,0.05148716235963288
2,27,2,1,0.125,3,1,1.0,0.024594733926159046,0.08002102736420648,0.10416666666666666,0.33333333333333326,0.03357582199814132
2,27,2,2,0.125,0,0,0.0,0.0,0.0,0.18229166666666666,0.27604166666666663,0.012485408756104587
2,27,2,3,0.125,3,3,0.0,0.024594733926159046,0.024594733926159046,0.20833333333333331,0.3020833333333333,0.05663898724559525
2,27,3,0,0.125,0,0,0.0,0.017318953681257715,0.017318953681257715,0.3020833333333333,0.38541666666666663,0.04240162193059242
2,27,3,1,0.125,2,1,1.0,0.0,0.023317475717200206,0.06249999999999999,0.38541666666666663,0.02445189209847253
2,27,3,2,0.625,2,2,0.0,0.0,0.0,0.12499999999999999,0.31249999999999994,0.026767693980755135
2,27,3,3,0.125,2,3,1.0,0.0,0.08325178621314767,0.05208333333333334,0.21354166666666663,0.02029727345545932
3,8,0,0,0.125,1,1,0.0,0.0,0.0,0.140625,0.43749999999999994,0.010218253963287035
3,8,0,1,0.125,0,1,1.0,0.09663925489073277,0.0,0.1875,0.46354166666666663,0.057835263971591507
3,8,0,2,0.625,0,2,1.0,0.09663925489073277,0.06666838686614196,0.125,0.328125,0.018082566207245323
3,8,0,3,0.125,3,3,0.0,0.056205229711744686,0.056205229711744686,0.22916666666666663,0.41145833333333326,0.039787568876144465
3,8,1,0,0.125,2,0,1.0,0.037728043292542146,0.056130159798167004,0.19270833333333331,0.3125,0.011163903311287722
3,8,1,1,0.125,1,1,0.0,0.025953958068396912,0.025953958068396912,0.2864583333333333,0.328125,0.021343367380289847
3,8,1,2,0.125,2,2,0.0,0.037728043292542146,0.037728043292542146,0.21354166666666663,0.3645833333333333,0.0026903899938852715
3,8,1,3,0.625,3,3,0.0,0.0,0.0,0.23958333333333331,0.41666666666666663,0.03061358982829216
3,8,2,0,0.625,0,0,0.0,0.0,0.0,0.3020833333333333,0.4375,0.03576370530636113
3,8,2,1,0.125,0,1,1.0,0.0,0.07413961675433628,0.22395833333333331,0.25,-0.02047471968971445
3,8,2,2,0.125,2,2,0.0,0.03853689595970895,0.03853689595970895,0.21874999999999994,0.33333333333333326,0.014742273481702227
3,8,2,3,0.125,0,0,0.0,0.0,0.0,0.07291666666666666,0.19791666666666666,0.040561654681648705
3,8,3,0,0.125,0,0,0.0,0.08936492891534094,0.08936492891534094,0.14583333333333331,0.3645833333333333,0.016748885130472263
3,8,3,1,0.625,1,1,0.0,0.0,0.0,0.1875,0.3489583333333333,0.03181559463463551
3,8,3,2,0.125,2,2,0.0,0.10157783048406818,0.10157783048406818,0.30729166666666663,0.421875,-0.03707117639899063
3,8,3,3,0.125,0,0,0.0,0.08936492891534094,0.08936492891534094,0.1875,0.3020833333333333,-0.0072576458926822685
3,9,0,0,0.125,0,0,0.0,0.05806933730892408,0.05806933730892408,0.35416666666666663,0.4583333333333333,0.008552142910866145
3,9,0,1,0.125,0,1,1.0,0.05806933730892408,0.0,0.171875,0.5729166666666666,0.04409811405679432
3,9,0,2,0.625,1,1,0.0,0.0,0.0,-0.08854166666666667,0.3177083333333333,0.0101167002934024
3,9,0,3,0.125,3,3,0.0,0.05206289062483699,0.05206289062483699,0.19791666666666663,0.453125,-0.006679078968226863
3,9,1,0,0.125,0,0,0.0,0.0,0.0,0.23437499999999994,0.4427083333333333,0.03897668200546195
3,9,1,1,0.125,0,0,0.0,0.0,0.0,0.10937499999999997,0.21875,-0.008142391175669839
3,9,1,2,0.125,2,2,0.0,0.05108778063729598,0.05108778063729598,0.171875,0.43229166666666663,-0.007585720683766406
3,9,1,3,0.625,0,3,1.0,0.0,0.055269211988357034,0.2083333333333333,0.515625,0.03460710667701149
3,9,2,0,0.625,1,0,1.0,0.06793284415675317,0.0,-0.16145833333333331,0.5520833333333333,0.046050990783219524
3,9,2,1,0.125,1,1,0.0,0.06793284415675317,0.06793284415675317,0.17708333333333331,0.234375,-0.005008543243110676
3,9,2,2,0.125,2,2,0.0,0.02540864307629198,0.02540864307629198,0.109375,0.33854166666666663,0.004686989393080344
3,9,2,3,0.125,0,0,0.0,0.0,0.0,0.10416666666666666,0.15625,-0.002130511976232165
3,9,3,0,0.125,1,0,1.0,0.007023316853901673,0.044254375349588065,0.171875,0.41666666666666663,0.02082149031186768
3,9,3,1,0.625,1,1,0.0,0.007023316853901673,0.007023316853901673,0.3125,0.4270833333333333,0.032932143437873096
3,9,3,2,0.125,2,2,0.0,0.0,0.0,0.3125,0.515625,0.031878995092680155
3,9,3,3,0.125,3,3,0.0,0.08129013308261754,0.08129013308261754,0.13020833333333331,0.21354166666666666,0.013135609721657943
3,10,0,0,0.125,2,0,1.0,0.0011966940921344926,0.03272096980718053,0.15104166666666666,0.453125,0.03467980138275048
3,10,0,1,0.125,1,1,0.0,0.0,0.0,0.27604166666666663,0.3645833333333333,0.02304680809350442
3,10,0,2,0.625,2,2,0.0,0.0011966940921344926,0.0011966940921344926,0.28125,0.515625,0.027117859385734466
3,10,0,3,0.125,0,3,1.0,0.03272096980718053,0.07670178135989865,0.12499999999999997,0.30729166666666663,-0.007290033240911704
3,10,1,0,0.125,1,1,0.0,0.0,0.0,0.09374999999999999,0.11458333333333333,-0.02177179976081094
3,10,1,1,0.125,1,1,0.0,0.0,0.0,0.234375,0.33854166666666663,0.01681841101387324
3,10,1,2,0.125,1,0,1.0,0.0,0.07762026326524146,-0.10416666666666666,0.06249999999999999,-0.044919969670444745
3,10,1,3,0.625,1,3,1.0,0.0,0.08014290134590941,-0.109375,0.15625,-0.015826745769082464
3,10,2,0,0.625,0,0,0.0,0.0,0.0,0.14583333333333331,0.3333333333333333,0.008433566291263888
3,10,2,1,0.125,1,0,1.0,0.0683074364089085,0.0,0.109375,0.29687499999999994,0.01614391859847142
3,10,2,2,0.125,0,2,1.0,0.0,0.018254050069993755,-0.020833333333333336,0.5572916666666666,0.01194190840560004
3,10,2,3,0.125,0,3,1.0,0.0,0.044139463834619516,0.14583333333333331,0.30729166666666663,0.020477373121094156
3,10,3,0,0.125,1,0,1.0,0.03998032137115541,0.011180172770342445,-0.09895833333333333,0.4114583333333333,0.03970778968855073
3,10,3,1,0.625,2,1,1.0,0.0,0.03998032137115541,0.24479166666666666,0.296875,0.0010854235685908104
3,10,3,2,0.125,2,2,0.0,0.0,0.0,0.23958333333333334,0.578125,0.04858285737898249
3,10,3,3,0.125,3,3,0.0,0.09660621063817773,0.09660621063817773,0.19270833333333331,0.296875,-0.014318799803173651
3,11,0,0,0.125,3,0,1.0,0.0,0.0637242279004269,0.07291666666666666,0.3802083333333333,0.016839740158736106
3,11,0,1,0.125,3,2,1.0,0.0,0.036022041437830055,-0.14583333333333331,0.09895833333333331,-0.004758437667923134
3,11,0,2,0.625,2,2,0.0,0.036022041437830055,0.036022041437830055,0.20833333333333331,0.4895833333333333,0.025536058490180518
3,11,0,3,0.125,3,3,0.0,0.0,0.0,0.13541666666666666,0.3489583333333333,0.02802207474356056
3,11,1,0,0.125,1,0,1.0,0.0,0.031129736569306787,-0.05208333333333334,0.328125,0.006459474553483346
3,11,1,1,0.125,2,1,1.0,0.08498794452333731,0.0,-0.026041666666666664,0.06249999999999999,-0.0063832238262379205
3,11,1,2,0.125,2,2,0.0,0.08498794452333731,0.08498794452333731,0.26041666666666663,0.4427083333333333,-0.0030786268436721713
3,11,1,3,0.625,0,3,1.0,0.031129736569306787,0.030644986884252948,0.03645833333333333,0.14583333333333331,-0.013740293131826288
3,11,2,0,0.625,0,0,0.0,0.05030678614823514,0.05030678614823514,0.11458333333333333,0.21354166666666663,0.020471258163022404
3,11,2,1,0.125,1,0,1.0,0.06672924414067163,0.05030678614823514,0.10416666666666666,0.14583333333333331,0.007391657784910779
3,11,2,2,0.125,3,2,1.0,0.0,0.11625124271240785,0.02083333333333333,0.15625,-0.040674031609066574
3,11,2,3,0.125,3,3,0.0,0.0,0.0,0.125,0.27604166666666663,0.04595870758544578
3,11,3,0,0.125,3,3,0.0,0.00014518192897861049,0.00014518192897861049,0.23958333333333331,0.27604166666666663,-0.008714336956389073
3,11,3,1,0.625,1,1,0.0,0.0,0.0,0.2708333333333333,0.296875,0.0188473811587396
3,11,3,2,0.125,2,2,0.0,0.03263497942458496,0.03263497942458496,0.22395833333333331,0.265625,0.009214732305973656
3,11,3,3,0.125,1,3,1.0,0.0,0.00014518192897861049,0.03645833333333333,0.3333333333333333,0.0388317018187163
3,12,0,0,0.125,2,0,1.0,0.08339996141898565,0.09264544208620458,-0.16145833333333334,0.24479166666666666,0.0027396247093314386
3,12,0,1,0.125,2,1,1.0,0.08339996141898565,0.0,-0.10416666666666667,0.34375,0.05767143414868357
3,12,0,2,0.625,2,2,0.0,0.08339996141898565,0.08339996141898565,0.24479166666666666,0.4895833333333333,0.0010169323324665353
3,12,0,3,0.125,1,1,0.0,0.0,0.0,0.140625,0.29166666666666663,0.02685737429730027
3,12,1,0,0.125,1,0,1.0,0.052931498813327024,0.04861344815814568,0.08854166666666666,0.328125,-0.0037327791268371557
3,12,1,1,0.125,1,1,0.0,0.052931498813327024,0.052931498813327024,0.28645833333333337,0.34375,-0.008451072682023802
3,12,1,2,0.125,1,2,1.0,0.052931498813327024,0.05150427307387681,-0.010416666666666675,0.15625,-0.019504125091090556
3,12,1,3,0.625,3,3,0.0,0.0,0.0,0.11979166666666666,0.25,-0.00025554189566541485
3,12,2,0,0.625,0,0,0.0,0.0,0.0,0.29166666666666663,0.43229166666666663,0.0550669409143189
3,12,2,1,0.125,0,2,1.0,0.0,0.10521532488662598,-0.15625,0.23958333333333331,-0.015786363856990573
3,12,2,2,0.125,1,1,0.0,0.10154183018825991,0.10154183018825991,0.07812499999999997,0.2708333333333333,-0.022391314717246563
3,12,2,3,0.125,0,0,0.0,0.0,0.0,0.09374999999999999,0.28125,0.020748739942546102
3,12,3,0,0.125,3,0,1.0,0.003100443674898673,0.0,0.12499999999999999,0.296875,0.01828566104513683
3,12,3,1,0.625,1,1,0.0,0.04940307750773493,0.04940307750773493,0.1875,0.21354166666666663,-0.02212572837237943
3,12,3,2,0.125,1,1,0.0,0.04940307750773493,0.04940307750773493,0.08333333333333331,0.19791666666666666,-0.03833518667953904
3,12,3,3,0.125,3,3,0.0,0.003100443674898673,0.003100443674898673,0.13541666666666666,0.24479166666666666,0.03272459643330144
3,13,0,0,0.125,1,0,1.0,0.007101250887832589,0.020887013450878233,-0.15104166666666669,0.2552083333333333,0.002794292384784098
3,13,0,1,0.125,2,1,1.0,0.0,0.007101250887832589,0.08333333333333333,0.265625,0.008631232630424193
3,13,0,2,0.625,2,2,0.0,0.0,0.0,0.3020833333333333,0.47916666666666663,0.016533713840662146
3,13,0,3,0.125,0,3,1.0,0.020887013450878233,0.05020104170069635,0.11458333333333331,0.22916666666666666,-0.004871395134458931
3,13,1,0,0.125,0,0,0.0,0.010074787546714287,0.010074787546714287,0.05729166666666666,0.296875,0.010820470229679587
3,13,1,1,0.125,2,2,0.0,0.0,0.0,0.078125,0.13020833333333331,-0.002765142030524594
3,13,1,2,0.125,2,2,0.0,0.0,0.0,0.25,0.5052083333333333,0.007171495729820507
3,13,1,3,0.625,3,3,0.0,0.012408260050482137,0.012408260050482137,0.140625,0.17708333333333331,0.008925601492864145
3,13,2,0,0.625,1,0,1.0,0.0743390424603613,0.0,-0.010416666666666671,0.33854166666666663,0.027629280891749416
3,13,2,1,0.125,2,1,1.0,0.022662725483862556,0.0743390424603613,0.10937500000000001,0.16666666666666666,-0.030044514770569675
3,13,2,2,0.125,0,2,1.0,0.0,0.022662725483862556,0.17708333333333331,0.3177083333333333,0.010425759766598604
3,13,2,3,0.125,0,3,1.0,0.0,0.05489838550079067,0.078125,0.14583333333333331,0.0031527741686695485
3,13,3,0,0.125,1,1,0.0,0.0,0.0,0.21354166666666669,0.3645833333333333,-0.002006978669576472
3,13,3,1,0.625,1,1,0.0,0.0,0.0,0.40624999999999994,0.46875,0.03426012582514229
3,13,3,2,0.125,3,2,1.0,0.10715091666112128,0.03500741794481549,0.20312499999999997,0.328125,-0.007122382431943651
3,13,3,3,0.125,1,3,1.0,0.0,0.10715091666112128,0.01562499999999999,0.34375,-0.01424212576086517
3,14,0,0,0.125,1,0,1.0,0.006258524113887165,0.06930165887872122,0.17187499999999994,0.4375,0.022767748906293673
3,14,0,1,0.125,2,1,1.0,0.016348311275075383,0.006258524113887165,0.16666666666666663,0.40104166666666663,0.039288011837303786
3,14,0,2,0.625,2,2,0.0,0.016348311275075383,0.016348311275075383,0.3333333333333333,0.6041666666666666,0.05338131980306719
3,14,0,3,0.125,3,3,0.0,0.0,0.0,0.16666666666666666,0.4270833333333333,0.05372476873685174
3,14,1,0,0.125,0,2,1.0,0.05147052577897636,0.0,0.010416666666666666,0.09375,-0.008877821172384906
3,14,1,1,0.125,2,1,1.0,0.0,0.007991374178960398,-0.05208333333333333,0.15625,0.04178292140231817
3,14,1,2,0.125,2,2,0.0,0.0,0.0,0.3333333333333333,0.5520833333333333,0.014412771828420079
3,14,1,3,0.625,1,3,1.0,0.007991374178960398,0.04845739674025043,0.10416666666666669,0.40104166666666663,0.005443619990595375
3,14,2,0,0.625,0,0,0.0,0.006359837880420743,0.006359837880420743,0.09895833333333333,0.29166666666666663,0.021549996605322863
3,14,2,1,0.125,1,1,0.0,0.0,0.0,0.16666666666666666,0.26041666666666663,0.016139227891942595
3,14,2,2,0.125,1,2,1.0,0.0,0.029022202006090236,-0.08333333333333333,0.40104166666666663,0.031412235084209185
3,14,2,3,0.125,1,3,1.0,0.0,0.10255219395463336,-0.11979166666666667,0.14583333333333331,-0.05169187758803746
3,14,3,0,0.125,2,0,1.0,0.002691142352552911,0.05273735621688049,0.015624999999999995,0.22916666666666663,0.020564856243295373
3,14,3,1,0.625,2,1,1.0,0.002691142352552911,0.0,0.078125,0.13541666666666666,0.028334762442260623
3,14,3,2,0.125,2,2,0.0,0.002691142352552911,0.002691142352552911,0.19791666666666666,0.29166666666666663,0.0406713813911509
3,14,3,3,0.125,3,3,0.0,0.020354996594671174,0.020354996594671174,0.14583333333333331,0.3125,-0.0009269306263605307
3,15,0,0,0.125,2,0,1.0,0.0,0.07523813795741995,0.03645833333333334,0.40104166666666663,0.015014998766277043
3,15,0,1,0.125,2,1,1.0,0.0,0.04709132055065038,0.19270833333333331,0.3802083333333333,0.009793261154555194
3,15,0,2,0.625,2,2,0.0,0.0,0.0,0.45833333333333337,0.65625,0.0432211052726277
3,15,0,3,0.125,3,3,0.0,0.012406849266616282,0.012406849266616282,0.10416666666666667,0.3020833333333333,0.026958318714763962
3,15,1,0,0.125,3,0,1.0,0.0356920654784178,0.0,0.0,0.3020833333333333,0.017357698601914617
3,15,1,1,0.125,0,0,0.0,0.0,0.0,-0.29166666666666663,0.07291666666666666,0.0055129432139172305
3,15,1,2,0.125,2,2,0.0,0.013128413786114651,0.013128413786114651,0.06249999999999999,0.34375,0.04112839936312043
3,15,1,3,0.625,0,3,1.0,0.0,0.0356920654784178,0.10937499999999999,0.20312499999999997,0.018043977858328848
3,15,2,0,0.625,1,0,1.0,0.012795648827689687,0.08442458565983486,0.010416666666666644,0.18749999999999997,-0.010536809392699848
3,15,2,1,0.125,1,1,0.0,0.012795648827689687,0.012795648827689687,0.171875,0.25,0.011276726568480047
3,15,2,2,0.125,2,2,0.0,0.013271316133122019,0.013271316133122019,0.06770833333333333,0.34375,-0.011282438919790489
3,15,2,3,0.125,3,3,0.0,0.0,0.0,0.16145833333333331,0.34375,0.021534252439401373
3,15,3,0,0.125,3,0,1.0,0.0,0.1414034749684312,-0.13020833333333334,0.27604166666666663,-0.04223446253967744
3,15,3,1,0.625,2,1,1.0,0.07961071225666738,0.0224334927188585,-0.07812500000000001,0.36458333333333326,0.04382483337047678
3,15,3,2,0.125,3,2,1.0,0.0,0.07961071225666738,0.08854166666666666,0.3489583333333333,0.030545587917411906
3,15,3,3,0.125,3,3,0.0,0.0,0.0,0.18229166666666666,0.3177083333333333,0.043772202446048625
3,16,0,0,0.125,1,0,1.0,0.026821442115830013,0.021574449952227473,-0.09375,0.53125,0.03161438177435398
3,16,0,1,0.125,1,1,0.0,0.026821442115830013,0.026821442115830013,0.43229166666666663,0.5208333333333333,0.019838342786365787
3,16,0,2,0.625,2,2,0.0,0.0,0.0,0.21354166666666663,0.43229166666666663,0.018284760267021284
3,16,0,3,0.125,3,3,0.0,0.05450151734959237,0.05450151734959237,0.21875,0.265625,0.012267906037801327
3,16,1,0,0.125,1,0,1.0,0.0,0.009044789730898478,0.031249999999999997,0.390625,0.025415535334949786
3,16,1,1,0.125,1,1,0.0,0.0,0.0,0.28125,0.3020833333333333,0.017291968069527427
3,16,1,2,0.125,2,2,0.0,0.002531961685987849,0.002531961685987849,0.15104166666666663,0.4270833333333333,-0.005625917555536486
3,16,1,3,0.625,0,3,1.0,0.009044789730898478,0.029365491624975593,0.125,0.23958333333333331,0.01942358406767668
3,16,2,0,0.625,0,0,0.0,0.05085579296252579,0.05085579296252579,0.40625,0.5572916666666666,0.04386077506402099
3,16,2,1,0.125,0,1,1.0,0.05085579296252579,0.0,0.30729166666666663,0.40625,0.07453333722046791
3,16,2,2,0.125,1,0,1.0,0.0,0.05085579296252579,0.13020833333333331,0.24479166666666669,-0.00013387209244989376
3,16,2,3,0.125,0,0,0.0,0.05085579296252579,0.05085579296252579,0.18229166666666666,0.328125,0.03671817951785409
3,16,3,0,0.125,1,0,1.0,0.007223234032390072,0.005433409602283432,0.13541666666666666,0.36979166666666663,0.011553857071833751
3,16,3,1,0.625,1,1,0.0,0.007223234032390072,0.007223234032390072,0.41666666666666663,0.5572916666666666,0.012102546835185418
3,16,3,2,0.125,1,2,1.0,0.007223234032390072,0.0,0.04166666666666667,0.296875,0.022068273757907722
3,16,3,3,0.125,3,3,0.0,0.001866752405112776,0.001866752405112776,0.23437499999999997,0.53125,0.032433129707543855
3,17,0,0,0.125,0,0,0.0,0.07924524871836863,0.07924524871836863,0.031249999999999993,0.359375,-0.009391206781130364
3,17,0,1,0.125,1,1,0.0,0.12196981921201311,0.12196981921201311,0.42708333333333337,0.5520833333333333,-0.0044456335334548515
3,17,0,2,0.625,0,2,1.0,0.07924524871836863,0.0,0.020833333333333332,0.328125,0.0426044028627495
3,17,0,3,0.125,3,3,0.0,0.07954084419466309,0.07954084419466309,0.21354166666666663,0.30729166666666663,0.01650659353231167
3,17,1,0,0.125,0,0,0.0,0.03986599326503891,0.03986599326503891,0.15104166666666666,0.1875,-0.020015579157162237
3,17,1,1,0.125,0,1,1.0,0.03986599326503891,0.0,0.16145833333333331,0.3645833333333333,0.02814781873446066
3,17,1,2,0.125,2,2,0.0,0.021927928410791497,0.021927928410791497,0.15104166666666666,0.20312499999999994,-0.005064592424609565
3,17,1,3,0.625,1,1,0.0,0.0,0.0,0.10416666666666666,0.15624999999999997,0.004111511959889102
3,17,2,0,0.625,0,0,0.0,0.07258612384930327,0.07258612384930327,0.15104166666666666,0.34374999999999994,0.020064670106832688
3,17,2,1,0.125,0,2,1.0,0.07258612384930327,0.13126192933399858,-0.08854166666666667,0.041666666666666664,-0.01933904201132512
3,17,2,2,0.125,2,2,0.0,0.13126192933399858,0.13126192933399858,0.05729166666666666,0.14583333333333331,-0.029318201002788605
3,17,2,3,0.125,3,3,0.0,0.0,0.0,0.32291666666666663,0.4583333333333333,0.07712437177560999
3,17,3,0,0.125,0,0,0.0,0.0,0.0,0.052083333333333336,0.203125,0.0018637797662462764
3,17,3,1,0.625,2,0,1.0,0.014125866376353033,0.0,0.10416666666666666,0.18229166666666663,-0.04546021602913352
3,17,3,2,0.125,2,2,0.0,0.014125866376353033,0.014125866376353033,0.24479166666666663,0.35416666666666663,-0.004248374301440572
3,17,3,3,0.125,3,3,0.0,0.03888523461088553,0.03888523461088553,0.05208333333333332,0.3020833333333333,0.008730056749415073
3,18,0,0,0.125,2,0,1.0,0.0,0.058671903219641816,-0.32812499999999994,0.17708333333333331,-0.02501403164428337
3,18,0,1,0.125,1,1,0.0,0.008775156131799827,0.008775156131799827,-0.03125,0.11979166666666666,0.010703212101774173
3,18,0,2,0.625,0,2,1.0,0.058671903219641816,0.0,-5.204170427930421e-18,0.24479166666666666,0.0239809661896717
3,18,0,3,0.125,0,0,0.0,0.058671903219641816,0.058671903219641816,0.17708333333333331,0.20833333333333331,-0.019226831555501957
3,18,1,0,0.125,2,2,0.0,0.0,0.0,0.08854166666666666,0.2552083333333333,-0.0007495176580114458
3,18,1,1,0.125,2,0,1.0,0.0,0.051953324209529306,-0.078125,0.33854166666666663,-0.007611147705574094
3,18,1,2,0.125,2,2,0.0,0.0,0.0,0.19270833333333331,0.5520833333333333,0.041521920404025955
3,18,1,3,0.625,3,3,0.0,0.07319436777232974,0.07319436777232974,0.14583333333333331,0.3958333333333333,0.023639520907721537
3,18,2,0,0.625,1,1,0.0,0.0,0.0,0.171875,0.29166666666666663,0.026739040905660344
3,18,2,1,0.125,1,1,0.0,0.0,0.0,0.46354166666666663,0.5729166666666666,0.07334051683642558
3,18,2,2,0.125,2,2,0.0,0.09320105591358217,0.09320105591358217,0.19791666666666663,0.328125,0.025096701843290405
3,18,2,3,0.125,1,3,1.0,0.0,0.12058095336765454,0.09895833333333333,0.296875,0.02771142724150631
3,18,3,0,0.125,1,0,1.0,0.030536362091490632,0.03738125456908868,0.010416666666666664,0.24479166666666666,-0.023219328211840605
3,18,3,1,0.625,1,1,0.0,0.030536362091490632,0.030536362091490632,0.30729166666666663,0.3645833333333333,0.03437939177555776
3,18,3,2,0.125,2,2,0.0,0.015208070065292012,0.015208070065292012,0.14062499999999997,0.30729166666666663,0.020181048580216108
3,18,3,3,0.125,0,3,1.0,0.03738125456908868,0.0,0.010416666666666664,0.29166666666666663,0.03591388372834919
3,19,0,0,0.125,1,0,1.0,0.0,0.03806280729010836,0.07291666666666666,0.38020833333333326,0.03037127172933989
3,19,0,1,0.125,1,1,0.0,0.0,0.0,0.40624999999999994,0.5572916666666666,0.07986743279894017
3,19,0,2,0.625,0,2,1.0,0.03806280729010836,0.06583638347359022,0.3125,0.5104166666666666,0.0018671283994941325
3,19,0,3,0.125,0,3,1.0,0.03806280729010836,0.11810726981411517,-0.08333333333333331,0.33854166666666663,-0.0023312174084285167
3,19,1,0,0.125,0,0,0.0,0.0,0.0,0.3125,0.39583333333333326,0.0027969564730897668
3,19,1,1,0.125,0,1,1.0,0.0,0.04321381853085349,0.3125,0.34375,-0.019798368264628413
3,19,1,2,0.125,2,2,0.0,0.004914998474386922,0.004914998474386922,0.10937499999999999,0.296875,0.009166653795350525
3,19,1,3,0.625,3,3,0.0,0.01751007499544127,0.01751007499544127,0.27604166666666663,0.3645833333333333,0.019985489939356307
3,19,2,0,0.625,1,0,1.0,0.0,0.032832030712125676,0.09895833333333333,0.5520833333333333,0.0471651017199355
3,19,2,1,0.125,1,1,0.0,0.0,0.0,0.46875,0.5625,0.05646384312963007
3,19,2,2,0.125,2,2,0.0,0.020301062976120693,0.020301062976120693,0.4427083333333333,0.5104166666666666,0.04203522395095341
3,19,2,3,0.125,0,3,1.0,0.032832030712125676,0.029851353681623394,0.05729166666666666,0.34375,0.010010294316032732
3,19,3,0,0.125,2,0,1.0,0.006253552948047358,0.0,-0.015625,0.47916666666666663,0.01004442273490887
3,19,3,1,0.625,2,1,1.0,0.006253552948047358,0.013633032589759148,0.0625,0.21354166666666666,0.024923760534681653
3,19,3,2,0.125,2,2,0.0,0.006253552948047358,0.006253552948047358,0.16145833333333331,0.40104166666666663,0.02377895819130695
3,19,3,3,0.125,1,2,1.0,0.013633032589759148,0.006253552948047358,-0.078125,0.14583333333333331,-0.023433903046472207
3,20,0,0,0.125,0,0,0.0,0.004674714492034479,0.004674714492034479,0.3802083333333333,0.4427083333333333,0.05043308907875608
3,20,0,1,0.125,1,1,0.0,0.022444929666636027,0.022444929666636027,0.30729166666666663,0.33333333333333326,0.012480300197706136
3,20,0,2,0.625,1,2,1.0,0.022444929666636027,0.05294277846955747,0.1875,0.265625,0.025310741887902444
3,20,0,3,0.125,0,1,1.0,0.004674714492034479,0.022444929666636027,-0.03645833333333334,0.140625,0.016112448205982097
3,20,1,0,0.125,0,0,0.0,0.017241885644774135,0.017241885644774135,0.22916666666666666,0.328125,2.8330840702423714e-05
3,20,1,1,0.125,0,1,1.0,0.017241885644774135,0.03647658418460718,0.010416666666666666,0.13020833333333331,-0.020731522941924582
3,20,1,2,0.125,2,2,0.0,0.01458078720089434,0.01458078720089434,-0.010416666666666675,0.33854166666666663,0.011421072883098777
3,20,1,3,0.625,2,3,1.0,0.01458078720089434,0.0,-0.010416666666666668,0.10416666666666666,0.002156004850158341
3,20,2,0,0.625,0,0,0.0,0.020497306975666374,0.020497306975666374,0.19791666666666666,0.328125,0.0031314647064944494
3,20,2,1,0.125,0,1,1.0,0.020497306975666374,0.0,0.32291666666666663,0.375,0.029303714804580473
3,20,2,2,0.125,2,0,1.0,0.058760601046045996,0.020497306975666374,0.10416666666666666,0.28125,-0.001762450560593024
3,20,2,3,0.125,1,0,1.0,0.0,0.020497306975666374,-0.10416666666666666,0.07291666666666667,-0.02736643583254512
3,20,3,0,0.125,0,0,0.0,0.0,0.0,0.3020833333333333,0.40624999999999994,0.014487614154896238
3,20,3,1,0.625,0,0,0.0,0.0,0.0,0.19270833333333331,0.21354166666666663,0.007566320301631523
3,20,3,2,0.125,2,2,0.0,0.026225379256649778,0.026225379256649778,0.41145833333333326,0.484375,-0.005555459056677011
3,20,3,3,0.125,3,3,0.0,0.03214948964613651,0.03214948964613651,0.20833333333333331,0.40624999999999994,0.028920356394695368
3,21,0,0,0.125,1,0,1.0,0.0,0.05441146784527605,-0.02083333333333334,0.3958333333333333,-0.008727154646302413
3,21,0,1,0.125,1,1,0.0,0.0,0.0,0.47395833333333326,0.59375,0.03770504975268338
3,21,0,2,0.625,0,2,1.0,0.05441146784527605,0.007096399827706434,0.109375,0.3125,0.0016732837868279982
3,21,0,3,0.125,3,3,0.0,0.054379406791611726,0.054379406791611726,-0.03125,0.18229166666666666,-0.007630403832838665
3,21,1,0,0.125,3,0,1.0,0.0,0.03622178164352455,0.12499999999999999,0.24479166666666666,-0.016823463739268515
3,21,1,1,0.125,3,3,0.0,0.0,0.0,0.18229166666666663,0.21875,0.02172240767109462
3,21,1,2,0.125,3,2,1.0,0.0,0.010635199980916776,0.17708333333333331,0.265625,0.02194149670614768
3,21,1,3,0.625,3,3,0.0,0.0,0.0,0.005208333333333322,0.234375,0.010520857246248266
3,21,2,0,0.625,3,0,1.0,0.0,0.021524186142629728,0.09895833333333331,0.3802083333333333,0.025603844219967614
3,21,2,1,0.125,1,1,0.0,0.008730450605087037,0.008730450605087037,0.04687499999999999,0.16666666666666666,0.003762408967042189
3,21,2,2,0.125,2,2,0.0,0.0041555693184101294,0.0041555693184101294,0.20312499999999997,0.4114583333333333,-0.007324660439128301
3,21,2,3,0.125,3,3,0.0,0.0,0.0,0.140625,0.17708333333333331,0.0038510835965007073
3,21,3,0,0.125,1,0,1.0,0.00856632874064403,0.03054435094283968,0.06770833333333333,0.4114583333333333,0.022189554170842552
3,21,3,1,0.625,1,1,0.0,0.00856632874064403,0.00856632874064403,0.3802083333333333,0.5520833333333333,0.011015966022082635
3,21,3,2,0.125,1,2,1.0,0.00856632874064403,0.0,0.16145833333333331,0.3489583333333333,0.019384876756237568
3,21,3,3,0.125,2,3,1.0,0.0,0.055175018891952046,0.036458333333333315,0.265625,0.0076541255093942225
3,22,0,0,0.125,3,0,1.0,0.03964703081932151,0.0,0.05208333333333333,0.42187499999999994,0.0305607004689255
3,22,0,1,0.125,3,1,1.0,0.03964703081932151,0.028771560318910053,-0.13541666666666669,0.38541666666666663,0.005737503584027001
3,22,0,2,0.625,3,2,1.0,0.03964703081932151,0.05285304479303743,0.09895833333333331,0.3802083333333333,0.011852706857282028
3,22,0,3,0.125,0,3,1.0,0.0,0.03964703081932151,0.09895833333333333,0.30729166666666663,-0.009229703459603627
3,22,1,0,0.125,3,0,1.0,0.012600732563853745,0.0,0.08854166666666667,0.4114583333333333,0.0508440010558205
3,22,1,1,0.125,1,1,0.0,0.04713244545347464,0.04713244545347464,0.39583333333333326,0.46875,0.01725438921352412
3,22,1,2,0.125,1,2,1.0,0.04713244545347464,0.05488813602840131,0.10937499999999999,0.3177083333333333,0.01895682169199476
3,22,1,3,0.625,0,3,1.0,0.0,0.012600732563853745,0.10416666666666666,0.375,0.03293088068924282
3,22,2,0,0.625,2,0,1.0,0.0,0.016844173257554856,0.12499999999999999,0.265625,0.02512062572425293
3,22,2,1,0.125,2,1,1.0,0.0,0.03537674126065969,0.20833333333333331,0.24479166666666663,-0.0011543785419509565
3,22,2,2,0.125,2,2,0.0,0.0,0.0,0.062499999999999986,0.19791666666666663,0.007941723529697476
3,22,2,3,0.125,3,3,0.0,0.026020104333322053,0.026020104333322053,0.13541666666666666,0.265625,0.0106403266369632
3,22,3,0,0.125,1,0,1.0,0.06707513553743032,0.04839145230201761,0.07291666666666666,0.3125,0.002921024826375689
3,22,3,1,0.625,3,1,1.0,0.0,0.06707513553743032,0.27604166666666663,0.46354166666666663,-0.014743940130360313
3,22,3,2,0.125,1,2,1.0,0.06707513553743032,0.07520174720973832,0.01041666666666666,0.22395833333333331,-0.016149950990694373
3,22,3,3,0.125,3,3,0.0,0.0,0.0,0.010416666666666664,0.2552083333333333,0.011324621893669852
3,23,0,0,0.125,2,0,1.0,0.04719709997252697,0.11278728574378548,-0.06770833333333336,0.3177083333333333,0.009637555466462404
3,23,0,1,0.125,2,1,1.0,0.04719709997252697,0.0,0.10416666666666666,0.19791666666666666,0.03747389406990261
3,23,0,2,0.625,2,2,0.0,0.04719709997252697,0.04719709997252697,0.16666666666666669,0.40104166666666663,0.04220358132449291
3,23,0,3,0.125,1,1,0.0,0.0,0.0,0.171875,0.265625,-0.018503649019470297
3,23,1,0,0.125,0,0,0.0,0.0,0.0,0.04687499999999999,0.21875,0.028884918184629158
3,23,1,1,0.125,0,0,0.0,0.0,0.0,0.026041666666666657,0.11979166666666666,-0.005121666235200874
3,23,1,2,0.125,2,2,0.0,0.050497303501965046,0.050497303501965046,0.15104166666666669,0.22916666666666663,0.005925448786274276
3,23,1,3,0.625,3,3,0.0,0.0167214595655156,0.0167214595655156,0.17708333333333331,0.375,0.03317558353357423
3,23,2,0,0.625,1,0,1.0,0.036406610996820174,0.03655349554320404,-0.07291666666666666,0.47916666666666663,0.030250844383955987
3,23,2,1,0.125,1,1,0.0,0.036406610996820174,0.036406610996820174,0.21354166666666666,0.4270833333333333,0.03810006101888638
3,23,2,2,0.125,1,2,1.0,0.036406610996820174,0.07342622639453816,0.21875,0.32291666666666663,-0.022042716254207353
3,23,2,3,0.125,3,3,0.0,0.0,0.0,0.15625,0.25,0.023129101405671187
3,23,3,0,0.125,1,0,1.0,0.04284740167437273,0.017645151910800433,0.10416666666666666,0.34375,-0.0007877558386356852
3,23,3,1,0.625,1,1,0.0,0.04284740167437273,0.04284740167437273,0.4895833333333333,0.5052083333333333,0.011951407086045314
3,23,3,2,0.125,1,2,1.0,0.04284740167437273,0.0,0.09375,0.296875,0.03799522876390497
3,23,3,3,0.125,3,3,0.0,0.0025752674823155686,0.0025752674823155686,0.16145833333333331,0.265625,0.025673192875942337
3,24,0,0,0.125,2,0,1.0,0.0,0.06976408356952922,-0.08854166666666666,0.2708333333333333,-0.015554047289048443
3,24,0,1,0.125,1,1,0.0,0.037517441607978624,0.037517441607978624,0.234375,0.3125,0.0005211291578211986
3,24,0,2,0.625,1,2,1.0,0.037517441607978624,0.0,0.08854166666666666,0.30729166666666663,0.021791207026921455
3,24,0,3,0.125,3,3,0.0,0.06840867681028903,0.06840867681028903,0.19791666666666663,0.3333333333333333,0.012959644431852815
3,24,1,0,0.125,1,0,1.0,0.023595363734344676,0.0381057468342231,0.09375,0.49479166666666663,0.03414177156368773
3,24,1,1,0.125,1,1,0.0,0.023595363734344676,0.023595363734344676,0.2552083333333333,0.45312499999999994,0.030620603790858864
3,24,1,2,0.125,1,2,1.0,0.023595363734344676,0.08974665282935904,0.09895833333333331,0.3125,0.008674327085088616
3,24,1,3,0.625,3,3,0.0,0.0,0.0,0.23437500000000003,0.41145833333333326,0.04662772319680224
3,24,2,0,0.625,1,0,1.0,0.048278252009908984,0.0032495431452831403,0.10937500000000001,0.40625,0.05250934820462313
3,24,2,1,0.125,1,1,0.0,0.048278252009908984,0.048278252009908984,0.359375,0.42708333333333326,0.01865869010330393
3,24,2,2,0.125,1,2,1.0,0.048278252009908984,0.0,0.0625,0.33854166666666663,0.04025536710682716
3,24,2,3,0.125,2,3,1.0,0.0,0.06896481309315788,0.03645833333333333,0.23958333333333331,0.005817739680049137
3,24,3,0,0.125,0,0,0.0,0.02852430774925191,0.02852430774925191,0.3020833333333333,0.4114583333333333,0.030617874321574517
3,24,3,1,0.625,0,1,1.0,0.02852430774925191,0.0,0.046874999999999986,0.49479166666666663,0.05174208481175555
3,24,3,2,0.125,2,2,0.0,0.05099025394505047,0.05099025394505047,0.16145833333333331,0.2552083333333333,0.031877803907142566
3,24,3,3,0.125,1,0,1.0,0.0,0.02852430774925191,0.036458333333333336,0.21354166666666663,-0.007436617625047479
3,25,0,0,0.125,2,0,1.0,0.02330386053327055,0.0,-0.04687500000000001,0.296875,0.05123352582434791
3,25,0,1,0.125,2,1,1.0,0.02330386053327055,0.0950765717276942,-0.03645833333333335,0.33854166666666663,0.0005502342053000117
3,25,0,2,0.625,2,2,0.0,0.02330386053327055,0.02330386053327055,0.05208333333333333,0.20312499999999997,0.007853549846075964
3,25,0,3,0.125,0,3,1.0,0.0,0.0319378351119928,-0.015624999999999997,0.21354166666666666,-0.005154340212652381
3,25,1,0,0.125,3,3,0.0,0.009703845106822123,0.009703845106822123,-0.08333333333333333,0.1875,-0.0262182950478747
3,25,1,1,0.125,1,1,0.0,0.0,0.0,0.19791666666666663,0.36979166666666663,0.025969383936976047
3,25,1,2,0.125,1,2,1.0,0.0,0.0532064513038403,0.11979166666666666,0.3489583333333333,-0.014498627495205257
3,25,1,3,0.625,3,3,0.0,0.009703845106822123,0.009703845106822123,0.13541666666666669,0.328125,0.034970171547118
3,25,2,0,0.625,0,0,0.0,0.06277401988288966,0.06277401988288966,0.23958333333333326,0.359375,0.004157125716065557
3,25,2,1,0.125,1,1,0.0,0.012340064719817856,0.012340064719817856,0.3020833333333333,0.3958333333333333,0.015005605121342205
3,25,2,2,0.125,2,2,0.0,0.030327484520236564,0.030327484520236564,0.32291666666666663,0.48958333333333326,0.013429337619945437
3,25,2,3,0.125,3,3,0.0,0.0,0.0,0.13541666666666666,0.3645833333333333,0.021198659769989057
3,25,3,0,0.125,3,0,1.0,0.012916624320821635,0.10863550376043118,0.08333333333333334,0.29166666666666663,-0.02556541091956999
3,25,3,1,0.625,1,1,0.0,0.0,0.0,0.2552083333333333,0.4114583333333333,0.0381719492781997
3,25,3,2,0.125,0,2,1.0,0.10863550376043118,0.033280411001355786,0.078125,0.33854166666666663,0.037632526512903317
3,25,3,3,0.125,2,3,1.0,0.033280411001355786,0.012916624320821635,0.19791666666666666,0.30729166666666663,0.04131152702263968
3,26,0,0,0.125,0,0,0.0,0.09503130706282413,0.09503130706282413,0.171875,0.4479166666666667,0.0029243233349023788
3,26,0,1,0.125,0,1,1.0,0.09503130706282413,0.0,0.11979166666666666,0.328125,0.061929092190346695
3,26,0,2,0.625,0,1,1.0,0.09503130706282413,0.0,0.026041666666666664,0.20833333333333331,0.026736024242093183
3,26,0,3,0.125,3,3,0.0,0.028856589117232212,0.028856589117232212,0.30729166666666663,0.47916666666666663,0.07374902495304995
3,26,1,0,0.125,3,0,1.0,0.019380351741587656,0.019751996043647954,0.06770833333333333,0.23958333333333331,0.04725511441105258
3,26,1,1,0.125,1,1,0.0,0.0,0.0,0.390625,0.453125,0.059788172642255534
3,26,1,2,0.125,1,2,1.0,0.0,0.0024083223415125865,0.06770833333333333,0.41145833333333326,0.0536277550254566
3,26,1,3,0.625,0,3,1.0,0.019751996043647954,0.019380351741587656,0.026041666666666668,0.43229166666666663,0.04076654299626507
3,26,2,0,0.625,0,0,0.0,0.018498594557613268,0.018498594557613268,0.22395833333333334,0.48437499999999994,0.030054113044175535
3,26,2,1,0.125,0,1,1.0,0.018498594557613268,0.0,0.052083333333333336,0.296875,0.04734393578271658
3,26,2,2,0.125,2,2,0.0,0.07567497031222122,0.07567497031222122,0.23958333333333331,0.46354166666666663,0.025446334382225315
3,26,2,3,0.125,3,3,0.0,0.05460302864917303,0.05460302864917303,0.21875,0.33854166666666663,-0.015192175691971746
3,26,3,0,0.125,1,0,1.0,0.04906295484249551,0.056080619031576684,0.1770833333333333,0.38541666666666663,0.043742460354974214
3,26,3,1,0.625,2,2,0.0,0.0,0.0,0.31770833333333326,0.3489583333333333,-0.00042344322243492174
3,26,3,2,0.125,1,2,1.0,0.04906295484249551,0.0,0.13541666666666666,0.42187499999999994,0.03300496882513496
3,26,3,3,0.125,3,3,0.0,0.04362740182753058,0.04362740182753058,0.14583333333333331,0.22916666666666666,0.019725714784233076
3,27,0,0,0.125,3,0,1.0,0.014592392694501355,0.045744809626675764,0.07812499999999999,0.3125,-0.006435995274069277
3,27,0,1,0.125,1,1,0.0,0.02297653547106751,0.02297653547106751,0.14583333333333331,0.3645833333333333,0.013569352414503678
3,27,0,2,0.625,2,2,0.0,0.0,0.0,0.20833333333333331,0.3333333333333333,0.024872207446129172
3,27,0,3,0.125,3,3,0.0,0.014592392694501355,0.014592392694501355,0.13541666666666666,0.26041666666666663,0.023048267791848414
3,27,1,0,0.125,0,0,0.0,0.0,0.0,0.23958333333333331,0.40104166666666663,0.03737197456694887
3,27,1,1,0.125,0,1,1.0,0.0,0.06042104570327546,0.28125,0.5520833333333333,0.04376970596501001
3,27,1,2,0.125,0,2,1.0,0.0,0.024659117425150895,-0.036458333333333336,0.32291666666666663,0.03501222963841739
3,27,1,3,0.625,0,3,1.0,0.0,0.08033257979671482,0.22395833333333331,0.39583333333333337,-0.0024804218756096967
3,27,2,0,0.625,2,0,1.0,0.0,0.016592255119023458,0.015624999999999993,0.38541666666666663,0.043526492643241044
3,27,2,1,0.125,2,2,0.0,0.0,0.0,0.13541666666666666,0.18229166666666666,0.024662620268382802
3,27,2,2,0.125,2,2,0.0,0.0,0.0,0.15625,0.375,0.04201154552982409
3,27,2,3,0.125,1,0,1.0,0.06760098884425542,0.016592255119023458,0.031249999999999997,0.14583333333333331,-0.007234277771733133
3,27,3,0,0.125,0,0,0.0,0.04745824144445235,0.04745824144445235,0.19791666666666666,0.3489583333333333,0.005894137721941075
3,27,3,1,0.625,1,1,0.0,0.0,0.0,0.27604166666666663,0.3802083333333333,0.039610493113292136
3,27,3,2,0.125,2,2,0.0,0.06818851616206427,0.06818851616206427,0.28645833333333326,0.47916666666666663,-0.0028202118950845113
3,27,3,3,0.125,3,3,0.0,0.04296785346971835,0.04296785346971835,0.24479166666666663,0.49479166666666663,0.04585188562690493
4,8,0,0,0.625,3,0,1.0,0.0,0.13116321106909157,-0.09895833333333333,0.21875,-0.028824734076464725
4,8,0,1,0.125,2,1,1.0,0.038955820380736056,0.012995193891534695,0.09374999999999999,0.20833333333333331,0.010148757077405578
4,8,0,2,0.125,3,2,1.0,0.0,0.038955820380736056,0.20833333333333331,0.43229166666666663,0.01772756150058487
4,8,0,3,0.125,1,3,1.0,0.012995193891534695,0.0,0.23437499999999997,0.359375,0.016514040324967765
4,8,1,0,0.125,2,0,1.0,0.04272587884905586,0.02823319544745702,0.04166666666666666,0.41666666666666663,0.017808428400151306
4,8,1,1,0.125,1,1,0.0,0.010887281740996874,0.010887281740996874,0.08333333333333333,0.265625,0.01563266731725798
4,8,1,2,0.125,3,2,1.0,0.0,0.04272587884905586,0.19791666666666666,0.40104166666666663,-0.010416729937846024
4,8,1,3,0.625,1,3,1.0,0.010887281740996874,0.0,0.14062499999999997,0.19270833333333331,0.028472729013404374
4,8,2,0,0.125,0,0,0.0,0.0,0.0,0.17708333333333331,0.44791666666666663,0.03528205446890075
4,8,2,1,0.125,2,1,1.0,0.022949120099733544,0.07223420285827996,0.031249999999999993,0.17187499999999997,0.00482560458288456
4,8,2,2,0.625,0,2,1.0,0.0,0.022949120099733544,0.20833333333333331,0.4739583333333333,0.015791314914909902
4,8,2,3,0.125,2,3,1.0,0.022949120099733544,0.06219358643598345,0.06770833333333331,0.3802083333333333,-0.007156408205123679
4,8,3,0,0.125,1,2,1.0,0.0,0.05122880153887022,-0.09895833333333333,0.19791666666666663,-0.02410690406837191
4,8,3,1,0.625,1,1,0.0,0.0,0.0,0.44791666666666663,0.546875,0.051753160096203704
4,8,3,2,0.125,3,2,1.0,0.02749527287205264,0.05122880153887022,0.25,0.4375,-0.0057937684274479975
4,8,3,3,0.125,1,3,1.0,0.0,0.02749527287205264,0.15625,0.3333333333333333,0.02026064780495922
4,9,0,0,0.625,2,0,1.0,0.008080496352428967,0.001058760175230572,0.19791666666666663,0.421875,0.03676141791887563
4,9,0,1,0.125,2,1,1.0,0.008080496352428967,0.0,0.08854166666666664,0.5677083333333333,0.035095132687617235
4,9,0,2,0.125,2,2,0.0,0.008080496352428967,0.008080496352428967,0.28125,0.5104166666666666,0.03354129180832768
4,9,0,3,0.125,3,3,0.0,0.056093837497899465,0.056093837497899465,0.24479166666666663,0.2708333333333333,0.005908639880586488
4,9,1,0,0.125,0,0,0.0,0.02170842739065569,0.02170842739065569,0.421875,0.515625,0.03178806048388358
4,9,1,1,0.125,0,0,0.0,0.02170842739065569,0.02170842739065569,0.03645833333333333,0.16666666666666666,0.020422233717003475
4,9,1,2,0.125,3,2,1.0,0.0,0.034962284413660435,0.18749999999999997,0.32291666666666663,-0.004818779600610051
4,9,1,3,0.625,3,3,0.0,0.0,0.0,0.13020833333333331,0.265625,0.017283548198907456
4,9,2,0,0.125,0,0,0.0,0.01895411204244249,0.01895411204244249,0.13541666666666666,0.32291666666666663,0.009926621498078768
4,9,2,1,0.125,2,1,1.0,0.0,0.026827184730098236,0.28125,0.36979166666666663,0.008736017532284993
4,9,2,2,0.625,2,2,0.0,0.0,0.0,0.17708333333333331,0.32291666666666663,0.015457396984786083
4,9,2,3,0.125,3,3,0.0,0.02849017869909684,0.02849017869909684,0.15104166666666663,0.234375,0.04069799457652584
4,9,3,0,0.125,1,3,1.0,0.059897576364867755,0.0,0.06249999999999999,0.19270833333333331,-0.001424211818698249
4,9,3,1,0.625,1,1,0.0,0.059897576364867755,0.059897576364867755,0.203125,0.26041666666666663,0.03256762825346652
4,9,3,2,0.125,3,2,1.0,0.0,0.09889321273027331,0.359375,0.484375,-0.002878366039290117
4,9,3,3,0.125,1,3,1.0,0.059897576364867755,0.0,0.19791666666666666,0.32291666666666663,0.03432576949566791
4,10,0,0,0.625,3,0,1.0,0.0,0.017518110025567135,-0.109375,0.2552083333333333,0.0006801108999645299
4,10,0,1,0.125,0,0,0.0,0.017518110025567135,0.017518110025567135,0.16145833333333331,0.25,-0.023303001101473004
4,10,0,2,0.125,3,2,1.0,0.0,0.1255571632999345,0.05208333333333333,0.21354166666666666,-0.04746536839606424
4,10,0,3,0.125,3,3,0.0,0.0,0.0,0.171875,0.21354166666666663,0.020694430820734272
4,10,1,0,0.125,0,0,0.0,0.12521684093427032,0.12521684093427032,0.17708333333333331,0.23958333333333331,-0.023490822139774884
4,10,1,1,0.125,3,1,1.0,0.0,0.10565369240252274,0.12499999999999999,0.2708333333333333,-0.0035111834047032854
4,10,1,2,0.125,2,2,0.0,0.0971291157464805,0.0971291157464805,0.35416666666666663,0.4739583333333333,0.013680983148037638
4,10,1,3,0.625,3,3,0.0,0.0,0.0,0.4114583333333333,0.484375,0.06513606820119659
4,10,2,0,0.125,2,0,1.0,0.06308364289695771,0.04945849997133053,0.0625,0.47916666666666663,0.015739519558890473
4,10,2,1,0.125,2,1,1.0,0.06308364289695771,0.11797767806313705,0.23958333333333331,0.359375,0.00032056865496242216
4,10,2,2,0.625,3,2,1.0,0.0,0.06308364289695771,0.29166666666666663,0.43229166666666663,0.0353680121447972
4,10,2,3,0.125,3,3,0.0,0.0,0.0,0.22395833333333331,0.30729166666666663,0.05747201614351092
4,10,3,0,0.125,2,0,1.0,0.02353069570947036,0.03465237278766389,0.078125,0.2552083333333333,-0.0038366256547518822
4,10,3,1,0.625,1,1,0.0,0.0,0.0,0.15625,0.296875,0.02010945147732908
4,10,3,2,0.125,2,2,0.0,0.02353069570947036,0.02353069570947036,0.30729166666666663,0.3958333333333333,0.008331948181289938
4,10,3,3,0.125,1,1,0.0,0.0,0.0,0.020833333333333322,0.08333333333333331,-0.014493123913933195
4,11,0,0,0.625,0,0,0.0,0.013894321165759296,0.013894321165759296,0.28124999999999994,0.3958333333333333,0.011571074930859534
4,11,0,1,0.125,0,0,0.0,0.013894321165759296,0.013894321165759296,0.1875,0.23958333333333331,-0.002633825299771669
4,11,0,2,0.125,2,2,0.0,0.007116281897707577,0.007116281897707577,0.32812499999999994,0.453125,-0.0007908671000532901
4,11,0,3,0.125,1,3,1.0,0.03713307984383435,0.0,0.10416666666666666,0.2552083333333333,0.02144542176078744
4,11,1,0,0.125,1,0,1.0,0.0,0.08567881348635964,0.23958333333333331,0.375,-0.016713085395699153
4,11,1,1,0.125,1,1,0.0,0.0,0.0,0.43229166666666663,0.578125,0.03589969763357154
4,11,1,2,0.125,3,2,1.0,0.015342731151591016,0.07681397226041861,0.140625,0.38541666666666663,0.017150702695851384
4,11,1,3,0.625,3,3,0.0,0.015342731151591016,0.015342731151591016,0.33854166666666663,0.359375,0.045006128629058596
4,11,2,0,0.125,1,0,1.0,0.03367429000489301,0.025862703779618773,1.3877787807814457e-17,0.24479166666666666,-0.004710493123992034
4,11,2,1,0.125,1,1,0.0,0.03367429000489301,0.03367429000489301,0.23958333333333331,0.23958333333333331,-0.0025985806840132268
4,11,2,2,0.625,3,2,1.0,0.0,0.06196414250127219,0.16666666666666666,0.24479166666666666,0.0077281762174102485
4,11,2,3,0.125,3,3,0.0,0.0,0.0,0.16145833333333331,0.29166666666666663,0.03328076005724445
4,11,3,0,0.125,1,0,1.0,0.0,0.0948135221613697,0.03645833333333333,0.27604166666666663,-0.0017870027143581115
4,11,3,1,0.625,1,1,0.0,0.0,0.0,0.203125,0.29166666666666663,0.022324462633539037
4,11,3,2,0.125,2,2,0.0,0.07709984002345696,0.07709984002345696,0.2395833333333333,0.3802083333333333,-0.02543882546876717
4,11,3,3,0.125,1,1,0.0,0.0,0.0,0.09895833333333331,0.296875,0.016779721660124886
4,12,0,0,0.625,0,0,0.0,0.0,0.0,0.15104166666666666,0.36979166666666663,0.056338540571974946
4,12,0,1,0.125,0,0,0.0,0.0,0.0,0.13020833333333331,0.20833333333333331,0.015255233447583597
4,12,0,2,0.125,0,0,0.0,0.0,0.0,-0.13541666666666666,0.16666666666666666,-0.05314930468927678
4,12,0,3,0.125,3,3,0.0,0.08188550362654043,0.08188550362654043,0.13020833333333334,0.3333333333333333,0.0424708771368417
4,12,1,0,0.125,0,0,0.0,0.0,0.0,0.078125,0.359375,0.048818047312171944
4,12,1,1,0.125,1,1,0.0,0.0800571543879268,0.0800571543879268,0.05208333333333333,0.296875,0.02113527093731896
4,12,1,2,0.125,0,2,1.0,0.0,0.11988331475245609,0.19791666666666663,0.32291666666666663,-0.028381592775948834
4,12,1,3,0.625,1,3,1.0,0.0800571543879268,0.07442835971791817,-0.005208333333333339,0.2864583333333333,-0.012070713971451453
4,12,2,0,0.125,0,0,0.0,0.028617318035977016,0.028617318035977016,0.15104166666666666,0.22395833333333331,-0.01100116464331295
4,12,2,1,0.125,1,1,0.0,0.0,0.0,0.18229166666666663,0.2552083333333333,-0.00037361683022691283
4,12,2,2,0.625,2,2,0.0,0.018729035813482647,0.018729035813482647,0.31249999999999994,0.4739583333333333,0.010074757822318188
4,12,2,3,0.125,1,1,0.0,0.0,0.0,-0.10416666666666666,0.15625,-0.048692272298173474
4,12,3,0,0.125,0,0,0.0,0.00171947564484079,0.00171947564484079,0.234375,0.3177083333333333,0.020263489184822712
4,12,3,1,0.625,0,1,1.0,0.00171947564484079,0.022377160459829737,-0.09375,0.14583333333333331,-0.0017180903943874145
4,12,3,2,0.125,3,2,1.0,0.00942662886491065,0.0,0.15625,0.44270833333333326,0.0009932181453023248
4,12,3,3,0.125,3,3,0.0,0.00942662886491065,0.00942662886491065,0.12499999999999999,0.30729166666666663,0.0007288987481709895
4,13,0,0,0.625,3,0,1.0,0.08515793204055966,0.0,-0.09374999999999999,0.3489583333333333,0.048047493692578686
4,13,0,1,0.125,3,1,1.0,0.08515793204055966,0.10810978803608105,0.15104166666666666,0.16145833333333334,-0.019164562389426657
4,13,0,2,0.125,3,2,1.0,0.08515793204055966,0.11148733493157478,0.13541666666666663,0.33333333333333326,-0.018189520387292185
4,13,0,3,0.125,3,3,0.0,0.08515793204055966,0.08515793204055966,0.010416666666666668,0.08854166666666666,-0.00978404391872313
4,13,1,0,0.125,1,0,1.0,0.06805974106740784,0.06042342090123547,0.11979166666666666,0.3333333333333333,0.008332284871345364
4,13,1,1,0.125,1,1,0.0,0.06805974106740784,0.06805974106740784,0.05208333333333332,0.14583333333333331,-0.017766070873085973
4,13,1,2,0.125,2,2,0.0,0.032829271050469594,0.032829271050469594,0.3645833333333333,0.421875,0.032033569312162474
4,13,1,3,0.625,1,3,1.0,0.06805974106740784,0.0,0.09375,0.15625,0.03514057234049874
4,13,2,0,0.125,1,0,1.0,0.0,0.05926598790501929,0.06249999999999999,0.40104166666666663,0.029074584011643638
4,13,2,1,0.125,1,1,0.0,0.0,0.0,0.49999999999999994,0.5364583333333333,0.05155932124994904
4,13,2,2,0.625,2,2,0.0,0.05443216973147762,0.05443216973147762,0.23958333333333331,0.35937499999999994,-0.010514628602473163
4,13,2,3,0.125,1,3,1.0,0.0,0.050388630574447604,0.14583333333333331,0.27604166666666663,0.022147203920802817
4,13,3,0,0.125,1,0,1.0,0.0,0.07943544902420835,-0.08333333333333334,0.1875,0.013269090469447983
4,13,3,1,0.625,3,1,1.0,0.0034438137107459244,0.0,0.23437499999999997,0.44791666666666663,0.03793887745425097
4,13,3,2,0.125,2,2,0.0,0.057007666449054833,0.057007666449054833,0.30729166666666663,0.49479166666666663,0.001394829827623941
4,13,3,3,0.125,1,3,1.0,0.0,0.0034438137107459244,0.14583333333333331,0.296875,0.04713167015728853
4,14,0,0,0.625,0,0,0.0,0.017570076800280582,0.017570076800280582,0.16145833333333334,0.23958333333333331,0.004967495152026741
4,14,0,1,0.125,3,3,0.0,0.0,0.0,0.19270833333333331,0.19791666666666666,-0.023808956880981145
4,14,0,2,0.125,2,2,0.0,0.011544880279192926,0.011544880279192926,0.33333333333333326,0.44791666666666663,0.02133160453439403
4,14,0,3,0.125,3,3,0.0,0.0,0.0,0.09374999999999999,0.21354166666666663,0.02561407762289478
4,14,1,0,0.125,0,0,0.0,0.033499475857824285,0.033499475857824285,0.24479166666666663,0.484375,0.03973464353453099
4,14,1,1,0.125,0,1,1.0,0.033499475857824285,0.0,0.08854166666666666,0.5677083333333333,0.058255822151736074
4,14,1,2,0.125,1,2,1.0,0.0,0.06583221548462032,0.17708333333333331,0.3125,0.005453846572820732
4,14,1,3,0.625,1,1,0.0,0.0,0.0,-0.015625000000000007,0.15104166666666666,-0.02244220893189344
4,14,2,0,0.125,3,0,1.0,0.015656664009992258,0.01005894945391439,0.07291666666666666,0.17708333333333331,-0.0013305318172607424
4,14,2,1,0.125,0,1,1.0,0.01005894945391439,0.006974943481300497,0.08333333333333333,0.24479166666666663,0.003026767098115584
4,14,2,2,0.625,2,2,0.0,0.0,0.0,0.23437499999999997,0.4479166666666667,0.011781576233932887
4,14,2,3,0.125,1,3,1.0,0.006974943481300497,0.015656664009992258,0.09895833333333334,0.15104166666666669,0.011685795990918816
4,14,3,0,0.125,1,0,1.0,0.02764961731132641,0.0,-0.020833333333333332,0.32291666666666663,0.004220688725170313
4,14,3,1,0.625,1,1,0.0,0.02764961731132641,0.02764961731132641,0.22916666666666669,0.5,0.010565971975280709
4,14,3,2,0.125,1,1,0.0,0.02764961731132641,0.02764961731132641,0.15624999999999997,0.3333333333333333,0.008408620116115276
4,14,3,3,0.125,1,1,0.0,0.02764961731132641,0.02764961731132641,0.010416666666666671,0.140625,0.002413795127176547
4,15,0,0,0.625,0,0,0.0,0.0,0.0,0.2395833333333333,0.43749999999999994,0.019522218468989078
4,15,0,1,0.125,1,1,0.0,0.043769020619186944,0.043769020619186944,0.22395833333333331,0.38541666666666663,0.013435406443871555
4,15,0,2,0.125,0,2,1.0,0.0,0.08143075759266702,0.13020833333333331,0.21354166666666666,-0.008252144161319024
4,15,0,3,0.125,3,3,0.0,0.01842062625004831,0.01842062625004831,0.33854166666666663,0.39062499999999994,0.05418915422371773
4,15,1,0,0.125,0,0,0.0,0.0,0.0,0.036458333333333336,0.29166666666666663,-0.007612465126482443
4,15,1,1,0.125,3,1,1.0,0.032247944351218,0.01763554043370212,0.09374999999999999,0.5364583333333333,0.032226857489608775
4,15,1,2,0.125,2,2,0.0,0.02433112358036299,0.02433112358036299,0.29166666666666663,0.39583333333333326,0.02323789608858618
4,15,1,3,0.625,1,1,0.0,0.01763554043370212,0.01763554043370212,0.140625,0.234375,0.006082705055096918
4,15,2,0,0.125,1,0,1.0,0.06467876280224437,0.061965652201645446,-0.06770833333333333,0.17708333333333331,-0.011853567187996445
4,15,2,1,0.125,1,1,0.0,0.06467876280224437,0.06467876280224437,0.3489583333333333,0.3697916666666667,-0.013447208023236274
4,15,2,2,0.625,2,2,0.0,0.0,0.0,0.1875,0.4375,0.013379598511548477
4,15,2,3,0.125,3,3,0.0,0.0370127553974261,0.0370127553974261,0.25520833333333337,0.3333333333333333,0.010365470402120247
4,15,3,0,0.125,0,0,0.0,0.0,0.0,0.09895833333333333,0.3020833333333333,0.045240536050400064
4,15,3,1,0.625,0,0,0.0,0.0,0.0,0.015624999999999997,0.0625,0.011244271017525615
4,15,3,2,0.125,2,2,0.0,0.038892698602967735,0.038892698602967735,0.421875,0.5260416666666666,0.020297461938520153
4,15,3,3,0.125,2,3,1.0,0.038892698602967735,0.11912882258650245,0.005208333333333336,0.17187499999999997,-0.00983281058981262
4,16,0,0,0.625,0,0,0.0,0.05747388193513725,0.05747388193513725,0.36979166666666663,0.42708333333333326,-0.01760024257983097
4,16,0,1,0.125,0,1,1.0,0.05747388193513725,0.017896712445137603,0.1875,0.3645833333333333,0.018545440810753586
4,16,0,2,0.125,3,2,1.0,0.0,0.024316474623296946,0.3177083333333333,0.546875,0.0361364573742446
4,16,0,3,0.125,1,3,1.0,0.017896712445137603,0.0,0.3125,0.42187499999999994,0.047800168888271266
4,16,1,0,0.125,0,0,0.0,0.07406370793786224,0.07406370793786224,0.234375,0.36458333333333326,0.0020403736316598137
4,16,1,1,0.125,1,1,0.0,0.06632177405045861,0.06632177405045861,0.10937499999999999,0.265625,-0.003071844374244488
4,16,1,2,0.125,2,2,0.0,0.0,0.0,0.3333333333333333,0.4739583333333333,0.04502506277694739
4,16,1,3,0.625,3,3,0.0,0.017889906948846318,0.017889906948846318,0.25,0.38541666666666663,0.035469863043853904
4,16,2,0,0.125,0,0,0.0,0.05633236654055078,0.05633236654055078,0.20312499999999997,0.32291666666666663,0.014178510262720677
4,16,2,1,0.125,0,1,1.0,0.05633236654055078,0.0,0.11979166666666666,0.3489583333333333,0.03362997781428974
4,16,2,2,0.625,3,2,1.0,0.003095591555361099,0.09592539601705788,0.22916666666666666,0.44791666666666663,-0.011266504158104004
4,16,2,3,0.125,1,3,1.0,0.0,0.003095591555361099,0.09375,0.24999999999999997,0.04470613737954674
4,16,3,0,0.125,0,0,0.0,0.0322900150442017,0.0322900150442017,0.30729166666666663,0.38541666666666663,0.016814109544759828
4,16,3,1,0.625,1,1,0.0,0.0,0.0,0.3333333333333333,0.44791666666666663,0.027846839485944186
4,16,3,2,0.125,3,2,1.0,0.05804724852355761,0.08262421451598365,0.109375,0.29166666666666663,-0.026342854840782304
4,16,3,3,0.125,1,3,1.0,0.0,0.05804724852355761,0.140625,0.2864583333333333,0.019703876402988964
4,17,0,0,0.625,0,0,0.0,0.0,0.0,0.23958333333333331,0.421875,0.029772906669454043
4,17,0,1,0.125,1,1,0.0,0.04614337383332209,0.04614337383332209,0.36979166666666663,0.4270833333333333,-0.015379028485071014
4,17,0,2,0.125,2,2,0.0,0.017525898271448487,0.017525898271448487,0.20833333333333331,0.3333333333333333,-0.009000505053784595
4,17,0,3,0.125,1,1,0.0,0.04614337383332209,0.04614337383332209,0.06770833333333333,0.17187499999999997,-0.0076116749671175125
4,17,1,0,0.125,2,0,1.0,0.034145510249856556,0.10267209186142667,-0.09374999999999999,0.24479166666666663,-0.013291811872559574
4,17,1,1,0.125,2,1,1.0,0.034145510249856556,0.0038161900390298598,-0.078125,0.1875,-0.00604600514730837
4,17,1,2,0.125,3,2,1.0,0.0,0.034145510249856556,0.18229166666666666,0.3177083333333333,0.018508002165898457
4,17,1,3,0.625,1,3,1.0,0.0038161900390298598,0.0,-0.015625000000000007,0.2708333333333333,-0.002765059086170957
4,17,2,0,0.125,1,0,1.0,0.0,0.023806584076395076,-0.010416666666666666,0.38541666666666663,0.013136897735619938
4,17,2,1,0.125,1,1,0.0,0.0,0.0,0.109375,0.359375,0.017146513381653846
4,17,2,2,0.625,3,2,1.0,0.03401972305313887,0.03428777176897138,0.12499999999999997,0.41145833333333326,-0.0007229968833314304
4,17,2,3,0.125,1,1,0.0,0.0,0.0,0.15104166666666666,0.22395833333333331,0.013292097874875532
4,17,3,0,0.125,1,0,1.0,0.02588655800580751,0.0025761246173243713,-0.026041666666666668,0.25,0.0035279593429583733
4,17,3,1,0.625,1,1,0.0,0.02588655800580751,0.02588655800580751,0.40104166666666663,0.49479166666666663,0.027263795708794853
4,17,3,2,0.125,2,2,0.0,0.038578985529202206,0.038578985529202206,0.28125,0.4375,-0.004906812741503167
4,17,3,3,0.125,3,3,0.0,0.0,0.0,0.09375,0.20833333333333334,0.01105224294566526
4,18,0,0,0.625,2,0,1.0,0.02721304617202898,0.058739697671754146,-0.015624999999999997,0.32291666666666663,-0.010689940603885308
4,18,0,1,0.125,2,1,1.0,0.02721304617202898,0.0,0.04166666666666666,0.4583333333333333,0.011872228539975863
4,18,0,2,0.125,3,2,1.0,0.0006814033359459348,0.02721304617202898,0.15104166666666666,0.40104166666666663,0.0007461350185253051
4,18,0,3,0.125,3,3,0.0,0.0006814033359459348,0.0006814033359459348,0.34375,0.3489583333333333,0.03165936140619837
4,18,1,0,0.125,3,0,1.0,0.036598814401637356,0.052349853878697145,0.12499999999999999,0.47916666666666663,0.008384878532897027
4,18,1,1,0.125,1,1,0.0,0.0,0.0,0.16666666666666666,0.40104166666666663,0.04382433154074858
4,18,1,2,0.125,2,2,0.0,0.06649549670407805,0.06649549670407805,0.2864583333333333,0.46874999999999994,0.028333272560875387
4,18,1,3,0.625,3,3,0.0,0.036598814401637356,0.036598814401637356,0.24999999999999997,0.35416666666666663,0.02478190257597429
4,18,2,0,0.125,3,0,1.0,0.047303703869498906,0.05924757899261479,0.10937499999999999,0.3802083333333333,0.002230648356198021
4,18,2,1,0.125,1,1,0.0,0.0,0.0,0.18749999999999997,0.328125,0.03618888188076257
4,18,2,2,0.625,3,2,1.0,0.047303703869498906,0.10471845141316652,0.08333333333333333,0.19791666666666669,-0.006095958046504343
4,18,2,3,0.125,1,3,1.0,0.0,0.047303703869498906,0.20833333333333331,0.25,0.027389691848079514
4,18,3,0,0.125,1,0,1.0,0.03698233685104471,0.0,0.16145833333333331,0.5260416666666666,0.043188876535709575
4,18,3,1,0.625,1,1,0.0,0.03698233685104471,0.03698233685104471,0.24479166666666666,0.27604166666666663,0.004327136422672537
4,18,3,2,0.125,2,2,0.0,0.05134694596726219,0.05134694596726219,0.19270833333333331,0.43229166666666663,0.0009878710598398483
4,18,3,3,0.125,0,0,0.0,0.0,0.0,0.062499999999999986,0.171875,0.04269420257364887
4,19,0,0,0.625,3,0,1.0,0.05417818808353493,0.019720134421065738,-0.08854166666666666,0.3020833333333333,0.008830030297072237
4,19,0,1,0.125,1,1,0.0,0.0,0.0,0.13020833333333331,0.38020833333333326,0.01849887896822937
4,19,0,2,0.125,2,2,0.0,0.0329674195180614,0.0329674195180614,0.35416666666666663,0.4375,-0.0087520279212718
4,19,0,3,0.125,1,3,1.0,0.0,0.05417818808353493,0.10937499999999999,0.171875,-0.027332581116434922
4,19,1,0,0.125,0,0,0.0,0.0015999674118573198,0.0015999674118573198,0.421875,0.59375,0.014120863802992187
4,19,1,1,0.125,0,1,1.0,0.0015999674118573198,0.014046189603742668,0.09375,0.29166666666666663,0.022242248831460594
4,19,1,2,0.125,0,2,1.0,0.0015999674118573198,0.006225706394654598,0.20833333333333331,0.53125,0.020970292074056717
4,19,1,3,0.625,1,3,1.0,0.014046189603742668,0.0,0.03125,0.26041666666666663,0.031437586789758595
4,19,2,0,0.125,2,0,1.0,0.0,0.09620646337751913,0.005208333333333336,0.3645833333333333,0.004084785565388176
4,19,2,1,0.125,3,3,0.0,0.009005247340104133,0.009005247340104133,0.14583333333333331,0.296875,0.006934620721940919
4,19,2,2,0.625,2,2,0.0,0.0,0.0,0.34375,0.5208333333333333,0.05467062945942965
4,19,2,3,0.125,3,3,0.0,0.009005247340104133,0.009005247340104133,0.171875,0.36979166666666663,0.02806591604025629
4,19,3,0,0.125,2,0,1.0,0.017697288245093368,0.0,0.08333333333333333,0.4375,0.04607920121897738
4,19,3,1,0.625,1,1,0.0,0.03471049110132492,0.03471049110132492,0.3802083333333333,0.421875,0.04157118328775476
4,19,3,2,0.125,3,1,1.0,0.050438045865442455,0.03471049110132492,0.14583333333333331,0.3802083333333333,0.0129923647697793
4,19,3,3,0.125,1,3,1.0,0.03471049110132492,0.050438045865442455,0.19791666666666663,0.21874999999999997,0.019090506395736003
4,20,0,0,0.625,2,0,1.0,0.0,0.03469340559300489,-0.11979166666666666,0.40104166666666663,0.009205266122973198
4,20,0,1,0.125,2,2,0.0,0.0,0.0,0.23958333333333331,0.38541666666666663,0.04012768329421546
4,20,0,2,0.125,2,2,0.0,0.0,0.0,0.2708333333333333,0.49999999999999994,0.029427118676846848
4,20,0,3,0.125,1,0,1.0,0.019443294142167264,0.03469340559300489,0.09374999999999999,0.16666666666666666,0.02720069507604045
4,20,1,0,0.125,1,0,1.0,0.03134348518891947,0.00942448043735733,0.036458333333333315,0.44270833333333326,0.03786800621290987
4,20,1,1,0.125,1,1,0.0,0.03134348518891947,0.03134348518891947,0.15104166666666666,0.296875,0.00836769597145696
4,20,1,2,0.125,2,2,0.0,0.0,0.0,0.4114583333333333,0.5208333333333333,0.02109943985739869
4,20,1,3,0.625,1,3,1.0,0.03134348518891947,0.01284975935256949,0.2552083333333333,0.35416666666666663,0.04078205512032247
4,20,2,0,0.125,0,0,0.0,0.05600885645880352,0.05600885645880352,0.16145833333333331,0.3125,0.017531073939917163
4,20,2,1,0.125,1,1,0.0,0.0,0.0,0.11979166666666666,0.45312499999999994,0.03498836674908234
4,20,2,2,0.625,2,2,0.0,0.1101073173898424,0.1101073173898424,0.15104166666666663,0.35416666666666663,0.0127278480893183
4,20,2,3,0.125,3,3,0.0,0.06502935822862918,0.06502935822862918,0.265625,0.5,0.01738867046376076
4,20,3,0,0.125,3,0,1.0,0.0,0.08745425020333743,0.234375,0.35416666666666663,0.007300245021134955
4,20,3,1,0.625,3,1,1.0,0.0,0.008335444424832777,0.20833333333333331,0.359375,0.0401685525469197
4,20,3,2,0.125,1,2,1.0,0.008335444424832777,0.11189036135452703,0.1875,0.3645833333333333,-0.01168192994798813
4,20,3,3,0.125,3,3,0.0,0.0,0.0,0.29166666666666663,0.45312499999999994,0.04284110347601613
4,21,0,0,0.625,0,0,0.0,0.0,0.0,-0.015624999999999993,0.20312499999999997,-0.01599143329979295
4,21,0,1,0.125,1,1,0.0,0.005593082967026153,0.005593082967026153,0.24479166666666666,0.5833333333333333,0.010210297565351991
4,21,0,2,0.125,2,2,0.0,0.012614717337774028,0.012614717337774028,0.1875,0.3489583333333333,-0.005194294758530597
4,21,0,3,0.125,3,3,0.0,0.022656155142300544,0.022656155142300544,0.27604166666666663,0.3125,0.029737485580501613
4,21,1,0,0.125,2,0,1.0,0.0,0.026981393319708558,0.09374999999999997,0.3489583333333333,0.028436277526217624
4,21,1,1,0.125,1,1,0.0,0.014335978195406301,0.014335978195406301,0.30729166666666663,0.421875,0.050254390606605547
4,21,1,2,0.125,2,2,0.0,0.0,0.0,0.4114583333333333,0.484375,0.017145989992003053
4,21,1,3,0.625,0,3,1.0,0.026981393319708558,0.027914854406919376,-0.057291666666666685,0.265625,0.028243411633777384
4,21,2,0,0.125,3,0,1.0,0.0,0.06132446635194565,0.09895833333333331,0.3020833333333333,0.010192703322239925
4,21,2,1,0.125,1,1,0.0,0.005741905203825032,0.005741905203825032,0.3958333333333333,0.41666666666666663,0.018717905837668154
4,21,2,2,0.625,2,2,0.0,0.030021285276622914,0.030021285276622914,0.30729166666666663,0.4427083333333333,0.029269199808752092
4,21,2,3,0.125,1,3,1.0,0.005741905203825032,0.0,0.22395833333333331,0.2916666666666667,0.03940802702614478
4,21,3,0,0.125,1,0,1.0,0.0,0.10354621089551207,-0.109375,0.25,-0.003936121432403347
4,21,3,1,0.625,1,1,0.0,0.0,0.0,0.046874999999999986,0.35416666666666663,0.04129731196965391
4,21,3,2,0.125,2,2,0.0,0.10028571462269247,0.10028571462269247,0.46875,0.609375,-0.022112988564874134
4,21,3,3,0.125,1,3,1.0,0.0,0.08060061385645442,0.09374999999999999,0.18749999999999997,0.01415965337995415
4,22,0,0,0.625,0,0,0.0,0.02333247183386994,0.02333247183386994,0.19791666666666663,0.2864583333333333,0.03315537864642874
4,22,0,1,0.125,0,1,1.0,0.02333247183386994,0.0,-0.08854166666666666,0.18229166666666666,0.015848008426363403
4,22,0,2,0.125,3,2,1.0,0.05750456224368555,0.05618291806266967,-0.010416666666666657,0.28125,-0.00829943503163144
4,22,0,3,0.125,1,3,1.0,0.0,0.05750456224368555,0.010416666666666664,0.265625,-0.005472777225286577
4,22,1,0,0.125,0,0,0.0,0.008927130200004796,0.008927130200004796,0.21875,0.3802083333333333,0.00352120738537604
4,22,1,1,0.125,3,1,1.0,0.0,0.059264308577869754,0.05208333333333333,0.09895833333333331,-0.01952238001099359
4,22,1,2,0.125,3,0,1.0,0.0,0.008927130200004796,0.0625,0.2864583333333333,-0.009452816489780495
4,22,1,3,0.625,1,3,1.0,0.059264308577869754,0.0,-0.020833333333333336,0.140625,0.02357596873813524
4,22,2,0,0.125,0,0,0.0,0.0,0.0,0.0625,0.203125,0.01670073439453707
4,22,2,1,0.125,0,1,1.0,0.0,0.08693207786074224,0.10937499999999997,0.203125,-0.011149376066592815
4,22,2,2,0.625,2,2,0.0,0.06636305090576046,0.06636305090576046,0.07291666666666666,0.25,-0.014491904319773602
4,22,2,3,0.125,1,3,1.0,0.08693207786074224,0.05059947828094362,0.09375,0.27604166666666663,0.006633960192628202
4,22,3,0,0.125,3,0,1.0,0.0,0.10410023339801186,-0.09375,0.296875,-0.026823721653498438
4,22,3,1,0.625,1,1,0.0,0.014624494951122807,0.014624494951122807,0.22916666666666666,0.41145833333333326,0.017906783090540872
4,22,3,2,0.125,2,2,0.0,0.05278346788390295,0.05278346788390295,0.16666666666666663,0.390625,-0.013132675786019104
4,22,3,3,0.125,1,3,1.0,0.014624494951122807,0.0,0.2552083333333333,0.42187499999999994,0.03520779001260996
4,23,0,0,0.625,3,2,1.0,0.0,0.07288761911850812,-0.15104166666666669,0.20312499999999997,-0.011886130250193035
4,23,0,1,0.125,1,1,0.0,0.05262502601385276,0.05262502601385276,0.31770833333333337,0.3645833333333333,0.00879483887713188
4,23,0,2,0.125,3,2,1.0,0.0,0.07288761911850812,0.18229166666666666,0.49479166666666663,0.01535328176804769
4,23,0,3,0.125,3,3,0.0,0.0,0.0,0.3541666666666667,0.41145833333333326,0.04295429298386134
4,23,1,0,0.125,3,3,0.0,0.052979950226435674,0.052979950226435674,0.026041666666666678,0.18229166666666666,-0.010983614093854212
4,23,1,1,0.125,0,1,1.0,0.08842655884001126,0.02716268364524224,0.03645833333333332,0.49999999999999994,0.03900214714769085
4,23,1,2,0.125,1,2,1.0,0.02716268364524224,0.0,0.16666666666666666,0.4114583333333333,0.04236017795943894
4,23,1,3,0.625,1,3,1.0,0.02716268364524224,0.052979950226435674,0.15625,0.20833333333333331,0.004822752948473087
4,23,2,0,0.125,2,0,1.0,0.009942629941089298,0.0,0.23958333333333331,0.46874999999999994,0.05623617579702969
4,23,2,1,0.125,1,1,0.0,0.05972011621101346,0.05972011621101346,0.31249999999999994,0.421875,-0.024458925209036673
4,23,2,2,0.625,0,2,1.0,0.0,0.009942629941089298,0.21875,0.4427083333333333,0.03596982832143306
4,23,2,3,0.125,3,3,0.0,0.03687088179718767,0.03687088179718767,0.36979166666666663,0.4739583333333333,0.03351911946074359
4,23,3,0,0.125,3,0,1.0,0.0,0.08508905011663517,0.10937499999999999,0.2864583333333333,0.019057624598377815
4,23,3,1,0.625,3,1,1.0,0.0,0.03486412619881993,0.13020833333333331,0.20833333333333331,0.01275588840935734
4,23,3,2,0.125,2,2,0.0,0.031280730093027884,0.031280730093027884,0.26041666666666663,0.42187499999999994,0.025404962783524217
4,23,3,3,0.125,1,3,1.0,0.03486412619881993,0.0,0.11979166666666666,0.3333333333333333,0.042575606575790674
4,24,0,0,0.625,2,0,1.0,0.0,0.06458595175742533,0.07291666666666664,0.16666666666666666,-0.04408232479992737
4,24,0,1,0.125,2,1,1.0,0.0,0.008622580257096335,0.17708333333333331,0.296875,0.01545324365165469
4,24,0,2,0.125,2,2,0.0,0.0,0.0,0.20833333333333331,0.4739583333333333,-0.0057283097536615915
4,24,0,3,0.125,1,2,1.0,0.008622580257096335,0.0,0.06770833333333334,0.10416666666666664,0.015856868736708826
4,24,1,0,0.125,3,0,1.0,0.0,0.03825125514729652,0.10416666666666664,0.33854166666666663,0.00024254498342961026
4,24,1,1,0.125,3,3,0.0,0.0,0.0,0.041666666666666664,0.12499999999999999,-0.028359199561643768
4,24,1,2,0.125,2,2,0.0,0.016114512149125973,0.016114512149125973,0.35416666666666663,0.59375,0.025137257869262988
4,24,1,3,0.625,2,3,1.0,0.016114512149125973,0.0,0.026041666666666657,0.11458333333333331,0.015093272135109992
4,24,2,0,0.125,3,0,1.0,0.0,0.10124414662782548,-0.078125,0.38020833333333337,-0.016291538473266892
4,24,2,1,0.125,1,1,0.0,0.07128411499470205,0.07128411499470205,0.421875,0.47916666666666663,0.017643486090528206
4,24,2,2,0.625,3,2,1.0,0.0,0.0394695565163003,0.22395833333333331,0.40104166666666663,0.0059657735046061726
4,24,2,3,0.125,3,3,0.0,0.0,0.0,0.16145833333333331,0.26041666666666663,0.020376366845147677
4,24,3,0,0.125,0,0,0.0,0.04955219024172658,0.04955219024172658,0.19270833333333331,0.3020833333333333,-0.02088531271250684
4,24,3,1,0.625,1,1,0.0,0.0,0.0,0.30729166666666663,0.5,0.04366694271470869
4,24,3,2,0.125,2,2,0.0,0.0003575821851210387,0.0003575821851210387,0.20833333333333331,0.3489583333333333,-6.347090026728188e-05
4,24,3,3,0.125,1,3,1.0,0.0,0.00314674697753671,0.19270833333333331,0.34375,0.02334752400296177
4,25,0,0,0.625,1,0,1.0,0.0,0.04694716992462561,0.11979166666666666,0.33854166666666663,0.018578278683291236
4,25,0,1,0.125,3,1,1.0,0.009699600477170875,0.0,0.2552083333333333,0.4427083333333333,0.04156087436290458
4,25,0,2,0.125,3,2,1.0,0.009699600477170875,0.0903343429039329,0.16666666666666669,0.3333333333333333,0.002982643718401996
4,25,0,3,0.125,1,3,1.0,0.0,0.009699600477170875,0.10937499999999999,0.18229166666666663,0.012781665661515739
4,25,1,0,0.125,1,0,1.0,0.055959076909399524,0.00013236746016465073,0.09374999999999999,0.5104166666666666,0.03701077927498446
4,25,1,1,0.125,1,1,0.0,0.055959076909399524,0.055959076909399524,0.390625,0.44791666666666663,0.012688610228081978
4,25,1,2,0.125,2,2,0.0,0.0,0.0,0.265625,0.43229166666666663,0.03402121612680186
4,25,1,3,0.625,3,3,0.0,0.02703858392889523,0.02703858392889523,0.30729166666666663,0.42187499999999994,0.0389559675524676
4,25,2,0,0.125,3,0,1.0,0.0,0.05112442462899436,0.031249999999999997,0.29166666666666663,0.01054789827721304
4,25,2,1,0.125,1,1,0.0,0.04419509169219035,0.04419509169219035,0.21875,0.32291666666666663,0.03269443507783029
4,25,2,2,0.625,0,2,1.0,0.05112442462899436,0.08014738338593447,0.16666666666666663,0.4739583333333333,-0.028047130872956304
4,25,2,3,0.125,3,3,0.0,0.0,0.0,0.2708333333333333,0.40624999999999994,0.05671235437008572
4,25,3,0,0.125,3,0,1.0,0.06828478894233538,0.037089995931588016,0.11458333333333333,0.296875,0.014948021565375225
4,25,3,1,0.625,1,1,0.0,0.0,0.0,0.26041666666666663,0.3177083333333333,0.029390526078656505
4,25,3,2,0.125,2,2,0.0,0.08414445850405475,0.08414445850405475,0.359375,0.5520833333333333,0.013197685005388492
4,25,3,3,0.125,1,3,1.0,0.0,0.06828478894233538,-0.04687500000000001,0.24479166666666666,-0.03436484350322331
4,26,0,0,0.625,0,0,0.0,0.018378678971547976,0.018378678971547976,-0.140625,0.296875,-0.018777089296383637
4,26,0,1,0.125,1,1,0.0,0.00038391088585951194,0.00038391088585951194,0.14062499999999997,0.39062499999999994,0.0303347880908557
4,26,0,2,0.125,2,2,0.0,0.0,0.0,0.15104166666666666,0.39062499999999994,-0.00557649557520468
4,26,0,3,0.125,1,2,1.0,0.00038391088585951194,0.0,-0.078125,0.046875,-0.008790281150320262
4,26,1,0,0.125,0,0,0.0,0.04557889667352612,0.04557889667352612,-0.08333333333333334,0.14583333333333331,-0.008089514898150138
4,26,1,1,0.125,3,1,1.0,0.0,0.02502349084377009,-0.03125,0.21354166666666666,0.003865798041096607
4,26,1,2,0.125,0,2,1.0,0.04557889667352612,0.04995070629333864,0.11979166666666666,0.28125,-0.00557160583535482
4,26,1,3,0.625,1,3,1.0,0.02502349084377009,0.0,-6.938893903907228e-18,0.10937499999999999,0.01713241114923665
4,26,2,0,0.125,3,0,1.0,0.0,0.13052335015783567,-0.03125000000000001,0.171875,-0.0030204478934679935
4,26,2,1,0.125,3,3,0.0,0.0,0.0,0.05729166666666666,0.11979166666666666,-0.06345477095804318
4,26,2,2,0.625,3,2,1.0,0.0,0.16634145610813733,0.16145833333333331,0.4583333333333333,-0.011875148443854315
4,26,2,3,0.125,3,3,0.0,0.0,0.0,0.3489583333333333,0.36979166666666663,0.05354611331408361
4,26,3,0,0.125,0,0,0.0,0.0,0.0,0.09374999999999997,0.328125,0.0008458331893245864
4,26,3,1,0.625,0,1,1.0,0.0,0.04674078763970048,0.09374999999999999,0.20312499999999997,-0.008901471525162085
4,26,3,2,0.125,2,2,0.0,0.008952221585109554,0.008952221585109554,0.37499999999999994,0.5052083333333333,0.015043793800475774
4,26,3,3,0.125,2,3,1.0,0.008952221585109554,0.04833556138017191,-0.03125,0.171875,-0.0010375353229099317
4,27,0,0,0.625,0,0,0.0,0.0866844248887371,0.0866844248887371,0.03645833333333333,0.171875,-0.0424011079508954
4,27,0,1,0.125,1,1,0.0,0.052796570077623395,0.052796570077623395,0.22395833333333331,0.3020833333333333,0.011954261598437255
4,27,0,2,0.125,2,2,0.0,0.05125559146236827,0.05125559146236827,0.24999999999999997,0.3645833333333333,0.015081267505802872
4,27,0,3,0.125,3,3,0.0,0.0,0.0,0.22916666666666666,0.375,0.0585131744935137
4,27,1,0,0.125,1,0,1.0,0.013293659263074714,0.040856007281824244,0.29166666666666663,0.515625,0.027490060984306713
4,27,1,1,0.125,1,1,0.0,0.013293659263074714,0.013293659263074714,0.21874999999999997,0.40625,0.026940821508157676
4,27,1,2,0.125,1,0,1.0,0.013293659263074714,0.040856007281824244,0.10416666666666666,0.19270833333333331,-0.007831531284817521
4,27,1,3,0.625,1,3,1.0,0.013293659263074714,0.0,0.3125,0.42187499999999994,0.05932341338788267
4,27,2,0,0.125,2,0,1.0,0.07761448767493721,0.0,0.12499999999999999,0.375,0.02408130407684817
4,27,2,1,0.125,2,1,1.0,0.07761448767493721,0.04506910967861116,0.010416666666666664,0.24479166666666663,0.02935724048484406
4,27,2,2,0.625,0,2,1.0,0.0,0.07761448767493721,0.07291666666666666,0.234375,-0.009871725794685206
4,27,2,3,0.125,1,3,1.0,0.04506910967861116,0.0163602199745706,0.09895833333333333,0.19791666666666666,0.020232866252171494
4,27,3,0,0.125,1,0,1.0,0.03801549763445293,0.0,0.020833333333333336,0.28125,0.010203094095323514
4,27,3,1,0.625,1,1,0.0,0.03801549763445293,0.03801549763445293,0.18749999999999997,0.25,-0.028717428844495973
4,27,3,2,0.125,2,2,0.0,0.019943410250761767,0.019943410250761767,0.15104166666666666,0.2864583333333333,-0.00967554493126351
4,27,3,3,0.125,1,3,1.0,0.03801549763445293,0.014814624405699556,-0.03645833333333333,0.18229166666666666,-0.009000003709590362
5,8,0,0,0.125,0,0,0.0,0.0,0.0,-0.005208333333333337,0.20833333333333331,0.010404491292100465
5,8,0,1,0.125,1,1,0.0,0.0668947185343694,0.0668947185343694,0.18229166666666666,0.33854166666666663,0.022999718477533945
5,8,0,2,0.125,1,2,1.0,0.0668947185343694,0.08545591032124067,0.062499999999999986,0.2864583333333333,-0.010636380604038254
5,8,0,3,0.625,0,3,1.0,0.0,0.08980991192310304,0.36458333333333326,0.4114583333333333,0.022360356770629208
5,8,1,0,0.625,0,0,0.0,0.009045359650334928,0.009045359650334928,0.15104166666666666,0.22916666666666666,0.04162778749112936
5,8,1,1,0.125,1,1,0.0,0.005711203945360954,0.005711203945360954,0.13020833333333331,0.41666666666666663,0.0004944173743623181
5,8,1,2,0.125,2,2,0.0,0.020247252943417934,0.020247252943417934,0.21354166666666666,0.3645833333333333,0.008357520495409195
5,8,1,3,0.125,3,3,0.0,0.0,0.0,0.43229166666666663,0.5208333333333333,0.06658326258683919
5,8,2,0,0.125,3,3,0.0,0.0,0.0,0.18229166666666669,0.203125,0.03216954723544246
5,8,2,1,0.125,1,1,0.0,0.10864063420343853,0.10864063420343853,0.11458333333333331,0.15104166666666666,-0.028003548065184836
5,8,2,2,0.625,2,2,0.0,0.060313522955766724,0.060313522955766724,0.19270833333333331,0.30729166666666663,0.008176298416873413
5,8,2,3,0.125,3,3,0.0,0.0,0.0,0.28125,0.3645833333333333,0.05431332762676012
5,8,3,0,0.125,0,0,0.0,0.0,0.0,0.10416666666666666,0.2864583333333333,0.00955576718867433
5,8,3,1,0.625,2,1,1.0,0.014562378921974733,0.0051815673351062325,0.02604166666666666,0.28125,0.01677581453665464
5,8,3,2,0.125,1,2,1.0,0.0051815673351062325,0.014562378921974733,0.203125,0.41666666666666663,-0.014086290258762452
5,8,3,3,0.125,1,0,1.0,0.0051815673351062325,0.0,0.13541666666666663,0.22916666666666666,-0.004885192650549192
5,9,0,0,0.125,1,3,1.0,0.054810992411509385,0.0,0.02083333333333333,0.3333333333333333,0.04661987706209772
5,9,0,1,0.125,1,3,1.0,0.054810992411509385,0.0,0.1875,0.26041666666666663,0.0249715030112237
5,9,0,2,0.125,1,2,1.0,0.054810992411509385,0.10518903290446449,0.13541666666666666,0.32291666666666663,-0.009668070176573588
5,9,0,3,0.625,3,3,0.0,0.0,0.0,0.359375,0.484375,0.05267556588215745
5,9,1,0,0.625,0,0,0.0,0.06610232433243508,0.06610232433243508,0.2552083333333333,0.35416666666666663,0.026317807564846012
5,9,1,1,0.125,1,1,0.0,0.05421564666780031,0.05421564666780031,0.20833333333333331,0.3020833333333333,-0.015003673477985832
5,9,1,2,0.125,2,2,0.0,0.0,0.0,0.24999999999999997,0.65625,0.03909331635264617
5,9,1,3,0.125,2,3,1.0,0.0,0.034212321877029384,0.34375,0.38541666666666663,0.03425043965455533
5,9,2,0,0.125,0,0,0.0,0.0005268201246835108,0.0005268201246835108,0.19270833333333331,0.34374999999999994,0.0472165266074835
5,9,2,1,0.125,1,0,1.0,0.026799146111601363,0.0005268201246835108,0.13020833333333331,0.17708333333333334,0.0153392179780733
5,9,2,2,0.625,0,1,1.0,0.0005268201246835108,0.026799146111601363,0.16145833333333331,0.22916666666666663,-0.006832836627577039
5,9,2,3,0.125,3,3,0.0,0.0,0.0,0.3020833333333333,0.47916666666666663,0.078493675139508
5,9,3,0,0.125,0,0,0.0,0.0,0.0,0.27604166666666663,0.34895833333333326,0.05003428495787936
5,9,3,1,0.625,1,1,0.0,0.05017530214345553,0.05017530214345553,0.04687499999999999,0.30729166666666663,-0.0203952565894161
5,9,3,2,0.125,1,2,1.0,0.05017530214345553,0.03251797924141146,0.21354166666666663,0.2864583333333333,-0.007392909313533776
5,9,3,3,0.125,3,3,0.0,0.009472585066019307,0.009472585066019307,0.15104166666666663,0.34375,0.03093215541635142
5,10,0,0,0.125,0,0,0.0,0.0,0.0,0.109375,0.28125,0.045195471947648294
5,10,0,1,0.125,0,1,1.0,0.0,0.05665550255256491,0.11979166666666667,0.20833333333333331,0.039269413432126796
5,10,0,2,0.125,0,2,1.0,0.0,0.11662478197523438,0.020833333333333332,0.19791666666666666,-0.04163226094428283
5,10,0,3,0.625,3,0,1.0,0.11236305639732186,0.0,0.0625,0.24479166666666666,-0.021545123440837505
5,10,1,0,0.625,1,0,1.0,0.037114048542793696,0.05441937163050467,0.0052083333333333304,0.24479166666666663,0.024688582737476473
5,10,1,1,0.125,1,1,0.0,0.037114048542793696,0.037114048542793696,0.125,0.20833333333333331,0.023164054647858135
5,10,1,2,0.125,2,2,0.0,0.0714687949151535,0.0714687949151535,0.22395833333333331,0.3125,-0.0008919146804697661
5,10,1,3,0.125,3,3,0.0,0.0,0.0,0.38541666666666663,0.6875,0.0749750864504419
5,10,2,0,0.125,0,0,0.0,0.0,0.0,0.2708333333333333,0.5625,0.06978868288646875
5,10,2,1,0.125,1,1,0.0,0.043682066236273104,0.043682066236273104,0.22916666666666666,0.32291666666666663,0.011430848292436619
5,10,2,2,0.625,1,2,1.0,0.043682066236273104,0.09867515574539573,0.296875,0.44791666666666663,-0.016482119777713893
5,10,2,3,0.125,0,3,1.0,0.0,0.03401353708489813,0.18749999999999994,0.49479166666666663,0.03729176286569127
5,10,3,0,0.125,0,0,0.0,0.0,0.0,0.16666666666666663,0.40624999999999994,0.03239202613566913
5,10,3,1,0.625,1,1,0.0,0.02202165964473346,0.02202165964473346,0.16145833333333331,0.4583333333333333,0.03968658907399262
5,10,3,2,0.125,1,0,1.0,0.02202165964473346,0.0,0.041666666666666664,0.24479166666666666,0.0015712666164132694
5,10,3,3,0.125,0,3,1.0,0.0,0.05387022736532304,0.2864583333333333,0.421875,0.030560655836773948
5,11,0,0,0.125,0,0,0.0,0.0,0.0,0.2552083333333333,0.38541666666666663,0.05461170238754915
5,11,0,1,0.125,1,1,0.0,0.0026428988581941593,0.0026428988581941593,0.3020833333333333,0.4583333333333333,0.0181036505163162
5,11,0,2,0.125,1,2,1.0,0.0026428988581941593,0.009838198854508928,0.07812499999999999,0.40624999999999994,0.003974247422932849
5,11,0,3,0.625,3,3,0.0,0.002623889298047438,0.002623889298047438,0.07291666666666666,0.27604166666666663,0.023903303921348304
5,11,1,0,0.625,3,0,1.0,0.008210176530582841,0.0,0.03645833333333332,0.22395833333333331,0.015519561312672337
5,11,1,1,0.125,1,1,0.0,0.08342499058651257,0.08342499058651257,0.07291666666666666,0.20312499999999997,-0.03991214405889323
5,11,1,2,0.125,1,2,1.0,0.08342499058651257,0.12025580490523909,0.15624999999999997,0.390625,0.007044707880785971
5,11,1,3,0.125,3,3,0.0,0.008210176530582841,0.008210176530582841,0.3489583333333333,0.4270833333333333,0.030626020997498404
5,11,2,0,0.125,1,0,1.0,0.05904430982061441,0.053657502933298934,0.09895833333333333,0.34895833333333326,0.023690323348906334
5,11,2,1,0.125,0,0,0.0,0.053657502933298934,0.053657502933298934,0.06249999999999999,0.09895833333333331,0.026164932446829443
5,11,2,2,0.625,0,1,1.0,0.053657502933298934,0.05904430982061441,0.14583333333333331,0.25,-0.010579178131586306
5,11,2,3,0.125,3,3,0.0,0.0,0.0,0.13020833333333331,0.36979166666666663,0.05507647486130858
5,11,3,0,0.125,0,0,0.0,0.0,0.0,0.25,0.41666666666666663,0.06279490921806578
5,11,3,1,0.625,3,0,1.0,0.0652176570514203,0.0,-0.06770833333333333,0.15104166666666666,0.014304797668014815
5,11,3,2,0.125,2,2,0.0,0.05449975788191691,0.05449975788191691,0.296875,0.48437499999999994,-0.0008945349065102318
5,11,3,3,0.125,0,3,1.0,0.0,0.0652176570514203,0.16145833333333331,0.3125,0.03546704075467621
5,12,0,0,0.125,2,0,1.0,0.036945607281219345,0.04231759668681359,0.06770833333333334,0.3645833333333333,0.030726129906688417
5,12,0,1,0.125,2,1,1.0,0.036945607281219345,0.03366315439786649,0.03645833333333333,0.23958333333333331,0.01669165892683015
5,12,0,2,0.125,2,2,0.0,0.036945607281219345,0.036945607281219345,0.36979166666666663,0.48437499999999994,0.02645325643346707
5,12,0,3,0.625,1,3,1.0,0.03366315439786649,0.0,0.29166666666666663,0.375,0.05803622267161593
5,12,1,0,0.625,0,0,0.0,0.0,0.0,0.13020833333333331,0.35416666666666663,0.028823566514198675
5,12,1,1,0.125,1,1,0.0,0.005035262584536321,0.005035262584536321,0.02604166666666667,0.21354166666666666,0.04195815416707078
5,12,1,2,0.125,1,2,1.0,0.005035262584536321,0.060199912899396094,0.08854166666666666,0.35416666666666663,-0.031042193952352044
5,12,1,3,0.125,0,3,1.0,0.0,0.02274969784073541,0.20833333333333331,0.265625,0.024769000781490715
5,12,2,0,0.125,0,0,0.0,0.016198101836266382,0.016198101836266382,0.1875,0.32291666666666663,0.030772852107341913
5,12,2,1,0.125,1,1,0.0,0.01797675940498686,0.01797675940498686,0.10416666666666666,0.171875,0.016152190725150565
5,12,2,2,0.625,1,2,1.0,0.01797675940498686,0.08791714376575888,0.24479166666666666,0.43229166666666663,-0.001973798861001595
5,12,2,3,0.125,3,3,0.0,0.0,0.0,0.3020833333333333,0.33854166666666663,0.009985290252562146
5,12,3,0,0.125,0,0,0.0,0.06616948918114648,0.06616948918114648,0.3177083333333333,0.484375,0.006934440813233728
5,12,3,1,0.625,2,1,1.0,0.05949178863036997,0.019482008153303393,0.140625,0.33854166666666663,0.008734063929447514
5,12,3,2,0.125,0,2,1.0,0.06616948918114648,0.05949178863036997,0.19791666666666663,0.359375,0.00885559325643653
5,12,3,3,0.125,3,3,0.0,0.0,0.0,0.2552083333333333,0.5052083333333333,0.04156797568035372
5,13,0,0,0.125,3,0,1.0,0.0,0.07258927393095635,0.07291666666666667,0.18229166666666666,0.020714741259967608
5,13,0,1,0.125,1,1,0.0,0.023144926315886896,0.023144926315886896,0.171875,0.234375,0.0227509149894148
5,13,0,2,0.125,1,1,0.0,0.023144926315886896,0.023144926315886896,0.19270833333333331,0.2552083333333333,-0.032226314215235245
5,13,0,3,0.625,3,3,0.0,0.0,0.0,0.3125,0.45833333333333326,0.05594883503913506
5,13,1,0,0.625,0,0,0.0,0.010371793790053124,0.010371793790053124,0.11458333333333331,0.22916666666666666,0.02315466981509919
5,13,1,1,0.125,1,1,0.0,0.0,0.0,0.109375,0.14583333333333331,0.029970368894036068
5,13,1,2,0.125,1,2,1.0,0.0,0.08022346030371322,0.11458333333333331,0.47395833333333326,-0.03515638202822159
5,13,1,3,0.125,3,3,0.0,0.025106071389543086,0.025106071389543086,0.25,0.5364583333333333,0.06913216222968664
5,13,2,0,0.125,0,0,0.0,0.03139758831986025,0.03139758831986025,0.390625,0.5,0.08677918733426204
5,13,2,1,0.125,3,1,1.0,0.0,0.14409902309829414,0.07291666666666666,0.15625,-0.028275655835852252
5,13,2,2,0.625,3,2,1.0,0.0,0.12429846502229526,-0.010416666666666671,0.328125,-0.02953606038607095
5,13,2,3,0.125,3,3,0.0,0.0,0.0,0.35416666666666663,0.45312499999999994,0.05652807945803005
5,13,3,0,0.125,1,0,1.0,0.01021740976025065,0.09542717063208597,0.09895833333333331,0.39062499999999994,0.011693847596735175
5,13,3,1,0.625,1,1,0.0,0.01021740976025065,0.01021740976025065,0.21875,0.28125,0.0026856438633479952
5,13,3,2,0.125,1,1,0.0,0.01021740976025065,0.01021740976025065,0.22916666666666666,0.359375,0.017579466122582956
5,13,3,3,0.125,3,3,0.0,0.0,0.0,0.24479166666666663,0.328125,0.041502133055509226
5,14,0,0,0.125,0,0,0.0,0.0,0.0,0.18229166666666666,0.33854166666666663,0.04211850122488071
5,14,0,1,0.125,0,2,1.0,0.0,0.04042359027491958,0.06770833333333333,0.18229166666666663,-0.035316787534398125
5,14,0,2,0.125,2,2,0.0,0.04042359027491958,0.04042359027491958,0.15104166666666666,0.26041666666666663,-0.009318496516766191
5,14,0,3,0.625,0,3,1.0,0.0,0.04145185728622003,0.06249999999999999,0.3177083333333333,0.0057392215099381465
5,14,1,0,0.625,1,0,1.0,0.0,0.033491698091037206,0.15104166666666666,0.3125,0.05522656005200857
5,14,1,1,0.125,1,1,0.0,0.0,0.0,0.09895833333333333,0.23958333333333331,0.03795144711114404
5,14,1,2,0.125,1,2,1.0,0.0,0.09241718417588501,0.171875,0.3645833333333333,0.015662658445862634
5,14,1,3,0.125,3,3,0.0,0.010714528056223596,0.010714528056223596,0.265625,0.45312499999999994,0.06148581917380532
5,14,2,0,0.125,1,0,1.0,0.024398626899906573,0.0,0.15625,0.43229166666666663,0.032424968196756526
5,14,2,1,0.125,0,1,1.0,0.0,0.024398626899906573,0.09895833333333334,0.19270833333333334,0.005872336362449479
5,14,2,2,0.625,2,2,0.0,0.021901840221499602,0.021901840221499602,0.09895833333333333,0.30729166666666663,0.011122202922797116
5,14,2,3,0.125,3,3,0.0,0.00913648962283918,0.00913648962283918,0.21875,0.4270833333333333,0.03222110566092195
5,14,3,0,0.125,1,1,0.0,0.0,0.0,-0.02604166666666667,0.11458333333333331,-0.010625703072433438
5,14,3,1,0.625,1,1,0.0,0.0,0.0,0.34374999999999994,0.3958333333333333,0.038970711045518275
5,14,3,2,0.125,1,2,1.0,0.0,0.04268827705147049,-0.015624999999999998,0.19270833333333331,-0.03375076020703767
5,14,3,3,0.125,3,3,0.0,0.004633339191065025,0.004633339191065025,0.22916666666666666,0.32291666666666663,0.02962120208698954
5,15,0,0,0.125,1,0,1.0,0.02013116297543624,0.0,0.09374999999999997,0.30208333333333326,0.05786743807205032
5,15,0,1,0.125,1,1,0.0,0.02013116297543624,0.02013116297543624,0.14583333333333334,0.3333333333333333,0.02318791700329945
5,15,0,2,0.125,1,1,0.0,0.02013116297543624,0.02013116297543624,0.08333333333333331,0.26041666666666663,-0.03499291834258911
5,15,0,3,0.625,3,3,0.0,0.036262201093776314,0.036262201093776314,0.23437499999999997,0.4427083333333333,0.026769637393006092
5,15,1,0,0.625,0,0,0.0,0.0004933565751330249,0.0004933565751330249,0.21875,0.28125,0.057829412146840224
5,15,1,1,0.125,3,1,1.0,0.0,0.060506530406369455,0.14583333333333331,0.18749999999999997,0.003161569568967189
5,15,1,2,0.125,2,2,0.0,0.05984802356690502,0.05984802356690502,0.2552083333333333,0.29166666666666663,-0.0030644043757658748
5,15,1,3,0.125,0,3,1.0,0.0004933565751330249,0.0,0.20833333333333331,0.38020833333333326,0.04246226955578008
5,15,2,0,0.125,0,0,0.0,0.0,0.0,0.31249999999999994,0.44791666666666663,0.04369893262669496
5,15,2,1,0.125,1,1,0.0,0.02599263253306358,0.02599263253306358,0.15625,0.23958333333333331,0.01480205069943628
5,15,2,2,0.625,2,2,0.0,0.06676088288351006,0.06676088288351006,0.22916666666666663,0.328125,0.010756655582594244
5,15,2,3,0.125,0,3,1.0,0.0,0.06367845211951063,0.26041666666666663,0.375,0.026023066523094315
5,15,3,0,0.125,1,3,1.0,0.008134208978932661,0.0,0.0625,0.08333333333333333,0.01713643039754261
5,15,3,1,0.625,1,1,0.0,0.008134208978932661,0.008134208978932661,0.17708333333333331,0.28125,0.0167240748549975
5,15,3,2,0.125,1,2,1.0,0.008134208978932661,0.04115238087401485,0.13541666666666666,0.38541666666666663,-0.02295063786280459
5,15,3,3,0.125,3,3,0.0,0.0,0.0,0.15625,0.19270833333333331,0.02169419024653186
5,16,0,0,0.125,0,0,0.0,0.0,0.0,0.21874999999999997,0.4114583333333333,0.03304776450717861
5,16,0,1,0.125,1,1,0.0,0.01005030988372696,0.01005030988372696,0.234375,0.36979166666666663,0.012894842283371425
5,16,0,2,0.125,0,2,1.0,0.0,0.034815245183552404,0.17708333333333334,0.35416666666666663,0.016273033818618818
5,16,0,3,0.625,3,3,0.0,0.047384704275467496,0.047384704275467496,0.27604166666666663,0.43229166666666663,0.03984617908006601
5,16,1,0,0.625,0,0,0.0,0.0,0.0,0.33854166666666663,0.46874999999999994,0.06663410227528944
5,16,1,1,0.125,0,1,1.0,0.0,0.07765326781238037,-1.3877787807814457e-17,0.2864583333333333,-0.005702490592879353
5,16,1,2,0.125,2,2,0.0,0.08459110984671603,0.08459110984671603,0.18229166666666663,0.38541666666666663,-0.00967468418240079
5,16,1,3,0.125,0,0,0.0,0.0,0.0,0.33333333333333326,0.41666666666666663,0.04253765417506709
5,16,2,0,0.125,3,0,1.0,0.0,0.07052061569456652,0.25,0.359375,0.04163336980731088
5,16,2,1,0.125,1,1,0.0,0.09627455409791343,0.09627455409791343,0.05208333333333333,0.08333333333333333,-0.01959372696976935
5,16,2,2,0.625,0,2,1.0,0.07052061569456652,0.11977027829650586,0.0625,0.3177083333333333,-0.009701942296819869
5,16,2,3,0.125,3,3,0.0,0.0,0.0,0.37499999999999994,0.43229166666666663,0.05616361736792814
5,16,3,0,0.125,3,0,1.0,0.0,0.0007583137951766017,0.17187499999999997,0.5104166666666666,0.0489508909684852
5,16,3,1,0.625,0,1,1.0,0.0007583137951766017,0.00897981060627355,0.23958333333333331,0.4583333333333333,0.040863303322175186
5,16,3,2,0.125,2,2,0.0,0.09056375418705143,0.09056375418705143,0.22395833333333334,0.375,-0.029957439231018918
5,16,3,3,0.125,3,3,0.0,0.0,0.0,0.3125,0.39062499999999994,0.02846455776617918
5,17,0,0,0.125,0,0,0.0,0.0,0.0,0.29166666666666663,0.47395833333333326,0.07620158933367527
5,17,0,1,0.125,1,1,0.0,0.0472737120719606,0.0472737120719606,0.16666666666666666,0.21875,-0.013668095157969077
5,17,0,2,0.125,0,2,1.0,0.0,0.06476791780046061,0.296875,0.43229166666666663,0.00463993726139312
5,17,0,3,0.625,3,3,0.0,0.004982501571470788,0.004982501571470788,0.21354166666666666,0.30729166666666663,0.02178301483720344
5,17,1,0,0.625,0,0,0.0,0.0,0.0,0.24479166666666663,0.390625,0.04372435883322897
5,17,1,1,0.125,1,1,0.0,0.01905847921380957,0.01905847921380957,0.234375,0.32291666666666663,0.02568357473394018
5,17,1,2,0.125,2,2,0.0,0.05113373862451687,0.05113373862451687,0.17708333333333331,0.36979166666666663,0.0036810292381192476
5,17,1,3,0.125,0,3,1.0,0.0,0.03686322120670471,0.22916666666666666,0.28125,0.024159212672976743
5,17,2,0,0.125,0,0,0.0,0.07266362278796433,0.07266362278796433,0.18749999999999997,0.23958333333333331,0.026432736330167007
5,17,2,1,0.125,1,1,0.0,0.046468519955447624,0.046468519955447624,0.2708333333333333,0.42708333333333326,0.02055594523801403
5,17,2,2,0.625,2,2,0.0,0.08901680190826977,0.08901680190826977,0.16666666666666666,0.30729166666666663,-0.008235373287592232
5,17,2,3,0.125,0,3,1.0,0.07266362278796433,0.0,0.015624999999999972,0.2552083333333333,0.02891546579206889
5,17,3,0,0.125,1,0,1.0,0.10002774468939353,0.0622045172019875,0.140625,0.296875,0.03176387887136625
5,17,3,1,0.625,3,1,1.0,0.0,0.10002774468939353,0.18229166666666666,0.19791666666666663,-0.019317495503747718
5,17,3,2,0.125,0,2,1.0,0.0622045172019875,0.13029193274878983,0.16666666666666666,0.27604166666666663,-0.0034314044358342037
5,17,3,3,0.125,3,3,0.0,0.0,0.0,0.30729166666666663,0.6302083333333333,0.10595506648266209
5,18,0,0,0.125,0,0,0.0,0.012753753581813437,0.012753753581813437,0.09374999999999997,0.265625,0.03879491243644259
5,18,0,1,0.125,2,1,1.0,0.036636555026313286,0.04517503760373795,-0.052083333333333336,0.22395833333333331,-0.0005096359496527308
5,18,0,2,0.125,2,2,0.0,0.036636555026313286,0.036636555026313286,0.22916666666666663,0.5,0.014685724201166307
5,18,0,3,0.625,3,3,0.0,0.0,0.0,0.41666666666666663,0.6510416666666666,0.06447031295791528
5,18,1,0,0.625,0,0,0.0,0.0,0.0,0.16145833333333331,0.328125,0.06043404248419091
5,18,1,1,0.125,2,1,1.0,0.07359038455064246,0.1252752963284245,0.11458333333333331,0.16666666666666663,0.025515498605572916
5,18,1,2,0.125,2,2,0.0,0.07359038455064246,0.07359038455064246,0.19791666666666663,0.375,0.023404546597142136
5,18,1,3,0.125,0,0,0.0,0.0,0.0,0.27604166666666663,0.359375,0.014900546373991068
5,18,2,0,0.125,1,0,1.0,0.04264069029036188,0.014995458112623428,0.23958333333333331,0.48437499999999994,0.05476307364594408
5,18,2,1,0.125,0,1,1.0,0.014995458112623428,0.04264069029036188,0.026041666666666657,0.18229166666666666,0.030742653857182778
5,18,2,2,0.625,2,2,0.0,0.09816295539120062,0.09816295539120062,0.18229166666666666,0.3020833333333333,-0.01064996939132703
5,18,2,3,0.125,3,3,0.0,0.0,0.0,0.328125,0.49479166666666663,0.04628175084812019
5,18,3,0,0.125,0,0,0.0,0.0037632530776685325,0.0037632530776685325,0.07291666666666666,0.22395833333333331,0.02465508029954677
5,18,3,1,0.625,1,1,0.0,0.022043128815921728,0.022043128815921728,0.19270833333333331,0.28645833333333326,-0.01862959135023325
5,18,3,2,0.125,1,2,1.0,0.022043128815921728,0.02514924537328611,0.23958333333333331,0.3802083333333333,-0.015251223315118408
5,18,3,3,0.125,2,3,1.0,0.02514924537328611,0.0,0.015624999999999986,0.18229166666666666,-0.0027628311988803665
5,19,0,0,0.125,0,0,0.0,0.0,0.0,0.22916666666666666,0.47395833333333326,0.03697557693215063
5,19,0,1,0.125,0,1,1.0,0.0,0.026316542885862215,-0.026041666666666668,0.20833333333333331,-0.002348744621334707
5,19,0,2,0.125,2,2,0.0,0.05419104570691602,0.05419104570691602,0.19270833333333331,0.3333333333333333,0.0008872583114815646
5,19,0,3,0.625,3,3,0.0,0.025082535366053413,0.025082535366053413,0.30729166666666663,0.35937499999999994,0.04542782403868938
5,19,1,0,0.625,2,3,1.0,0.0,0.055971027132798806,0.10937499999999999,0.21354166666666663,0.023164069982629987
5,19,1,1,0.125,2,2,0.0,0.0,0.0,0.09895833333333333,0.21875,-0.00047113420440994915
5,19,1,2,0.125,2,2,0.0,0.0,0.0,0.203125,0.41666666666666663,0.030953276711280186
5,19,1,3,0.125,3,3,0.0,0.055971027132798806,0.055971027132798806,0.34895833333333326,0.44791666666666663,0.03772274415635268
5,19,2,0,0.125,0,0,0.0,0.0,0.0,0.13020833333333331,0.28125,0.045328557020399236
5,19,2,1,0.125,1,1,0.0,0.10422884633623747,0.10422884633623747,0.08333333333333333,0.29166666666666663,-0.027101139332247354
5,19,2,2,0.625,2,2,0.0,0.09415411881814212,0.09415411881814212,0.23437499999999997,0.359375,-0.010317785916306717
5,19,2,3,0.125,0,0,0.0,0.0,0.0,0.27604166666666663,0.3125,0.034343788666487816
5,19,3,0,0.125,2,0,1.0,0.03802451833340245,0.0,0.11979166666666669,0.296875,0.05764551894030629
5,19,3,1,0.625,1,1,0.0,0.08677482398261085,0.08677482398261085,0.22395833333333331,0.3177083333333333,-0.0013067767748118223
5,19,3,2,0.125,2,2,0.0,0.03802451833340245,0.03802451833340245,0.43229166666666663,0.671875,0.01902140699788637
5,19,3,3,0.125,0,3,1.0,0.0,0.09647911400276658,-0.010416666666666678,0.20312499999999997,-0.0075485295154767845
5,20,0,0,0.125,0,0,0.0,0.0,0.0,0.14583333333333331,0.3020833333333333,0.033053586957834426
5,20,0,1,0.125,0,1,1.0,0.0,0.09075122434057276,0.16666666666666663,0.2708333333333333,0.020438282503280454
5,20,0,2,0.125,0,2,1.0,0.0,0.14713764182363762,0.11979166666666666,0.27604166666666663,-0.028852577775404644
5,20,0,3,0.625,0,3,1.0,0.0,0.13053316842962848,0.20833333333333331,0.33854166666666663,-0.020949755581061037
5,20,1,0,0.625,1,0,1.0,0.0,0.06297567299513397,0.11458333333333334,0.21875,0.003357393555271632
5,20,1,1,0.125,1,1,0.0,0.0,0.0,-0.010416666666666685,0.20312499999999997,0.008180126324721416
5,20,1,2,0.125,1,2,1.0,0.0,0.05766884623276014,0.19270833333333331,0.27604166666666663,-0.021644824093246744
5,20,1,3,0.125,3,3,0.0,0.008491205529810558,0.008491205529810558,0.15625,0.32291666666666663,0.022146231316490017
5,20,2,0,0.125,3,0,1.0,0.0,0.0097891874047496,0.046874999999999986,0.3802083333333333,0.0371235185921515
5,20,2,1,0.125,1,1,0.0,0.041525332655447944,0.041525332655447944,0.05729166666666666,0.1875,0.010692268565495485
5,20,2,2,0.625,0,2,1.0,0.0097891874047496,0.12838424049155617,0.20833333333333331,0.33854166666666663,-0.002238042833407683
5,20,2,3,0.125,3,3,0.0,0.0,0.0,0.35416666666666663,0.453125,0.03483486482140493
5,20,3,0,0.125,0,0,0.0,0.04210822816700607,0.04210822816700607,0.078125,0.16145833333333331,0.01724448708239884
5,20,3,1,0.625,3,1,1.0,0.0,0.018202621324985874,0.10416666666666666,0.32291666666666663,0.01638192070968565
5,20,3,2,0.125,1,2,1.0,0.018202621324985874,0.10315923753926988,0.09375,0.46875,-0.02259128159324791
5,20,3,3,0.125,3,3,0.0,0.0,0.0,0.07812499999999999,0.36979166666666663,0.04844546571183381
5,21,0,0,0.125,3,0,1.0,0.0670941095946026,0.0,-0.010416666666666671,0.3645833333333333,0.033838765275819194
5,21,0,1,0.125,0,0,0.0,0.0,0.0,0.08333333333333333,0.15625,-0.047893475942490174
5,21,0,2,0.125,2,2,0.0,0.17321887787139095,0.17321887787139095,0.16666666666666666,0.27604166666666663,-0.05940159190532614
5,21,0,3,0.625,0,3,1.0,0.0,0.0670941095946026,0.34895833333333326,0.5208333333333333,0.03941481271113649
5,21,1,0,0.625,1,0,1.0,0.06061580950007135,0.022675022468789552,-0.01562500000000001,0.3020833333333333,0.011665737067870679
5,21,1,1,0.125,3,1,1.0,0.0,0.06061580950007135,0.046875,0.20833333333333331,-0.005026162222021309
5,21,1,2,0.125,1,2,1.0,0.06061580950007135,0.09678803693367716,-0.05729166666666667,0.078125,-0.05377167313507284
5,21,1,3,0.125,3,3,0.0,0.0,0.0,0.18229166666666666,0.21875,0.01148856899220238
5,21,2,0,0.125,0,0,0.0,0.002775602787553705,0.002775602787553705,0.3177083333333333,0.453125,0.06185428111636311
5,21,2,1,0.125,2,0,1.0,0.0,0.002775602787553705,0.026041666666666664,0.19270833333333331,-0.0036314520329641473
5,21,2,2,0.625,2,2,0.0,0.0,0.0,0.06249999999999999,0.40104166666666663,0.013349901509013863
5,21,2,3,0.125,0,0,0.0,0.002775602787553705,0.002775602787553705,0.32291666666666663,0.46875,0.022370706503737257
5,21,3,0,0.125,0,0,0.0,0.0,0.0,0.33854166666666663,0.4270833333333333,0.06689268663141254
5,21,3,1,0.625,1,1,0.0,0.04406198287805013,0.04406198287805013,0.15625,0.38020833333333326,0.0004821494971641472
5,21,3,2,0.125,1,1,0.0,0.04406198287805013,0.04406198287805013,0.09895833333333331,0.26041666666666663,-0.004811418295881588
5,21,3,3,0.125,1,1,0.0,0.04406198287805013,0.04406198287805013,-0.04166666666666667,0.21354166666666666,0.003873838401772436
5,22,0,0,0.125,0,0,0.0,0.06606651642716213,0.06606651642716213,0.06770833333333333,0.19791666666666663,-0.0010542595181394438
5,22,0,1,0.125,0,0,0.0,0.06606651642716213,0.06606651642716213,0.057291666666666664,0.16666666666666669,-0.03137727076452504
5,22,0,2,0.125,2,2,0.0,0.0008328313154379319,0.0008328313154379319,0.17708333333333331,0.36979166666666663,0.01957690419722641
5,22,0,3,0.625,3,3,0.0,0.0,0.0,0.14583333333333331,0.3802083333333333,0.03081405778488953
5,22,1,0,0.625,1,0,1.0,0.0,0.03833073437320675,-0.04166666666666667,0.19791666666666663,-0.005019081780046252
5,22,1,1,0.125,1,1,0.0,0.0,0.0,0.140625,0.265625,2.3816845311403167e-05
5,22,1,2,0.125,1,2,1.0,0.0,0.06730439776021555,0.010416666666666661,0.25,-0.01831548683469997
5,22,1,3,0.125,3,3,0.0,0.027608848771427413,0.027608848771427413,0.39583333333333326,0.46875,0.02946493633690879
5,22,2,0,0.125,1,2,1.0,0.08018768526690885,0.010429104096149583,0.09895833333333331,0.35416666666666663,0.01609172445803684
5,22,2,1,0.125,3,1,1.0,0.0,0.08018768526690885,-0.010416666666666657,0.171875,0.003512646329753815
5,22,2,2,0.625,2,2,0.0,0.010429104096149583,0.010429104096149583,0.1875,0.3645833333333333,0.019641399330871747
5,22,2,3,0.125,3,3,0.0,0.0,0.0,0.16666666666666666,0.36979166666666663,0.04333064011012329
5,22,3,0,0.125,0,0,0.0,0.0,0.0,0.11458333333333331,0.33854166666666663,0.050954169418564677
5,22,3,1,0.625,1,1,0.0,0.04436755440120488,0.04436755440120488,0.16145833333333331,0.32291666666666663,0.02426895134147286
5,22,3,2,0.125,1,2,1.0,0.04436755440120488,0.08581667920808626,0.20312499999999997,0.46354166666666663,-0.011834978830629958
5,22,3,3,0.125,0,0,0.0,0.0,0.0,0.234375,0.34895833333333326,0.03998269906294766
5,23,0,0,0.125,3,0,1.0,0.0,0.13345743684919867,0.01562499999999999,0.13541666666666666,-0.0468836310964895
5,23,0,1,0.125,1,1,0.0,0.10706976674149397,0.10706976674149397,0.17708333333333331,0.234375,-0.02496052458733758
5,23,0,2,0.125,3,2,1.0,0.0,0.14838268442787367,-0.08333333333333334,0.265625,-0.03200878429446807
5,23,0,3,0.625,3,3,0.0,0.0,0.0,0.11458333333333334,0.23958333333333331,0.014521765295367651
5,23,1,0,0.625,0,0,0.0,0.0,0.0,0.12499999999999999,0.26041666666666663,0.03708719869122173
5,23,1,1,0.125,1,1,0.0,0.06794729119892691,0.06794729119892691,0.14583333333333331,0.18229166666666666,-0.020728049261214705
5,23,1,2,0.125,0,2,1.0,0.0,0.09758614463504235,0.04687499999999999,0.21354166666666663,0.013860744531373216
5,23,1,3,0.125,3,3,0.0,0.025027501520092255,0.025027501520092255,0.3333333333333333,0.4427083333333333,0.045890425370009785
5,23,2,0,0.125,0,0,0.0,0.0,0.0,0.19270833333333331,0.3333333333333333,0.029185211468793472
5,23,2,1,0.125,1,1,0.0,0.06038620243126808,0.06038620243126808,0.26041666666666663,0.3125,-0.015100531030595145
5,23,2,2,0.625,2,2,0.0,0.02859358921248789,0.02859358921248789,0.16666666666666666,0.296875,-0.009145483643408716
5,23,2,3,0.125,3,3,0.0,0.01047658340092339,0.01047658340092339,0.32291666666666663,0.40625,0.02223716428829607
5,23,3,0,0.125,0,0,0.0,0.0,0.0,0.08854166666666666,0.44270833333333326,0.02939224485156796
5,23,3,1,0.625,1,1,0.0,0.05595886538331821,0.05595886538331821,0.3020833333333333,0.3802083333333333,0.01224916341914183
5,23,3,2,0.125,0,1,1.0,0.0,0.05595886538331821,0.10416666666666666,0.21354166666666666,-0.029817321770945402
5,23,3,3,0.125,0,3,1.0,0.0,0.04859547092413444,0.2552083333333333,0.3489583333333333,0.0360246964249488
5,24,0,0,0.125,1,0,1.0,0.0,0.012270311052484884,0.12499999999999999,0.26041666666666663,0.03589582895961789
5,24,0,1,0.125,1,1,0.0,0.0,0.0,0.171875,0.24479166666666666,0.009478957947821744
5,24,0,2,0.125,1,1,0.0,0.0,0.0,0.09895833333333333,0.26041666666666663,-0.025144687274240407
5,24,0,3,0.625,3,3,0.0,0.04540577572745233,0.04540577572745233,0.22395833333333331,0.28645833333333337,0.016344361591726576
5,24,1,0,0.625,3,0,1.0,0.0,0.0009184525081503969,-8.673617379884035e-18,0.30729166666666663,0.04730961203130106
5,24,1,1,0.125,0,0,0.0,0.0009184525081503969,0.0009184525081503969,0.09375,0.15104166666666666,0.000741836581151209
5,24,1,2,0.125,0,2,1.0,0.0009184525081503969,0.10738270928382432,0.14583333333333331,0.23958333333333331,-0.010031998137140063
5,24,1,3,0.125,3,3,0.0,0.0,0.0,0.3020833333333333,0.40104166666666663,0.05800748524577756
5,24,2,0,0.125,0,0,0.0,0.0,0.0,0.12499999999999997,0.24999999999999997,0.06269400873491833
5,24,2,1,0.125,3,1,1.0,0.006842804647626488,0.09161496368699149,0.15104166666666663,0.3697916666666667,0.01767952987725558
5,24,2,2,0.625,2,2,0.0,0.03890566652706701,0.03890566652706701,0.21875,0.4427083333333333,0.032882125422607225
5,24,2,3,0.125,0,3,1.0,0.0,0.006842804647626488,0.33854166666666663,0.37499999999999994,0.0462360655361863
5,24,3,0,0.125,0,0,0.0,0.0,0.0,0.3958333333333333,0.53125,0.06980289823114168
5,24,3,1,0.625,1,1,0.0,0.023395385451536382,0.023395385451536382,0.26041666666666663,0.32291666666666663,0.02379454343966993
5,24,3,2,0.125,2,2,0.0,0.07877790229172447,0.07877790229172447,0.23437499999999997,0.3020833333333333,-0.018816945824870132
5,24,3,3,0.125,3,3,0.0,0.01201125438735906,0.01201125438735906,0.09895833333333333,0.21354166666666666,0.0035282963956821444
5,25,0,0,0.125,1,0,1.0,0.005852461423023675,0.0,0.13541666666666669,0.30729166666666663,0.02123695796796075
5,25,0,1,0.125,1,1,0.0,0.005852461423023675,0.005852461423023675,0.30729166666666663,0.32291666666666663,0.0018601641190194294
5,25,0,2,0.125,1,1,0.0,0.005852461423023675,0.005852461423023675,0.23437499999999997,0.45833333333333326,0.030383487615547433
5,25,0,3,0.625,0,0,0.0,0.0,0.0,0.15624999999999997,0.39583333333333326,0.009455450769696824
5,25,1,0,0.625,0,0,0.0,0.004982686582905099,0.004982686582905099,0.26562499999999994,0.38541666666666663,0.06339244838770203
5,25,1,1,0.125,1,1,0.0,0.0,0.0,0.25,0.2864583333333333,0.033271061746394825
5,25,1,2,0.125,1,2,1.0,0.0,0.03544064057573823,0.12499999999999999,0.328125,-0.0004627859663366934
5,25,1,3,0.125,0,0,0.0,0.004982686582905099,0.004982686582905099,0.2552083333333333,0.3177083333333333,0.029064097324932456
5,25,2,0,0.125,2,0,1.0,0.012351540581626741,0.03931253821862171,0.19791666666666663,0.2708333333333333,0.031806763869831285
5,25,2,1,0.125,1,1,0.0,0.047958838537343035,0.047958838537343035,0.140625,0.2552083333333333,-0.010988822418354235
5,25,2,2,0.625,2,2,0.0,0.012351540581626741,0.012351540581626741,0.18749999999999997,0.42187499999999994,0.01806997412583673
5,25,2,3,0.125,3,3,0.0,0.0,0.0,0.4270833333333333,0.49479166666666663,0.060422011920364206
5,25,3,0,0.125,0,0,0.0,0.0,0.0,0.38020833333333326,0.47916666666666663,0.06541295582446917
5,25,3,1,0.625,3,3,0.0,0.007448963266272285,0.007448963266272285,0.265625,0.29166666666666663,-0.015242606830291647
5,25,3,2,0.125,2,2,0.0,0.07718495312775735,0.07718495312775735,0.19791666666666663,0.35416666666666663,-0.013638875546742061
5,25,3,3,0.125,3,3,0.0,0.007448963266272285,0.007448963266272285,0.22395833333333331,0.33854166666666663,0.03306702733973242
5,26,0,0,0.125,0,0,0.0,0.0,0.0,-0.05729166666666666,0.17708333333333331,-0.0053378446992669954
5,26,0,1,0.125,1,1,0.0,0.023955790072455116,0.023955790072455116,0.04166666666666666,0.19270833333333331,-0.0335582993094144
5,26,0,2,0.125,2,2,0.0,0.0333042179012801,0.0333042179012801,0.1875,0.328125,-0.019576509947742047
5,26,0,3,0.625,3,3,0.0,0.010426729154361103,0.010426729154361103,0.23958333333333331,0.35416666666666663,0.021878499069592997
5,26,1,0,0.625,1,0,1.0,0.05476992297685476,0.04742210970489083,0.21875,0.42708333333333326,0.04243268697523963
5,26,1,1,0.125,1,1,0.0,0.05476992297685476,0.05476992297685476,0.15625,0.2760416666666667,0.013800585092566703
5,26,1,2,0.125,2,2,0.0,0.04345075969478787,0.04345075969478787,0.21875,0.45833333333333326,0.027960755387261508
5,26,1,3,0.125,3,3,0.0,0.0,0.0,0.3177083333333333,0.46874999999999994,0.05643340471541001
5,26,2,0,0.125,2,0,1.0,0.013892060365529563,0.0,-0.015625,0.29166666666666663,0.008419441367216889
5,26,2,1,0.125,1,1,0.0,0.015054557707771143,0.015054557707771143,0.09374999999999999,0.2552083333333333,-0.0005178397034329488
5,26,2,2,0.625,2,2,0.0,0.013892060365529563,0.013892060365529563,0.30729166666666663,0.390625,0.01584111802295911
5,26,2,3,0.125,0,3,1.0,0.0,0.049040494507005566,0.3125,0.390625,0.028920266994894698
5,26,3,0,0.125,3,0,1.0,0.0,0.17941141120345439,-0.07291666666666669,0.20833333333333331,-0.025800199580712967
5,26,3,1,0.625,3,1,1.0,0.0,0.09514664564653083,0.12499999999999997,0.23958333333333331,-0.015365400309924162
5,26,3,2,0.125,1,2,1.0,0.09514664564653083,0.13466424675497818,-0.010416666666666661,0.2708333333333333,-0.05041716349219188
5,26,3,3,0.125,3,3,0.0,0.0,0.0,0.020833333333333332,0.296875,0.04059790043735061
5,27,0,0,0.125,0,0,0.0,0.06594543884397555,0.06594543884397555,0.09375,0.2552083333333333,0.010023911359167673
5,27,0,1,0.125,2,1,1.0,0.030384486203159866,0.023886923240594132,0.18749999999999997,0.4895833333333333,0.009670750684040604
5,27,0,2,0.125,1,2,1.0,0.023886923240594132,0.030384486203159866,0.09374999999999999,0.359375,0.0050352275388246505
5,27,0,3,0.625,3,3,0.0,0.0,0.0,0.19791666666666663,0.47395833333333326,0.05948866969406093
5,27,1,0,0.625,0,0,0.0,0.0,0.0,0.06770833333333333,0.2552083333333333,0.029814386167309723
5,27,1,1,0.125,0,1,1.0,0.0,0.08744466707512756,-0.010416666666666671,0.17708333333333331,-0.023943807160419495
5,27,1,2,0.125,0,0,0.0,0.0,0.0,0.062499999999999986,0.19791666666666663,0.007879145182976867
5,27,1,3,0.125,0,0,0.0,0.0,0.0,0.28125,0.30729166666666663,0.009221995289564303
5,27,2,0,0.125,0,0,0.0,0.0,0.0,0.33333333333333326,0.4270833333333333,0.0658680378583001
5,27,2,1,0.125,1,1,0.0,0.09918924072567606,0.09918924072567606,0.22916666666666666,0.30208333333333326,0.014838055413741403
5,27,2,2,0.625,0,2,1.0,0.0,0.0935718940094484,0.06770833333333331,0.22395833333333331,-0.00040325261156602026
5,27,2,3,0.125,0,3,1.0,0.0,0.03276588400020927,0.17708333333333334,0.5,0.04961980690953391
5,27,3,0,0.125,0,0,0.0,0.016479596421103526,0.016479596421103526,0.3489583333333333,0.6197916666666666,0.027571908366945418
5,27,3,1,0.625,3,2,1.0,0.0,0.05220470500838516,0.015624999999999993,0.20312499999999997,-0.044914839070829604
5,27,3,2,0.125,0,2,1.0,0.016479596421103526,0.05220470500838516,0.13020833333333331,0.36979166666666663,0.018157529389592558
5,27,3,3,0.125,3,3,0.0,0.0,0.0,0.07812499999999999,0.4270833333333333,0.04086792581503954
6,8,0,0,0.125,3,0,1.0,0.018998198083099035,0.06302469680646078,-0.16666666666666669,0.3177083333333333,0.0018148699206619635
6,8,0,1,0.625,0,3,1.0,0.06302469680646078,0.018998198083099035,0.09895833333333331,0.359375,0.05809890775478683
6,8,0,2,0.125,3,1,1.0,0.018998198083099035,0.0,0.04166666666666667,0.24479166666666669,-0.002221388330375635
6,8,0,3,0.125,3,3,0.0,0.018998198083099035,0.018998198083099035,0.27604166666666663,0.3489583333333333,0.019255136490294183
6,8,1,0,0.625,3,0,1.0,0.07343045406302906,0.0,0.15625,0.6302083333333333,0.021991150879777818
6,8,1,1,0.125,1,1,0.0,0.06404317121393328,0.06404317121393328,-0.03125,0.203125,-0.021798002467426393
6,8,1,2,0.125,0,2,1.0,0.0,0.07700025732360927,0.02083333333333333,0.2552083333333333,-0.0038393963314237896
6,8,1,3,0.125,0,3,1.0,0.0,0.07343045406302906,0.026041666666666647,0.20833333333333331,-0.035890627469242486
6,8,2,0,0.125,0,0,0.0,0.10823168581930111,0.10823168581930111,0.43229166666666663,0.5833333333333333,-0.040573359723766446
6,8,2,1,0.125,1,1,0.0,0.0,0.0,-0.020833333333333343,0.35416666666666663,0.03618986309955921
6,8,2,2,0.625,1,2,1.0,0.0,0.06697875168205202,0.13020833333333331,0.328125,0.029672681312361737
6,8,2,3,0.125,0,3,1.0,0.10823168581930111,0.10147152112035289,0.20312499999999994,0.32291666666666663,-0.009673487961726868
6,8,3,0,0.125,0,0,0.0,0.04756496175320363,0.04756496175320363,0.22916666666666666,0.35416666666666663,0.010440787195963131
6,8,3,1,0.125,3,1,1.0,0.05075140371050345,0.0,-0.04166666666666667,0.20833333333333331,0.01729031903490521
6,8,3,2,0.125,1,2,1.0,0.0,0.0918678774370266,0.15625,0.33854166666666663,0.017110798179428604
6,8,3,3,0.625,3,3,0.0,0.05075140371050345,0.05075140371050345,0.29166666666666663,0.5052083333333333,0.0238506910094378
6,9,0,0,0.125,3,0,1.0,0.03437586731057304,0.0,0.21354166666666666,0.328125,0.010200529227197419
6,9,0,1,0.625,1,1,0.0,0.000985894563175549,0.000985894563175549,0.10937499999999999,0.21875,0.02105887288191577
6,9,0,2,0.125,1,2,1.0,0.000985894563175549,0.018167405264844658,0.010416666666666664,0.109375,0.007883878879797045
6,9,0,3,0.125,0,0,0.0,0.0,0.0,0.07291666666666666,0.18749999999999997,-0.012280868365732804
6,9,1,0,0.625,3,0,1.0,0.004480808310861145,0.0,0.16666666666666663,0.5260416666666666,0.0191449653919609
6,9,1,1,0.125,1,1,0.0,0.01851388635155253,0.01851388635155253,0.1875,0.43749999999999994,0.0022864265131337888
6,9,1,2,0.125,1,2,1.0,0.01851388635155253,0.08404168956811484,0.11458333333333331,0.35416666666666663,0.005263357541478119
6,9,1,3,0.125,3,3,0.0,0.004480808310861145,0.004480808310861145,0.24999999999999997,0.39062499999999994,0.0342656329132047
6,9,2,0,0.125,0,0,0.0,0.09312580120366462,0.09312580120366462,0.42187499999999994,0.7760416666666666,0.024413449017800796
6,9,2,1,0.125,3,1,1.0,0.0,0.11653360194473253,0.06770833333333333,0.38541666666666663,0.044717929397283904
6,9,2,2,0.625,3,3,0.0,0.0,0.0,0.24479166666666666,0.3333333333333333,0.039194099577164215
6,9,2,3,0.125,3,3,0.0,0.0,0.0,0.30208333333333326,0.5052083333333333,0.0531839165838479
6,9,3,0,0.125,0,0,0.0,0.03883634608951819,0.03883634608951819,0.31770833333333326,0.48958333333333326,-0.0016246772641299318
6,9,3,1,0.125,3,1,1.0,0.05793712724217834,0.030296346498732363,3.469446951953614e-18,0.3020833333333333,0.017682497768141126
6,9,3,2,0.125,2,2,0.0,0.0,0.0,0.29166666666666663,0.46875,0.05742487024924143
6,9,3,3,0.625,2,2,0.0,0.0,0.0,-0.04166666666666667,0.28125,-0.008726584609111156
6,10,0,0,0.125,0,0,0.0,0.07565263653323852,0.07565263653323852,0.23958333333333331,0.3125,-0.008303662253526769
6,10,0,1,0.625,2,1,1.0,0.0234871209047839,0.07793625133301399,0.02083333333333333,0.18229166666666666,-0.05077521963700698
6,10,0,2,0.125,3,2,1.0,0.0,0.0234871209047839,0.015624999999999998,0.2395833333333333,0.0058764614196974
6,10,0,3,0.125,2,3,1.0,0.0234871209047839,0.0,0.06770833333333333,0.3333333333333333,0.006473331942268885
6,10,1,0,0.625,2,0,1.0,0.04350215679439194,0.06680275185951774,0.0625,0.36979166666666663,-0.01046708338644179
6,10,1,1,0.125,1,1,0.0,0.0,0.0,0.08854166666666666,0.59375,0.05435643419239714
6,10,1,2,0.125,1,2,1.0,0.0,0.04350215679439194,-0.046874999999999986,0.16666666666666666,-0.013411272672631036
6,10,1,3,0.125,3,3,0.0,0.04795947697507051,0.04795947697507051,0.44791666666666663,0.5364583333333334,0.0109560917929894
6,10,2,0,0.125,0,0,0.0,0.074504602975102,0.074504602975102,0.328125,0.40625,-0.020612998021346692
6,10,2,1,0.125,1,1,0.0,0.0,0.0,-0.041666666666666664,0.29166666666666663,0.033287583247425576
6,10,2,2,0.625,1,1,0.0,0.0,0.0,0.09895833333333333,0.22395833333333331,0.00044280086367897575
6,10,2,3,0.125,1,0,1.0,0.0,0.074504602975102,-0.09375,0.18229166666666666,-0.04079533095257344
6,10,3,0,0.125,1,1,0.0,0.009502848881631623,0.009502848881631623,-0.0625,0.22916666666666663,0.00038811630832657107
6,10,3,1,0.125,1,1,0.0,0.009502848881631623,0.009502848881631623,0.09374999999999999,0.4635416666666667,0.02315832438079564
6,10,3,2,0.125,2,2,0.0,0.0,0.0,0.2864583333333333,0.5625,0.07272318027017723
6,10,3,3,0.625,3,3,0.0,0.013738537329358508,0.013738537329358508,0.22395833333333331,0.36979166666666663,0.01086071540195056
6,11,0,0,0.125,0,0,0.0,0.02457503164447329,0.02457503164447329,0.33854166666666663,0.515625,0.008293316742039794
6,11,0,1,0.625,3,1,1.0,0.05068367018263552,0.0,0.25,0.6145833333333333,0.05831156605496675
6,11,0,2,0.125,2,2,0.0,0.0674808847952961,0.0674808847952961,0.22916666666666666,0.43229166666666663,0.040323898031335965
6,11,0,3,0.125,0,0,0.0,0.02457503164447329,0.02457503164447329,0.265625,0.375,0.0031129721201800836
6,11,1,0,0.625,2,0,1.0,0.0,0.03601126822190512,0.47916666666666663,0.625,0.03394795331235846
6,11,1,1,0.125,1,1,0.0,0.030129864762071912,0.030129864762071912,0.19270833333333331,0.328125,0.040413489643164005
6,11,1,2,0.125,2,2,0.0,0.0,0.0,0.078125,0.33333333333333337,0.03857448648800799
6,11,1,3,0.125,2,3,1.0,0.0,0.029311415440360186,0.07291666666666666,0.2708333333333333,0.00679961048426524
6,11,2,0,0.125,3,0,1.0,0.0,0.06469237652255713,0.36979166666666663,0.7135416666666666,0.008412623729069145
6,11,2,1,0.125,1,1,0.0,0.02755149787732819,0.02755149787732819,0.2552083333333333,0.359375,0.029526451322140185
6,11,2,2,0.625,3,2,1.0,0.0,0.08089236627598259,0.05729166666666665,0.30729166666666663,0.01260680189098112
6,11,2,3,0.125,3,3,0.0,0.0,0.0,0.24479166666666663,0.359375,0.028498308549291782
6,11,3,0,0.125,3,0,1.0,0.042337322953068454,0.1270685453256481,-0.005208333333333353,0.359375,-0.011018895335817517
6,11,3,1,0.125,1,1,0.0,0.0,0.0,0.11979166666666666,0.3125,0.045292942834063425
6,11,3,2,0.125,1,2,1.0,0.0,0.09402190813670509,0.11979166666666666,0.328125,-0.005582314450749563
6,11,3,3,0.625,1,3,1.0,0.0,0.042337322953068454,0.1875,0.33854166666666663,0.02959449276811894
6,12,0,0,0.125,3,0,1.0,0.04852067760413692,0.034595394647075506,0.234375,0.49999999999999994,0.03880062077579744
6,12,0,1,0.625,2,2,0.0,0.0,0.0,0.14583333333333331,0.328125,0.00899214670956789
6,12,0,2,0.125,0,2,1.0,0.034595394647075506,0.0,0.015624999999999993,0.5364583333333333,0.024450986552104217
6,12,0,3,0.125,2,3,1.0,0.0,0.04852067760413692,0.32291666666666663,0.44791666666666663,0.019590781916655392
6,12,1,0,0.625,0,0,0.0,0.10035962395932865,0.10035962395932865,0.3020833333333333,0.5052083333333333,-0.008157349956165787
6,12,1,1,0.125,1,1,0.0,0.056290261511116005,0.056290261511116005,0.19270833333333337,0.296875,-0.0011198306851554454
6,12,1,2,0.125,3,2,1.0,0.0,0.08764680273139702,0.06770833333333331,0.38541666666666663,-0.009334049827939573
6,12,1,3,0.125,3,3,0.0,0.0,0.0,0.19270833333333331,0.359375,0.031343773141573494
6,12,2,0,0.125,0,0,0.0,0.08564117292673881,0.08564117292673881,0.34895833333333326,0.49479166666666663,0.026173070608507137
6,12,2,1,0.125,0,1,1.0,0.08564117292673881,0.04741552540626198,0.06770833333333331,0.32291666666666663,0.033045888094324474
6,12,2,2,0.625,3,3,0.0,0.0,0.0,0.14583333333333331,0.421875,0.030794594575995732
6,12,2,3,0.125,3,3,0.0,0.0,0.0,0.5416666666666666,0.7291666666666666,0.08005445760648586
6,12,3,0,0.125,3,0,1.0,0.0071730320693755845,0.0,0.11979166666666664,0.33854166666666663,0.008516809949505724
6,12,3,1,0.125,1,1,0.0,0.009689119832603149,0.009689119832603149,0.11458333333333331,0.234375,0.021404970281793608
6,12,3,2,0.125,2,2,0.0,0.0021867169427507993,0.0021867169427507993,0.171875,0.3125,0.040264437581366705
6,12,3,3,0.625,3,3,0.0,0.0071730320693755845,0.0071730320693755845,0.3333333333333333,0.6614583333333333,0.03963092268654805
6,13,0,0,0.125,3,0,1.0,0.03879587690692908,0.0,-0.21875,0.43229166666666663,0.03391007053352764
6,13,0,1,0.625,3,1,1.0,0.03879587690692908,0.02473444709457641,0.140625,0.2552083333333333,0.053286550214066225
6,13,0,2,0.125,0,0,0.0,0.0,0.0,0.13541666666666666,0.2552083333333333,-0.014967316545283472
6,13,0,3,0.125,0,3,1.0,0.0,0.03879587690692908,0.16145833333333331,0.3125,0.01637583295772558
6,13,1,0,0.625,3,0,1.0,0.016499466671833732,0.02982446916072809,0.020833333333333332,0.4114583333333333,0.0053509295373557605
6,13,1,1,0.125,0,1,1.0,0.02982446916072809,0.03361588908659141,-0.07291666666666666,0.17708333333333331,-0.01369133344277542
6,13,1,2,0.125,0,2,1.0,0.02982446916072809,0.0,0.18229166666666666,0.359375,0.04282573834966187
6,13,1,3,0.125,3,3,0.0,0.016499466671833732,0.016499466671833732,0.10416666666666666,0.43749999999999994,0.0004918031653431323
6,13,2,0,0.125,3,0,1.0,0.022840440558431457,0.05007268782756326,0.08854166666666666,0.5520833333333333,0.007368674325514492
6,13,2,1,0.125,1,1,0.0,0.05132592921908906,0.05132592921908906,0.22916666666666669,0.484375,-0.011709616438884858
6,13,2,2,0.625,0,2,1.0,0.05007268782756326,0.0,0.1875,0.3958333333333333,0.03460864676497241
6,13,2,3,0.125,3,3,0.0,0.022840440558431457,0.022840440558431457,0.3802083333333333,0.45312499999999994,0.04034979715150112
6,13,3,0,0.125,0,0,0.0,0.07925338839071859,0.07925338839071859,0.375,0.6510416666666666,-0.015003255614918769
6,13,3,1,0.125,1,1,0.0,0.03347201078454648,0.03347201078454648,0.125,0.3958333333333333,0.02674495130620414
6,13,3,2,0.125,2,2,0.0,0.0,0.0,0.19791666666666669,0.5364583333333333,0.061657751506645264
6,13,3,3,0.625,2,3,1.0,0.0,0.08364453348032684,0.19270833333333331,0.28645833333333326,0.020834494631375943
6,14,0,0,0.125,3,0,1.0,0.0534859886455423,0.0,-0.05729166666666667,0.5416666666666666,0.04365599666923389
6,14,0,1,0.625,1,1,0.0,0.019515574757886428,0.019515574757886428,0.16145833333333331,0.359375,0.03974969496910624
6,14,0,2,0.125,0,2,1.0,0.0,0.058410378386458586,0.08333333333333333,0.546875,0.03642889482844289
6,14,0,3,0.125,3,3,0.0,0.0534859886455423,0.0534859886455423,0.19791666666666666,0.30729166666666663,-0.011132414611015603
6,14,1,0,0.625,3,0,1.0,0.0023339615959996757,0.0,0.20833333333333331,0.328125,-0.003183724130275652
6,14,1,1,0.125,2,0,1.0,0.030625564624244137,0.0,-0.171875,0.140625,-0.004947103880593424
6,14,1,2,0.125,2,2,0.0,0.030625564624244137,0.030625564624244137,0.026041666666666668,0.14583333333333334,-0.0021055034194910043
6,14,1,3,0.125,3,3,0.0,0.0023339615959996757,0.0023339615959996757,0.11979166666666666,0.265625,0.00027228292992625703
6,14,2,0,0.125,0,0,0.0,0.0,0.0,0.4322916666666667,0.5833333333333333,0.0360440995081924
6,14,2,1,0.125,1,1,0.0,0.009890194176058728,0.009890194176058728,0.22395833333333331,0.40104166666666663,0.020663860908837834
6,14,2,2,0.625,0,2,1.0,0.0,0.04628196218390411,-0.010416666666666678,0.33854166666666663,-0.0014971651889624463
6,14,2,3,0.125,3,3,0.0,0.0002482266762685037,0.0002482266762685037,0.35416666666666663,0.49479166666666663,0.021089583086657603
6,14,3,0,0.125,3,0,1.0,0.021299275583820637,0.030670702035915626,-0.05729166666666667,0.27604166666666663,-0.0146383594734978
6,14,3,1,0.125,1,1,0.0,8.806057034843606e-05,8.806057034843606e-05,0.13541666666666666,0.3177083333333333,0.014098271139328164
6,14,3,2,0.125,3,2,1.0,0.021299275583820637,0.0,-0.09375,0.375,-0.007056741340725102
6,14,3,3,0.625,2,0,1.0,0.0,0.030670702035915626,-0.06770833333333333,0.11458333333333333,-0.0013219899746454375
6,15,0,0,0.125,0,0,0.0,0.07374931364457653,0.07374931364457653,0.22916666666666666,0.4427083333333333,-0.0025754524814737265
6,15,0,1,0.625,1,1,0.0,0.06763040362274698,0.06763040362274698,0.27604166666666663,0.46354166666666663,-0.006803197002186623
6,15,0,2,0.125,2,2,0.0,0.031443615047630144,0.031443615047630144,0.2864583333333333,0.48437499999999994,0.0459061252276801
6,15,0,3,0.125,3,3,0.0,0.0,0.0,0.265625,0.5208333333333333,0.03874075913827527
6,15,1,0,0.625,0,0,0.0,0.0,0.0,0.265625,0.35416666666666663,0.03415833700837508
6,15,1,1,0.125,1,1,0.0,0.07484548935074696,0.07484548935074696,0.32291666666666663,0.5,0.03153170463543934
6,15,1,2,0.125,0,2,1.0,0.0,0.05699375447318328,0.06249999999999998,0.25,0.0045534917016797
6,15,1,3,0.125,0,3,1.0,0.0,0.06064645020916157,0.11458333333333331,0.3385416666666667,-0.015426839740456506
6,15,2,0,0.125,3,3,0.0,0.0,0.0,0.11458333333333333,0.2864583333333333,-0.022081794963228273
6,15,2,1,0.125,1,1,0.0,0.020139183768338703,0.020139183768338703,0.2864583333333333,0.42708333333333326,0.011133617465998457
6,15,2,2,0.625,3,2,1.0,0.0,0.01418803563405581,0.06249999999999999,0.34375,0.018829233802634196
6,15,2,3,0.125,3,3,0.0,0.0,0.0,0.46354166666666663,0.6979166666666666,0.04997908314455823
6,15,3,0,0.125,0,0,0.0,0.00771051942683261,0.00771051942683261,0.234375,0.5677083333333333,0.021121973446691835
6,15,3,1,0.125,1,1,0.0,0.0,0.0,0.16145833333333331,0.2708333333333333,0.009115389926817466
6,15,3,2,0.125,0,2,1.0,0.00771051942683261,0.010097291438741593,-0.015625,0.29166666666666663,0.012365728562450351
6,15,3,3,0.625,3,3,0.0,0.01150301444781296,0.01150301444781296,0.08854166666666664,0.40104166666666663,-0.007137354799943693
6,16,0,0,0.125,3,0,1.0,0.053715397965477904,0.08700759036371267,-0.38020833333333326,0.44791666666666663,-0.03415503582452549
6,16,0,1,0.625,0,1,1.0,0.08700759036371267,0.0,0.03645833333333333,0.22916666666666666,0.051732231121972665
6,16,0,2,0.125,1,1,0.0,0.0,0.0,0.08854166666666666,0.296875,0.02940362183142549
6,16,0,3,0.125,1,3,1.0,0.0,0.053715397965477904,0.015624999999999991,0.21874999999999997,-0.013798420848559407
6,16,1,0,0.625,3,0,1.0,0.0,0.021613252560392246,0.010416666666666671,0.3958333333333333,0.009635129768380195
6,16,1,1,0.125,0,1,1.0,0.021613252560392246,0.025129826502745062,-0.036458333333333336,0.15104166666666666,0.01111683576412466
6,16,1,2,0.125,2,2,0.0,0.04230497924876908,0.04230497924876908,0.07291666666666667,0.18229166666666663,-0.005426615766679708
6,16,1,3,0.125,3,3,0.0,0.0,0.0,0.6770833333333333,0.8333333333333333,0.0820526227208257
6,16,2,0,0.125,0,0,0.0,0.05339218708609833,0.05339218708609833,0.5572916666666666,0.7447916666666666,0.03316335562566693
6,16,2,1,0.125,1,1,0.0,0.05128272371496974,0.05128272371496974,0.26041666666666663,0.41145833333333337,0.00903713324373
6,16,2,2,0.625,3,3,0.0,0.0,0.0,0.10937499999999999,0.34375,0.02949402984666605
6,16,2,3,0.125,3,3,0.0,0.0,0.0,0.3333333333333333,0.5729166666666666,0.052628899693383115
6,16,3,0,0.125,3,0,1.0,0.0,0.026964647641747858,-0.02083333333333335,0.45312499999999994,0.029413943354524307
6,16,3,1,0.125,0,1,1.0,0.026964647641747858,0.0898710588205093,0.20833333333333331,0.4114583333333333,0.008412668692399119
6,16,3,2,0.125,0,2,1.0,0.026964647641747858,0.12660423941522003,0.171875,0.43229166666666663,0.017548854535631268
6,16,3,3,0.625,3,3,0.0,0.0,0.0,0.30729166666666663,0.5364583333333333,0.062174974403834744
6,17,0,0,0.125,0,0,0.0,0.057898482325491454,0.057898482325491454,0.5052083333333333,0.625,0.006594925505228046
6,17,0,1,0.625,1,1,0.0,0.02427501451148259,0.02427501451148259,0.23958333333333334,0.46354166666666663,0.03493055092569401
6,17,0,2,0.125,2,2,0.0,0.04309281356407044,0.04309281356407044,0.11979166666666666,0.375,0.0008502998328978902
6,17,0,3,0.125,3,3,0.0,0.0,0.0,0.28125,0.4114583333333333,0.02387620665416331
6,17,1,0,0.625,0,0,0.0,0.0,0.0,0.41666666666666663,0.515625,0.02460550349011162
6,17,1,1,0.125,0,1,1.0,0.0,0.04783525973377953,0.031249999999999997,0.5260416666666666,0.02418634209046964
6,17,1,2,0.125,0,2,1.0,0.0,0.04872728761817241,0.06770833333333334,0.5208333333333333,0.05189730382129615
6,17,1,3,0.125,3,3,0.0,0.009474397855104705,0.009474397855104705,0.5104166666666666,0.578125,0.05896047416354309
6,17,2,0,0.125,0,0,0.0,0.051608485395778864,0.051608485395778864,0.4427083333333333,0.49999999999999994,-0.01470868891716649
6,17,2,1,0.125,1,1,0.0,0.0352315810346476,0.0352315810346476,0.015624999999999997,0.13020833333333331,-0.02705573378697799
6,17,2,2,0.625,2,2,0.0,0.0019530365814692807,0.0019530365814692807,0.03645833333333333,0.2552083333333333,0.002692277640394899
6,17,2,3,0.125,3,3,0.0,0.0,0.0,-0.04166666666666667,0.26041666666666663,0.003665012436513679
6,17,3,0,0.125,3,0,1.0,0.0,0.0831042987471917,0.33854166666666663,0.5416666666666666,-0.03267232971779787
6,17,3,1,0.125,3,1,1.0,0.0,0.029040166706109455,0.036458333333333336,0.27604166666666663,0.011081823376496876
6,17,3,2,0.125,1,2,1.0,0.029040166706109455,0.04311913189057241,0.03125,0.20833333333333331,0.011052686919912236
6,17,3,3,0.625,3,3,0.0,0.0,0.0,0.3333333333333333,0.41145833333333326,0.022473595906949948
6,18,0,0,0.125,3,0,1.0,0.03698610679237281,0.07267534162134073,0.23958333333333331,0.5104166666666666,-0.0031336333112882875
6,18,0,1,0.625,1,1,0.0,0.0,0.0,0.16666666666666666,0.328125,0.02035089873598888
6,18,0,2,0.125,1,2,1.0,0.0,0.09142137437009848,0.005208333333333343,0.171875,-0.03245591447885311
6,18,0,3,0.125,3,3,0.0,0.03698610679237281,0.03698610679237281,0.14583333333333331,0.328125,0.026729158449760048
6,18,1,0,0.625,3,0,1.0,0.0,0.10983490712680881,-0.13020833333333331,0.16145833333333331,-0.04815266893424916
6,18,1,1,0.125,3,1,1.0,0.0,0.09811128284899179,0.03645833333333333,0.24479166666666666,-0.013069846884707985
6,18,1,2,0.125,3,2,1.0,0.0,0.028138378850790124,0.09895833333333334,0.3333333333333333,0.03549183022023775
6,18,1,3,0.125,3,3,0.0,0.0,0.0,0.375,0.4739583333333333,0.04749257811813409
6,18,2,0,0.125,3,3,0.0,0.030724491802518225,0.030724491802518225,0.29687499999999994,0.515625,0.024661618817985304
6,18,2,1,0.125,1,1,0.0,0.0,0.0,0.078125,0.36458333333333326,0.04525525756843309
6,18,2,2,0.625,2,2,0.0,0.06032611680408015,0.06032611680408015,0.171875,0.3177083333333333,0.016717586639971752
6,18,2,3,0.125,3,3,0.0,0.030724491802518225,0.030724491802518225,0.234375,0.4375,0.025795195787102237
6,18,3,0,0.125,3,0,1.0,0.04634941081792571,0.019036211296013933,0.05729166666666666,0.3958333333333333,-0.0016798177609178972
6,18,3,1,0.125,1,1,0.0,0.0,0.0,0.17708333333333331,0.40625,0.04086005411015306
6,18,3,2,0.125,0,2,1.0,0.019036211296013933,0.026518982428207008,0.08333333333333333,0.2708333333333333,0.0037815467737671634
6,18,3,3,0.625,0,3,1.0,0.019036211296013933,0.04634941081792571,0.14062499999999997,0.23958333333333331,0.018485382888184805
6,19,0,0,0.125,3,0,1.0,0.00023387539085760467,0.030916404316069526,0.14062499999999997,0.4583333333333333,0.03474559863970069
6,19,0,1,0.625,1,1,0.0,0.0,0.0,0.09374999999999997,0.28125,0.020359374445410625
6,19,0,2,0.125,0,1,1.0,0.030916404316069526,0.0,-0.005208333333333336,0.109375,-0.01778205102196555
6,19,0,3,0.125,3,3,0.0,0.00023387539085760467,0.00023387539085760467,0.16666666666666666,0.38541666666666663,0.018155285851192894
6,19,1,0,0.625,0,0,0.0,0.0,0.0,0.38020833333333326,0.5885416666666666,0.035260191788654256
6,19,1,1,0.125,0,1,1.0,0.0,0.025860313806504734,-0.05208333333333334,0.3125,0.0038974178815693967
6,19,1,2,0.125,2,2,0.0,0.021482181271576695,0.021482181271576695,0.19270833333333331,0.359375,0.03705210891741403
6,19,1,3,0.125,0,3,1.0,0.0,0.017673470694536425,0.23437499999999997,0.375,0.005535604456960399
6,19,2,0,0.125,3,0,1.0,0.035017253725291686,0.09825258087724068,0.296875,0.40104166666666663,-0.007186736343571551
6,19,2,1,0.125,2,1,1.0,0.0,0.022709461578632878,-0.010416666666666664,0.40104166666666663,0.04736437875986242
6,19,2,2,0.625,2,2,0.0,0.0,0.0,0.140625,0.5052083333333333,0.03445534759648327
6,19,2,3,0.125,3,3,0.0,0.035017253725291686,0.035017253725291686,0.36979166666666663,0.49479166666666663,0.009259045643159037
6,19,3,0,0.125,0,0,0.0,0.05345829976362865,0.05345829976362865,0.40104166666666663,0.6614583333333333,-0.002954197196087662
6,19,3,1,0.125,1,1,0.0,0.0,0.0,0.046874999999999986,0.29166666666666663,0.03201096663071656
6,19,3,2,0.125,2,2,0.0,0.018456804593085324,0.018456804593085324,0.19791666666666666,0.59375,0.033966824254437374
6,19,3,3,0.625,0,3,1.0,0.05345829976362865,0.007483144303246592,0.0625,0.38541666666666663,0.018693465863345336
6,20,0,0,0.125,0,0,0.0,0.04758105673125955,0.04758105673125955,0.38020833333333326,0.47916666666666663,-0.000657564935776925
6,20,0,1,0.625,2,1,1.0,0.014926123142316464,0.0,0.05208333333333333,0.10416666666666666,-0.003205366035299127
6,20,0,2,0.125,1,2,1.0,0.0,0.014926123142316464,0.11458333333333334,0.453125,0.03129599223023961
6,20,0,3,0.125,1,3,1.0,0.0,0.06229046708465633,-0.08854166666666667,0.22916666666666666,-0.0055790303877393315
6,20,1,0,0.625,1,0,1.0,0.02665317035660994,0.014259004235862877,0.08854166666666667,0.3802083333333333,-0.004843968026407993
6,20,1,1,0.125,1,1,0.0,0.02665317035660994,0.02665317035660994,-0.03645833333333333,0.26041666666666663,0.009332631461348167
6,20,1,2,0.125,1,2,1.0,0.02665317035660994,0.04048192733554927,0.020833333333333332,0.14583333333333334,-0.008957705394905128
6,20,1,3,0.125,3,3,0.0,0.0,0.0,0.14062499999999997,0.3125,0.016199470777389608
6,20,2,0,0.125,3,0,1.0,0.06330444954489924,0.10149032006869695,0.07291666666666666,0.3177083333333333,-0.003007068428716791
6,20,2,1,0.125,0,1,1.0,0.10149032006869695,0.0,0.015625000000000003,0.42187499999999994,0.055915649612493595
6,20,2,2,0.625,1,2,1.0,0.0,0.13657441866964581,0.031249999999999993,0.24999999999999997,-0.007615788280174058
6,20,2,3,0.125,3,3,0.0,0.06330444954489924,0.06330444954489924,0.07812499999999997,0.23958333333333331,0.0034893158987336645
6,20,3,0,0.125,0,0,0.0,0.05596115472401855,0.05596115472401855,0.390625,0.4583333333333333,0.0018649789694924835
6,20,3,1,0.125,2,1,1.0,0.05943064016408264,0.09460939829908248,-0.015625,0.11979166666666666,-0.01521055659225402
6,20,3,2,0.125,3,2,1.0,0.0,0.05943064016408264,0.08333333333333334,0.2708333333333333,0.006895701060960387
6,20,3,3,0.625,3,3,0.0,0.0,0.0,0.4583333333333333,0.6614583333333333,0.04411020230979825
6,21,0,0,0.125,0,0,0.0,0.07567413409528437,0.07567413409528437,0.59375,0.6875,0.011031551101269405
6,21,0,1,0.625,1,1,0.0,0.07970260092765097,0.07970260092765097,0.14583333333333331,0.22916666666666663,-0.013137482571922942
6,21,0,2,0.125,2,2,0.0,0.0,0.0,0.031249999999999993,0.43229166666666663,0.041536501421922306
6,21,0,3,0.125,0,2,1.0,0.07567413409528437,0.0,-1.734723475976807e-18,0.036458333333333336,-0.013385533169912625
6,21,1,0,0.625,0,0,0.0,0.0,0.0,0.48958333333333326,0.5625,0.028463676442467348
6,21,1,1,0.125,1,1,0.0,0.05889514082191273,0.05889514082191273,0.16666666666666666,0.24479166666666666,-0.00989047675563346
6,21,1,2,0.125,2,2,0.0,0.041611796979291765,0.041611796979291765,0.04166666666666667,0.16145833333333334,-0.010592600038823553
6,21,1,3,0.125,0,3,1.0,0.0,0.04598825570783891,0.020833333333333332,0.19270833333333331,-0.0013721948593757316
6,21,2,0,0.125,3,0,1.0,0.06843334124539383,0.0,0.08854166666666666,0.5104166666666666,0.0336251226320076
6,21,2,1,0.125,1,1,0.0,0.04774888193545494,0.04774888193545494,0.08854166666666666,0.3333333333333333,-0.0036379948893063376
6,21,2,2,0.625,0,2,1.0,0.0,0.08363098911826371,0.046874999999999986,0.22916666666666666,-0.006013171212969098
6,21,2,3,0.125,0,3,1.0,0.0,0.06843334124539383,0.3020833333333333,0.42187499999999994,0.011687549319490884
6,21,3,0,0.125,0,0,0.0,0.0,0.0,0.3489583333333333,0.5208333333333333,0.031093855738951164
6,21,3,1,0.125,1,1,0.0,0.007857195504438072,0.007857195504438072,0.203125,0.41666666666666663,0.025458373932416175
6,21,3,2,0.125,0,2,1.0,0.0,0.033962711137177595,-0.06770833333333331,0.22916666666666666,-0.012878608841667014
6,21,3,3,0.625,3,3,0.0,0.008432027812499701,0.008432027812499701,0.14583333333333331,0.39583333333333326,0.0026557219033694975
6,22,0,0,0.125,0,0,0.0,0.015290281833397867,0.015290281833397867,0.38541666666666663,0.578125,0.030325287660932326
6,22,0,1,0.625,1,1,0.0,0.0,0.0,0.08333333333333331,0.22395833333333331,0.02035903109186729
6,22,0,2,0.125,1,2,1.0,0.0,0.025724855051973472,0.09895833333333331,0.296875,0.022661881025076314
6,22,0,3,0.125,3,3,0.0,0.015415959753630443,0.015415959753630443,0.25,0.421875,0.007008027080441662
6,22,1,0,0.625,0,0,0.0,0.0,0.0,0.265625,0.42708333333333326,0.016434552597279793
6,22,1,1,0.125,1,1,0.0,0.0033627093747015113,0.0033627093747015113,0.203125,0.5208333333333333,0.053343182627038535
6,22,1,2,0.125,1,2,1.0,0.0033627093747015113,0.08802975799292169,-0.010416666666666671,0.18229166666666666,-0.04598334962659267
6,22,1,3,0.125,0,3,1.0,0.0,0.03279300619343996,0.015625,0.39062499999999994,0.01459466792870135
6,22,2,0,0.125,0,0,0.0,0.0014911047018891233,0.0014911047018891233,0.4583333333333333,0.6666666666666666,0.02089666817766002
6,22,2,1,0.125,0,1,1.0,0.0014911047018891233,0.0,0.03125000000000001,0.3020833333333333,0.03400946559693942
6,22,2,2,0.625,1,2,1.0,0.0,0.011817525492803252,0.0625,0.20312499999999997,0.009739899193404657
6,22,2,3,0.125,3,3,0.0,0.003016427996235596,0.003016427996235596,0.14583333333333331,0.27604166666666663,0.008975989392083305
6,22,3,0,0.125,3,0,1.0,0.03677117873589349,0.08720364976958003,-0.057291666666666685,0.22916666666666663,-0.013266073894841168
6,22,3,1,0.125,2,1,1.0,0.0,0.04271811439107061,0.14583333333333334,0.27604166666666663,0.019320883943296216
6,22,3,2,0.125,2,2,0.0,0.0,0.0,0.09895833333333333,0.5833333333333333,0.047446138059014306
6,22,3,3,0.625,2,3,1.0,0.0,0.03677117873589349,0.20833333333333331,0.32291666666666663,0.020241474469591115
6,23,0,0,0.125,3,0,1.0,0.025617885298911763,0.01883730203584702,-0.10416666666666666,0.4583333333333333,0.010335798219610948
6,23,0,1,0.625,1,1,0.0,0.0,0.0,0.06249999999999999,0.24479166666666666,0.013523746541184111
6,23,0,2,0.125,2,2,0.0,0.036498360140473904,0.036498360140473904,0.21354166666666666,0.40104166666666663,0.016667905207639517
6,23,0,3,0.125,1,3,1.0,0.0,0.025617885298911763,0.062499999999999986,0.375,0.02033108140207373
6,23,1,0,0.625,0,0,0.0,0.00788752561436501,0.00788752561436501,0.5520833333333333,0.6666666666666666,0.012248704709829106
6,23,1,1,0.125,1,2,1.0,0.003153345257578627,0.009636612596589322,0.13020833333333331,0.34375,0.031071995552413065
6,23,1,2,0.125,3,2,1.0,0.0,0.009636612596589322,0.062499999999999986,0.38541666666666663,0.008502986364303522
6,23,1,3,0.125,0,3,1.0,0.00788752561436501,0.0,0.109375,0.3489583333333333,0.04825895859548356
6,23,2,0,0.125,1,0,1.0,0.026944704633106234,0.08068505124420144,-0.005208333333333332,0.33854166666666663,0.011908114073016403
6,23,2,1,0.125,2,1,1.0,0.0,0.026944704633106234,-0.026041666666666664,0.16145833333333331,-0.0023458352339004265
6,23,2,2,0.625,2,2,0.0,0.0,0.0,0.0625,0.13541666666666666,0.01829266909235939
6,23,2,3,0.125,1,3,1.0,0.026944704633106234,0.014834606431544564,0.20833333333333331,0.38020833333333326,0.010675934191287269
6,23,3,0,0.125,0,0,0.0,0.06199642320633077,0.06199642320633077,0.3333333333333333,0.6145833333333333,-0.02821539242822286
6,23,3,1,0.125,1,1,0.0,0.06131182984883676,0.06131182984883676,0.09895833333333333,0.25,0.018886741283719196
6,23,3,2,0.125,3,2,1.0,0.0,0.09215586917683277,0.08333333333333333,0.2708333333333333,-0.01482699393825672
6,23,3,3,0.625,3,3,0.0,0.0,0.0,0.14583333333333331,0.34375,0.03649165637569011
6,24,0,0,0.125,0,0,0.0,0.033403535951313554,0.033403535951313554,0.29166666666666663,0.4895833333333333,0.019370634279543397
6,24,0,1,0.625,2,1,1.0,0.058573158312851856,0.05157600341632455,0.11979166666666666,0.2708333333333333,0.018367420231044703
6,24,0,2,0.125,0,2,1.0,0.033403535951313554,0.058573158312851856,0.11458333333333333,0.5052083333333333,0.036087858657938884
6,24,0,3,0.125,3,3,0.0,0.0,0.0,0.29166666666666663,0.625,0.057975594186754575
6,24,1,0,0.625,0,0,0.0,0.007948154220585646,0.007948154220585646,0.296875,0.5625,0.016858648959171694
6,24,1,1,0.125,1,1,0.0,0.04203896119982893,0.04203896119982893,0.22395833333333331,0.4427083333333333,0.014569722046989761
6,24,1,2,0.125,3,2,1.0,0.0,0.03313128770701451,0.08854166666666666,0.46874999999999994,0.029861326283239176
6,24,1,3,0.125,0,3,1.0,0.007948154220585646,0.0,-0.04687500000000001,0.375,0.01853151240327524
6,24,2,0,0.125,3,0,1.0,0.026970255851343078,0.02564232938407346,0.16145833333333331,0.40104166666666663,-0.017025759322548836
6,24,2,1,0.125,0,1,1.0,0.02564232938407346,0.0,0.046875,0.20833333333333331,0.029623059298928906
6,24,2,2,0.625,2,2,0.0,0.024306419119654143,0.024306419119654143,0.12499999999999999,0.359375,0.0015531041938794126
6,24,2,3,0.125,2,3,1.0,0.024306419119654143,0.026970255851343078,-0.03125,0.18229166666666666,-0.007240951553873449
6,24,3,0,0.125,0,0,0.0,0.02658937506975413,0.02658937506975413,0.20833333333333331,0.375,-0.00840252991546756
6,24,3,1,0.125,1,1,0.0,0.0,0.0,0.08854166666666666,0.203125,0.019035433736016266
6,24,3,2,0.125,2,2,0.0,0.009927843960229582,0.009927843960229582,0.005208333333333326,0.16666666666666666,0.010459167003982441
6,24,3,3,0.625,1,3,1.0,0.0,0.03689750627167564,0.19791666666666666,0.3333333333333333,-0.012617104770849302
6,25,0,0,0.125,1,0,1.0,0.0,0.05280928017945587,-0.19791666666666666,0.20833333333333331,-0.03432291371073005
6,25,0,1,0.625,1,1,0.0,0.0,0.0,0.11979166666666666,0.3177083333333333,0.03491794852852216
6,25,0,2,0.125,1,2,1.0,0.0,0.02115377753604035,-0.08333333333333334,0.19270833333333331,-0.021471086474545983
6,25,0,3,0.125,1,3,1.0,0.0,0.053154944951392974,-0.11458333333333334,0.15625,-0.02662337681052485
6,25,1,0,0.625,0,0,0.0,0.00858219659030382,0.00858219659030382,0.4114583333333333,0.6510416666666666,0.029616231520420665
6,25,1,1,0.125,1,1,0.0,0.0,0.0,0.15104166666666666,0.421875,0.04187060214389498
6,25,1,2,0.125,0,0,0.0,0.00858219659030382,0.00858219659030382,-0.020833333333333336,0.11979166666666666,0.0026432605581402013
6,25,1,3,0.125,0,3,1.0,0.00858219659030382,0.05421033921666986,0.18229166666666666,0.21874999999999997,-0.015238787855333223
6,25,2,0,0.125,3,0,1.0,0.0,0.06848099713011047,0.390625,0.609375,0.031087816142297834
6,25,2,1,0.125,0,1,1.0,0.06848099713011047,0.015942795212875116,0.020833333333333332,0.35937499999999994,0.029272962071587208
6,25,2,2,0.625,3,3,0.0,0.0,0.0,0.04166666666666667,0.21354166666666663,-0.01024191529113848
6,25,2,3,0.125,0,3,1.0,0.06848099713011047,0.0,0.24479166666666663,0.515625,0.04552542851661935
6,25,3,0,0.125,0,0,0.0,0.05196202728571628,0.05196202728571628,0.2864583333333333,0.5833333333333333,-0.015628203705708835
6,25,3,1,0.125,3,1,1.0,0.0,0.014799759607302426,0.031249999999999986,0.2552083333333333,0.020270432874102132
6,25,3,2,0.125,3,2,1.0,0.0,0.08416204638603852,0.05729166666666666,0.265625,0.007131194419190695
6,25,3,3,0.625,3,3,0.0,0.0,0.0,0.3802083333333333,0.53125,0.041391290401561504
6,26,0,0,0.125,3,0,1.0,0.04453172070340611,0.08355138547204054,0.18749999999999997,0.390625,-0.029673753165151657
6,26,0,1,0.625,1,1,0.0,0.0,0.0,0.08854166666666666,0.15104166666666666,0.026888570883819404
6,26,0,2,0.125,2,2,0.0,0.06976309437875854,0.06976309437875854,0.18229166666666666,0.35416666666666663,0.030049779775470235
6,26,0,3,0.125,1,3,1.0,0.0,0.04453172070340611,0.15104166666666666,0.3020833333333333,0.004280082756336126
6,26,1,0,0.625,3,0,1.0,0.04964259479907665,0.09517613928251602,0.3177083333333333,0.5104166666666666,-0.01610492026161454
6,26,1,1,0.125,1,1,0.0,0.0,0.0,0.16145833333333331,0.34374999999999994,0.04353026324554586
6,26,1,2,0.125,1,2,1.0,0.0,0.009043706593213852,0.17708333333333331,0.48437499999999994,0.037258894303767706
6,26,1,3,0.125,1,3,1.0,0.0,0.04964259479907665,0.23437499999999997,0.578125,0.03678437345938162
6,26,2,0,0.125,0,0,0.0,0.0,0.0,0.33854166666666663,0.5260416666666666,0.024383387864343145
6,26,2,1,0.125,2,1,1.0,0.06274044586927044,0.06697468881201321,-0.07291666666666666,0.28125,0.00647604067450124
6,26,2,2,0.625,0,2,1.0,0.0,0.06274044586927044,0.09374999999999999,0.36458333333333326,-0.02227897121055179
6,26,2,3,0.125,0,3,1.0,0.0,0.06253997136630031,-0.06770833333333334,0.42708333333333326,-0.012382510278354953
6,26,3,0,0.125,3,0,1.0,0.0792283483755625,0.08821276805291232,-0.265625,0.32291666666666663,-0.010068153684379176
6,26,3,1,0.125,2,1,1.0,0.0,0.0039248595164271816,-0.078125,0.21354166666666666,0.01963103471736776
6,26,3,2,0.125,1,2,1.0,0.0039248595164271816,0.0,0.062499999999999986,0.33854166666666663,0.037508920243842246
6,26,3,3,0.625,2,3,1.0,0.0,0.0792283483755625,0.03645833333333332,0.23958333333333331,-0.0019905284708008437
6,27,0,0,0.125,1,0,1.0,0.001756998760352152,0.055624623764456066,0.24479166666666663,0.43229166666666663,0.020891260098452196
6,27,0,1,0.625,3,1,1.0,0.022099014091804745,0.001756998760352152,0.10416666666666666,0.44791666666666663,0.04238267522500903
6,27,0,2,0.125,2,2,0.0,0.0,0.0,0.28125,0.42187499999999994,0.04249975448674125
6,27,0,3,0.125,1,3,1.0,0.001756998760352152,0.022099014091804745,0.20312499999999997,0.28125,0.011161597328923915
6,27,1,0,0.625,3,0,1.0,0.0,0.037758393960087885,0.24479166666666666,0.36458333333333326,-0.02052970137790655
6,27,1,1,0.125,3,0,1.0,0.0,0.037758393960087885,-0.04166666666666667,0.2708333333333333,-0.032646169450343696
6,27,1,2,0.125,0,2,1.0,0.037758393960087885,0.03250099384688361,0.010416666666666657,0.4427083333333333,0.004698390390405634
6,27,1,3,0.125,2,3,1.0,0.03250099384688361,0.0,0.24479166666666666,0.35937499999999994,0.006112652161958802
6,27,2,0,0.125,3,0,1.0,0.024673206868446387,0.024812538016569602,0.30729166666666663,0.49999999999999994,-0.017684123858031937
6,27,2,1,0.125,1,1,0.0,0.012748255813508913,0.012748255813508913,0.13541666666666666,0.3958333333333333,0.017472227915488095
6,27,2,2,0.625,2,2,0.0,0.0,0.0,0.24999999999999994,0.43229166666666663,0.018955070156644712
6,27,2,3,0.125,3,3,0.0,0.024673206868446387,0.024673206868446387,0.11458333333333331,0.29166666666666663,-0.007678299513995919
6,27,3,0,0.125,0,0,0.0,0.04288621422991208,0.04288621422991208,0.16666666666666666,0.29166666666666663,-0.002988913253418673
6,27,3,1,0.125,2,1,1.0,0.04894534813770311,0.0,0.005208333333333329,0.29166666666666663,0.02088597406997953
6,27,3,2,0.125,1,2,1.0,0.0,0.04894534813770311,-0.02083333333333334,0.43229166666666663,0.01441301530989903
6,27,3,3,0.625,0,0,0.0,0.04288621422991208,0.04288621422991208,-0.06770833333333334,0.15625,-0.03299383579044016
7,8,0,0,0.125,0,0,0.0,0.0,0.0,0.28125,0.35416666666666663,0.0418016536356267
7,8,0,1,0.625,0,0,0.0,0.0,0.0,0.08854166666666666,0.13541666666666666,0.02580945061360187
7,8,0,2,0.125,0,2,1.0,0.0,0.0670392756492652,0.04166666666666665,0.28125,0.0013517029622227101
7,8,0,3,0.125,0,3,1.0,0.0,0.08269731271267843,0.22395833333333331,0.46354166666666663,0.02286840453333698
7,8,1,0,0.125,2,0,1.0,0.03028234563001113,0.021283045374760556,0.041666666666666664,0.296875,0.021666241788588853
7,8,1,1,0.125,3,2,1.0,0.0,0.03028234563001113,-0.26041666666666663,0.2708333333333333,-0.026209794271863904
7,8,1,2,0.625,0,2,1.0,0.021283045374760556,0.03028234563001113,0.16666666666666666,0.24479166666666666,0.005604235657639078
7,8,1,3,0.125,3,3,0.0,0.0,0.0,0.375,0.53125,0.025623898595899464
7,8,2,0,0.125,2,0,1.0,0.040984466691289634,0.11438246385788918,0.03125,0.2552083333333333,-0.006188233042279194
7,8,2,1,0.125,1,1,0.0,0.0,0.0,0.2552083333333333,0.40104166666666663,0.03696586411903046
7,8,2,2,0.125,2,2,0.0,0.040984466691289634,0.040984466691289634,0.125,0.24999999999999997,0.03575080443693608
7,8,2,3,0.625,3,3,0.0,0.08837968319963685,0.08837968319963685,0.21874999999999997,0.29166666666666663,0.005701018229277586
7,8,3,0,0.625,1,1,0.0,0.0,0.0,0.07291666666666666,0.359375,0.006841652387431838
7,8,3,1,0.125,1,1,0.0,0.0,0.0,0.21354166666666663,0.38541666666666663,0.0392269117508215
7,8,3,2,0.125,0,2,1.0,0.053478584266600016,0.09121065070686396,0.14583333333333331,0.30729166666666663,-0.002218127129658596
7,8,3,3,0.125,1,3,1.0,0.0,0.04096709408451764,-0.015625000000000003,0.32291666666666663,-0.001561455421191646
7,9,0,0,0.125,1,0,1.0,0.0,0.03947113224618401,-0.14583333333333331,0.203125,-0.01183702397302079
7,9,0,1,0.625,0,1,1.0,0.03947113224618401,0.0,0.057291666666666664,0.12499999999999999,0.024073836922719402
7,9,0,2,0.125,0,2,1.0,0.03947113224618401,0.025629281108243834,0.15625,0.43229166666666663,0.03301021286113067
7,9,0,3,0.125,3,3,0.0,0.04260183176148233,0.04260183176148233,0.38541666666666663,0.515625,-0.007268478916300511
7,9,1,0,0.125,1,0,1.0,0.0038075925527224774,0.0,0.05208333333333332,0.40625,0.021696190468947177
7,9,1,1,0.125,2,1,1.0,0.015699010865914298,0.0038075925527224774,-0.005208333333333348,0.23958333333333331,-0.004233483582012992
7,9,1,2,0.625,1,2,1.0,0.0038075925527224774,0.015699010865914298,0.07812499999999999,0.359375,0.04240401700175745
7,9,1,3,0.125,3,3,0.0,0.0007267888064648592,0.0007267888064648592,0.11458333333333331,0.375,0.0001346349590327083
7,9,2,0,0.125,0,0,0.0,0.08100274450476438,0.08100274450476438,0.19270833333333331,0.43749999999999994,0.03506851558334447
7,9,2,1,0.125,1,1,0.0,0.0,0.0,0.203125,0.32291666666666663,0.04319491888205098
7,9,2,2,0.125,1,1,0.0,0.0,0.0,0.10937499999999999,0.45312499999999994,-0.0011794052124219061
7,9,2,3,0.625,1,0,1.0,0.0,0.08100274450476438,0.10416666666666667,0.328125,0.01656329233389376
7,9,3,0,0.625,1,0,1.0,0.02106961303086874,0.0,0.21354166666666663,0.33854166666666663,0.024692957735095396
7,9,3,1,0.125,0,1,1.0,0.0,0.02106961303086874,0.29166666666666663,0.3958333333333333,0.04230267585970265
7,9,3,2,0.125,0,1,1.0,0.0,0.02106961303086874,0.296875,0.43229166666666663,0.05608550868323972
7,9,3,3,0.125,0,1,1.0,0.0,0.02106961303086874,0.05208333333333332,0.35416666666666663,-0.018462626954179166
7,10,0,0,0.125,1,0,1.0,0.0,0.07380115087859095,-0.046875,0.05729166666666666,-0.02971908334658261
7,10,0,1,0.625,1,1,0.0,0.0,0.0,0.010416666666666663,0.15625,0.012878429202559178
7,10,0,2,0.125,2,2,0.0,0.014223027218076029,0.014223027218076029,0.265625,0.40625,0.028012081942346213
7,10,0,3,0.125,3,3,0.0,0.046231140871655196,0.046231140871655196,0.16666666666666666,0.21354166666666666,-0.008136352451582358
7,10,1,0,0.125,0,0,0.0,0.0,0.0,0.22395833333333331,0.36979166666666663,0.026534129005406693
7,10,1,1,0.125,0,1,1.0,0.0,0.08243031400261344,-0.22916666666666666,0.265625,0.004638291792676214
7,10,1,2,0.625,0,0,0.0,0.0,0.0,0.21875,0.328125,0.02024292685694331
7,10,1,3,0.125,0,3,1.0,0.0,0.03197518231951316,0.109375,0.36979166666666663,0.03687965526047046
7,10,2,0,0.125,0,0,0.0,0.08336702503194354,0.08336702503194354,0.19270833333333331,0.2395833333333333,-0.009901090634540411
7,10,2,1,0.125,0,0,0.0,0.08336702503194354,0.08336702503194354,0.14583333333333334,0.3177083333333333,-0.005786103707134813
7,10,2,2,0.125,3,0,1.0,0.0,0.08336702503194354,0.04166666666666665,0.21354166666666663,-0.012694571090013236
7,10,2,3,0.625,3,3,0.0,0.0,0.0,0.23437499999999997,0.484375,0.05981908581483307
7,10,3,0,0.625,0,0,0.0,0.05633683494600493,0.05633683494600493,-0.036458333333333315,0.18229166666666663,-0.03747618866353877
7,10,3,1,0.125,2,1,1.0,0.0,0.0085311458484717,0.041666666666666664,0.24479166666666663,0.025216576355040727
7,10,3,2,0.125,1,2,1.0,0.0085311458484717,0.0,-0.005208333333333329,0.22916666666666666,0.002708929179618561
7,10,3,3,0.125,2,0,1.0,0.0,0.05633683494600493,0.005208333333333325,0.19791666666666666,-0.025694615737325757
7,11,0,0,0.125,1,0,1.0,0.031663870701228086,0.048684761658300796,0.23437499999999994,0.5052083333333333,0.018682852809721692
7,11,0,1,0.625,1,1,0.0,0.031663870701228086,0.031663870701228086,0.25,0.3125,0.016641440685555647
7,11,0,2,0.125,0,2,1.0,0.048684761658300796,0.0,0.08333333333333333,0.328125,0.046506556057040606
7,11,0,3,0.125,1,3,1.0,0.031663870701228086,0.05629926509601475,0.16145833333333331,0.40624999999999994,0.0163663106499833
7,11,1,0,0.125,2,0,1.0,0.0,0.07169740759039459,0.06770833333333333,0.234375,0.011928565803108901
7,11,1,1,0.125,1,1,0.0,0.07143613716601468,0.07143613716601468,0.40625,0.53125,0.029577782305794057
7,11,1,2,0.625,2,2,0.0,0.0,0.0,0.2864583333333333,0.3958333333333333,0.046771169457542096
7,11,1,3,0.125,0,3,1.0,0.07169740759039459,0.09220047664216355,0.005208333333333336,0.234375,-0.017841007663147217
7,11,2,0,0.125,0,0,0.0,0.0,0.0,0.18229166666666663,0.24999999999999997,0.02233325445624276
7,11,2,1,0.125,0,1,1.0,0.0,0.057860694845600136,-0.15625,0.27604166666666663,-0.034585058855113954
7,11,2,2,0.125,0,2,1.0,0.0,0.06292113751354013,0.08854166666666666,0.26041666666666663,-0.009949023080255213
7,11,2,3,0.625,0,3,1.0,0.0,0.018706045944034994,0.09895833333333333,0.45833333333333326,0.02424939715480104
7,11,3,0,0.625,0,0,0.0,0.014501054124297905,0.014501054124297905,0.10416666666666664,0.26041666666666663,-0.007481165242690656
7,11,3,1,0.125,0,1,1.0,0.014501054124297905,0.0,0.03645833333333333,0.16145833333333331,0.008858629735128196
7,11,3,2,0.125,2,2,0.0,0.033101328046677606,0.033101328046677606,0.0625,0.3020833333333333,-0.0019644894098217406
7,11,3,3,0.125,0,3,1.0,0.014501054124297905,0.03873206911664513,-0.020833333333333343,0.35416666666666663,-0.04099233913485937
7,12,0,0,0.125,0,0,0.0,0.02992396478920456,0.02992396478920456,0.22916666666666669,0.38541666666666663,0.009657493970724866
7,12,0,1,0.625,3,1,1.0,0.0357099959655533,0.04175905048895838,-0.109375,0.15625,0.0024209415321939255
7,12,0,2,0.125,2,2,0.0,0.0,0.0,0.21875,0.44791666666666663,0.01399897213462846
7,12,0,3,0.125,3,3,0.0,0.0357099959655533,0.0357099959655533,0.328125,0.5572916666666666,0.0394855362082416
7,12,1,0,0.125,3,0,1.0,0.0,0.0069452507571504535,0.0625,0.4114583333333333,0.011433962310607932
7,12,1,1,0.125,0,1,1.0,0.0069452507571504535,0.03537014148071421,-0.010416666666666678,0.18229166666666666,-0.008517692393172802
7,12,1,2,0.625,2,2,0.0,0.02393094119695606,0.02393094119695606,0.15104166666666666,0.3020833333333333,0.012217922093427133
7,12,1,3,0.125,3,3,0.0,0.0,0.0,0.3958333333333333,0.44791666666666663,0.03645601602024497
7,12,2,0,0.125,0,0,0.0,0.003009095126250541,0.003009095126250541,0.171875,0.375,0.013153332608456789
7,12,2,1,0.125,0,1,1.0,0.003009095126250541,0.03955884180765819,0.036458333333333336,0.3333333333333333,0.026923201797205566
7,12,2,2,0.125,2,2,0.0,0.0,0.0,0.1875,0.4114583333333333,0.01942981643238181
7,12,2,3,0.625,3,3,0.0,0.0002520417764580729,0.0002520417764580729,0.4427083333333333,0.49999999999999994,0.04844572312082585
7,12,3,0,0.625,0,0,0.0,0.02930858743122977,0.02930858743122977,0.28125,0.4895833333333333,0.016041605342034214
7,12,3,1,0.125,1,1,0.0,0.06333531211770797,0.06333531211770797,0.3125,0.36979166666666663,0.0001521339316816893
7,12,3,2,0.125,2,2,0.0,0.04038253033646717,0.04038253033646717,0.27604166666666663,0.4375,0.03507287535036348
7,12,3,3,0.125,3,3,0.0,0.0,0.0,0.19791666666666663,0.515625,0.04258924780667223
7,13,0,0,0.125,3,0,1.0,0.0,0.026037288579715323,0.09895833333333331,0.2552083333333333,0.02885242913699368
7,13,0,1,0.625,3,1,1.0,0.0,0.10619937194422446,0.010416666666666664,0.22395833333333331,0.013211331460406173
7,13,0,2,0.125,0,2,1.0,0.026037288579715323,0.09628901543985172,0.171875,0.3802083333333333,0.016511246298087735
7,13,0,3,0.125,3,3,0.0,0.0,0.0,0.390625,0.6822916666666666,0.07744879521494785
7,13,1,0,0.125,0,0,0.0,0.0,0.0,0.02083333333333332,0.30729166666666663,0.018763960584142987
7,13,1,1,0.125,3,1,1.0,0.05655660226712114,0.009391892701285681,-0.09375,0.3333333333333333,0.019229075329442177
7,13,1,2,0.625,2,2,0.0,0.03197802610112521,0.03197802610112521,0.21354166666666663,0.3958333333333333,-0.0066793823303523715
7,13,1,3,0.125,3,3,0.0,0.05655660226712114,0.05655660226712114,0.41666666666666663,0.546875,0.024961763061863883
7,13,2,0,0.125,1,0,1.0,0.0,0.1052539952134863,0.05208333333333333,0.27604166666666663,-0.03940448673790743
7,13,2,1,0.125,0,1,1.0,0.1052539952134863,0.0,0.10416666666666664,0.359375,0.06062677655037254
7,13,2,2,0.125,1,2,1.0,0.0,0.10734023596795227,0.17708333333333331,0.40104166666666663,0.008470099443789916
7,13,2,3,0.625,3,3,0.0,0.13058420127583037,0.13058420127583037,0.265625,0.390625,0.006831412025858846
7,13,3,0,0.625,0,0,0.0,0.017033225810528324,0.017033225810528324,0.10416666666666666,0.44270833333333326,0.0038643732389794416
7,13,3,1,0.125,3,1,1.0,0.02961453318659449,0.0,0.04166666666666666,0.25,0.014402061344677017
7,13,3,2,0.125,0,0,0.0,0.017033225810528324,0.017033225810528324,0.15625,0.24479166666666669,0.023181406249403375
7,13,3,3,0.125,3,3,0.0,0.02961453318659449,0.02961453318659449,0.17187499999999997,0.36979166666666663,0.00016598489925731465
7,14,0,0,0.125,0,0,0.0,0.0,0.0,0.16666666666666669,0.48437499999999994,0.025680638661782655
7,14,0,1,0.625,3,1,1.0,0.04143709001436455,0.03811279217603092,0.09895833333333333,0.3802083333333333,0.023455588181331713
7,14,0,2,0.125,2,2,0.0,0.012030204597587413,0.012030204597587413,0.21354166666666663,0.4375,0.044677879118294905
7,14,0,3,0.125,3,3,0.0,0.04143709001436455,0.04143709001436455,0.38541666666666663,0.6822916666666666,0.03614110143801229
7,14,1,0,0.125,1,0,1.0,0.0,0.049483534380965935,-0.140625,0.29166666666666663,-0.003081933355220773
7,14,1,1,0.125,1,1,0.0,0.0,0.0,0.2552083333333333,0.42708333333333326,0.034628891409146836
7,14,1,2,0.625,0,1,1.0,0.049483534380965935,0.0,0.14583333333333331,0.25520833333333337,0.0011132324334246163
7,14,1,3,0.125,1,3,1.0,0.0,0.03186001367583115,0.13020833333333331,0.34375,0.0021717088056870055
7,14,2,0,0.125,0,0,0.0,0.0,0.0,0.30729166666666663,0.44270833333333326,0.03767400784988267
7,14,2,1,0.125,0,1,1.0,0.0,0.014116172179198,0.16145833333333331,0.3802083333333333,0.04182006893126676
7,14,2,2,0.125,2,2,0.0,0.046971530604074635,0.046971530604074635,0.24479166666666663,0.375,0.038311761274746337
7,14,2,3,0.625,0,3,1.0,0.0,0.10562890538471689,0.15625,0.3489583333333333,-0.0007563159702548266
7,14,3,0,0.625,3,2,1.0,0.0,0.08099914454360899,-0.046875,0.17708333333333331,-0.02132150863192197
7,14,3,1,0.125,1,1,0.0,0.045260111439800355,0.045260111439800355,0.296875,0.42187499999999994,0.006884990660728861
7,14,3,2,0.125,3,2,1.0,0.0,0.08099914454360899,0.10416666666666666,0.17708333333333331,-0.026995215630056323
7,14,3,3,0.125,3,3,0.0,0.0,0.0,0.25,0.35416666666666663,0.014943935066218411
7,15,0,0,0.125,2,0,1.0,0.08502735344800674,0.08161780259427302,0.015624999999999986,0.22395833333333331,-0.04207937128046877
7,15,0,1,0.625,1,1,0.0,0.0,0.0,0.20833333333333331,0.26041666666666663,0.02218384677569924
7,15,0,2,0.125,2,2,0.0,0.08502735344800674,0.08502735344800674,0.20833333333333331,0.36979166666666663,-0.009449622313978315
7,15,0,3,0.125,3,3,0.0,0.021663740609143528,0.021663740609143528,0.1875,0.3802083333333333,0.012797779129173027
7,15,1,0,0.125,2,0,1.0,0.0,0.09990880186834691,0.28125,0.43229166666666663,0.02437173260281029
7,15,1,1,0.125,2,1,1.0,0.0,0.13590978323432598,0.15625,0.27604166666666663,0.005519583578863288
7,15,1,2,0.625,2,2,0.0,0.0,0.0,0.26041666666666663,0.484375,0.06329643726630725
7,15,1,3,0.125,2,2,0.0,0.0,0.0,0.22395833333333331,0.40624999999999994,0.0197187560567244
7,15,2,0,0.125,0,0,0.0,0.0,0.0,0.16145833333333331,0.390625,0.042262842862279895
7,15,2,1,0.125,0,1,1.0,0.0,0.0037024599037276673,0.03645833333333334,0.46875,0.020326674657965584
7,15,2,2,0.125,1,1,0.0,0.0037024599037276673,0.0037024599037276673,-0.015625,0.13020833333333331,0.018474666405177177
7,15,2,3,0.625,3,3,0.0,0.07654464672758107,0.07654464672758107,0.11979166666666666,0.390625,0.008575072757354807
7,15,3,0,0.625,0,0,0.0,0.0922301131045238,0.0922301131045238,0.25,0.38541666666666663,0.01837539940325989
7,15,3,1,0.125,0,1,1.0,0.0922301131045238,0.07355828742221598,-0.026041666666666675,0.3645833333333333,0.0030679126311179954
7,15,3,2,0.125,2,2,0.0,0.04506873520913199,0.04506873520913199,0.26041666666666663,0.43749999999999994,0.02632820258708822
7,15,3,3,0.125,3,3,0.0,0.0,0.0,0.171875,0.44791666666666663,0.03653000229074043
7,16,0,0,0.125,0,0,0.0,0.021577746460471253,0.021577746460471253,0.08854166666666664,0.22395833333333331,0.010746040732699434
7,16,0,1,0.625,1,1,0.0,0.062255748947584455,0.062255748947584455,0.41666666666666663,0.515625,0.006885547489497138
7,16,0,2,0.125,0,2,1.0,0.021577746460471253,0.05019674476675705,0.09375,0.30729166666666663,0.01667859070658771
7,16,0,3,0.125,3,3,0.0,0.0,0.0,0.29166666666666663,0.3958333333333333,0.033408457541593634
7,16,1,0,0.125,0,0,0.0,0.044103548995680614,0.044103548995680614,0.17708333333333331,0.36979166666666663,0.004571605759695341
7,16,1,1,0.125,1,1,0.0,0.03904989864368846,0.03904989864368846,0.20833333333333331,0.32291666666666663,0.024134395409191718
7,16,1,2,0.625,1,2,1.0,0.03904989864368846,0.08531002710828096,0.125,0.27604166666666663,0.03179816882162853
7,16,1,3,0.125,3,3,0.0,0.0,0.0,0.3645833333333333,0.5572916666666666,0.03972096330624641
7,16,2,0,0.125,0,0,0.0,0.0,0.0,0.3645833333333333,0.5729166666666666,0.07606970204461107
7,16,2,1,0.125,0,1,1.0,0.0,0.09821379570592409,0.005208333333333332,0.359375,0.009877663896965353
7,16,2,2,0.125,0,2,1.0,0.0,0.13971070225041854,0.11979166666666666,0.39583333333333326,0.016595008045960553
7,16,2,3,0.625,0,3,1.0,0.0,0.13780979281125316,0.21354166666666663,0.5833333333333333,0.02344401347460876
7,16,3,0,0.625,0,0,0.0,0.05586318373840765,0.05586318373840765,0.08854166666666666,0.265625,-0.03973272213171355
7,16,3,1,0.125,1,1,0.0,0.059956470463288655,0.059956470463288655,0.14583333333333331,0.3125,-0.026487354927816946
7,16,3,2,0.125,0,2,1.0,0.05586318373840765,0.011704809736870742,0.11979166666666666,0.33854166666666663,0.027270347267666025
7,16,3,3,0.125,3,3,0.0,0.0,0.0,0.06770833333333333,0.16666666666666666,0.0014622257005682893
7,17,0,0,0.125,0,0,0.0,0.019901593337525614,0.019901593337525614,0.046875,0.26041666666666663,0.014651491049093293
7,17,0,1,0.625,1,1,0.0,0.022552720687289668,0.022552720687289668,0.375,0.5572916666666666,0.0492794695622938
7,17,0,2,0.125,0,2,1.0,0.019901593337525614,0.0,0.13541666666666666,0.35416666666666663,0.049764182827865704
7,17,0,3,0.125,1,1,0.0,0.022552720687289668,0.022552720687289668,-0.015625,0.2552083333333333,-0.021097926315412307
7,17,1,0,0.125,3,0,1.0,0.0,0.07620605875704722,0.140625,0.34375,0.005446210534039141
7,17,1,1,0.125,3,3,0.0,0.0,0.0,-0.015625000000000014,0.22395833333333331,-0.07065346509574594
7,17,1,2,0.625,2,2,0.0,0.07890088501522854,0.07890088501522854,0.22916666666666666,0.40625,0.010870040222685435
7,17,1,3,0.125,3,3,0.0,0.0,0.0,0.38020833333333326,0.484375,0.03128719399323762
7,17,2,0,0.125,0,0,0.0,0.0,0.0,0.29166666666666663,0.5260416666666666,0.06222985488183077
7,17,2,1,0.125,2,1,1.0,0.01920834842626193,0.0427152003771374,0.05729166666666665,0.265625,0.02272679067995395
7,17,2,2,0.125,2,2,0.0,0.01920834842626193,0.01920834842626193,0.19791666666666663,0.40624999999999994,0.03445347971668882
7,17,2,3,0.625,3,3,0.0,0.07211094843549162,0.07211094843549162,0.27604166666666663,0.40625,0.015884022477607944
7,17,3,0,0.625,0,0,0.0,0.010712840684698424,0.010712840684698424,0.171875,0.23437499999999994,-0.002288427449206785
7,17,3,1,0.125,1,1,0.0,0.0,0.0,0.140625,0.27604166666666663,0.008188130568975615
7,17,3,2,0.125,0,2,1.0,0.010712840684698424,0.006133865906040981,0.09374999999999999,0.27604166666666663,-0.0050908020339852506
7,17,3,3,0.125,0,3,1.0,0.010712840684698424,0.06283573748167758,-0.010416666666666671,0.10937499999999999,-0.015168829053876502
7,18,0,0,0.125,1,0,1.0,0.0,0.03419037468163155,0.026041666666666657,0.4583333333333333,0.014084932103011689
7,18,0,1,0.625,3,1,1.0,0.008996729968474823,0.0,-0.015624999999999997,0.22395833333333331,0.0031522761765468764
7,18,0,2,0.125,2,2,0.0,0.039159839099098495,0.039159839099098495,0.23958333333333331,0.3645833333333333,0.01860723000628502
7,18,0,3,0.125,3,3,0.0,0.008996729968474823,0.008996729968474823,0.23437499999999997,0.375,0.008316711314723894
7,18,1,0,0.125,1,0,1.0,0.0,0.08438071732891449,0.26041666666666663,0.5625,0.03662952718540662
7,18,1,1,0.125,1,1,0.0,0.0,0.0,0.22395833333333331,0.3645833333333333,0.07022101476107041
7,18,1,2,0.625,2,2,0.0,0.12873817262149276,0.12873817262149276,0.27604166666666663,0.4270833333333333,0.029140525335984158
7,18,1,3,0.125,3,3,0.0,0.11109216777782939,0.11109216777782939,0.3229166666666667,0.42708333333333326,0.025604615021098866
7,18,2,0,0.125,2,0,1.0,0.06511228089845719,0.07619765407252144,0.09895833333333331,0.21875,-0.0011421301644084704
7,18,2,1,0.125,1,1,0.0,0.0,0.0,0.24479166666666663,0.41145833333333326,0.03610544982863147
7,18,2,2,0.125,1,2,1.0,0.0,0.06511228089845719,0.08333333333333333,0.4427083333333333,0.004563721261518228
7,18,2,3,0.625,3,3,0.0,0.006894373338049126,0.006894373338049126,0.47395833333333326,0.6510416666666666,0.03337109258284082
7,18,3,0,0.625,2,0,1.0,0.0,0.033636682155013864,0.057291666666666664,0.2395833333333333,-0.00490377728613855
7,18,3,1,0.125,3,0,1.0,0.0428920615728695,0.033636682155013864,0.036458333333333336,0.203125,0.0015651531862360753
7,18,3,2,0.125,2,2,0.0,0.0,0.0,0.171875,0.4114583333333333,0.03970695689702917
7,18,3,3,0.125,3,3,0.0,0.0428920615728695,0.0428920615728695,0.14583333333333331,0.23958333333333331,0.006390767635306344
7,19,0,0,0.125,3,1,1.0,0.0,0.02309439584936769,0.020833333333333325,0.10937499999999999,-0.001724940253184829
7,19,0,1,0.625,3,1,1.0,0.0,0.02309439584936769,-0.015625,0.2552083333333333,0.002732375740077641
7,19,0,2,0.125,2,2,0.0,0.04941221362480562,0.04941221362480562,0.12499999999999999,0.296875,0.01173453230651005
7,19,0,3,0.125,3,3,0.0,0.0,0.0,0.27604166666666663,0.45833333333333326,0.03466821948490717
7,19,1,0,0.125,0,0,0.0,0.03902766534013094,0.03902766534013094,0.09895833333333334,0.18749999999999997,-0.023658336929500107
7,19,1,1,0.125,0,1,1.0,0.03902766534013094,0.04773022758551185,0.06770833333333331,0.19270833333333331,0.0014850971709407614
7,19,1,2,0.625,2,2,0.0,0.0,0.0,0.3125,0.41145833333333326,0.02927321572560922
7,19,1,3,0.125,1,3,1.0,0.04773022758551185,0.026622247381657416,0.20833333333333331,0.3802083333333333,0.0020424623298550978
7,19,2,0,0.125,2,0,1.0,0.0,0.06065666491262367,0.03645833333333333,0.20833333333333331,-0.003386406652483352
7,19,2,1,0.125,2,1,1.0,0.0,0.07127667208647129,0.10937499999999999,0.3333333333333333,0.010200386361999306
7,19,2,2,0.125,2,2,0.0,0.0,0.0,0.015625,0.203125,0.020135241766297853
7,19,2,3,0.625,0,3,1.0,0.06065666491262367,0.06775984495850021,-0.07291666666666667,0.36979166666666663,0.012447024552475011
7,19,3,0,0.625,1,3,1.0,0.0021648474105009363,0.020066401895682692,-0.015624999999999986,0.328125,0.015967942510595065
7,19,3,1,0.125,1,1,0.0,0.0021648474105009363,0.0021648474105009363,0.13541666666666666,0.21354166666666663,-0.0008464669502825537
7,19,3,2,0.125,0,1,1.0,0.0,0.0021648474105009363,0.23437499999999997,0.375,0.001992340905849312
7,19,3,3,0.125,1,3,1.0,0.0021648474105009363,0.020066401895682692,-0.078125,0.31770833333333326,0.0013364280691280255
7,20,0,0,0.125,0,0,0.0,0.0,0.0,0.17708333333333331,0.44270833333333326,0.05331644959616962
7,20,0,1,0.625,0,1,1.0,0.0,0.06089627955884122,0.11458333333333333,0.35416666666666663,0.019665506465735696
7,20,0,2,0.125,2,2,0.0,0.032738774791214564,0.032738774791214564,0.3125,0.5625,0.044471165623752335
7,20,0,3,0.125,2,1,1.0,0.032738774791214564,0.06089627955884122,0.015625,0.2552083333333333,0.027390241578965576
7,20,1,0,0.125,0,0,0.0,0.04108229270380265,0.04108229270380265,0.09895833333333333,0.38020833333333326,0.010582648185637896
7,20,1,1,0.125,3,1,1.0,0.0476594174111471,0.0,0.06770833333333331,0.38541666666666663,0.023989688463379247
7,20,1,2,0.625,0,2,1.0,0.04108229270380265,0.11924262596201105,0.24479166666666669,0.4114583333333333,-0.027516700118762265
7,20,1,3,0.125,3,3,0.0,0.0476594174111471,0.0476594174111471,0.13020833333333331,0.4739583333333333,0.04541791255305626
7,20,2,0,0.125,3,0,1.0,0.0,0.09047837266376291,-0.015624999999999993,0.13020833333333331,-0.017100169532575846
7,20,2,1,0.125,1,1,0.0,0.04919253428397649,0.04919253428397649,0.16666666666666669,0.21354166666666666,0.01202088510473649
7,20,2,2,0.125,1,2,1.0,0.04919253428397649,0.07087776482318464,-0.04166666666666667,0.19791666666666666,0.003105687978342442
7,20,2,3,0.625,3,3,0.0,0.0,0.0,0.17708333333333331,0.45833333333333326,0.036505046505649695
7,20,3,0,0.625,0,0,0.0,0.008810165580303078,0.008810165580303078,0.16666666666666666,0.375,0.012041338186296595
7,20,3,1,0.125,0,0,0.0,0.008810165580303078,0.008810165580303078,-0.041666666666666664,0.18749999999999997,-0.019267211063471068
7,20,3,2,0.125,0,2,1.0,0.008810165580303078,0.07682323499662999,0.14583333333333331,0.234375,0.02808459295751895
7,20,3,3,0.125,3,3,0.0,0.0,0.0,0.32291666666666663,0.44791666666666663,0.03654766310867304
7,21,0,0,0.125,2,0,1.0,0.0,0.07222780084689129,0.005208333333333329,0.32291666666666663,-0.013673082767245229
7,21,0,1,0.625,1,1,0.0,0.019630140923469264,0.019630140923469264,0.109375,0.44791666666666663,0.027670245620491973
7,21,0,2,0.125,2,2,0.0,0.0,0.0,0.21354166666666666,0.35416666666666663,0.0430091551174368
7,21,0,3,0.125,2,3,1.0,0.0,0.08432424404609504,0.24479166666666663,0.328125,0.013110522574583946
7,21,1,0,0.125,3,0,1.0,0.009484727363789414,0.0,-6.938893903907228e-18,0.16666666666666666,0.01295984385320952
7,21,1,1,0.125,3,1,1.0,0.009484727363789414,0.05507920083135799,-0.125,0.10937499999999999,-0.019868999851676488
7,21,1,2,0.625,0,2,1.0,0.0,0.009738066061053069,0.078125,0.28125,-0.002872444131210323
7,21,1,3,0.125,3,3,0.0,0.009484727363789414,0.009484727363789414,0.24999999999999997,0.328125,0.017813699079353835
7,21,2,0,0.125,0,0,0.0,0.033124739348940446,0.033124739348940446,0.10937500000000001,0.13020833333333331,-0.005560199325009522
7,21,2,1,0.125,0,1,1.0,0.033124739348940446,0.029328890333590985,-1.0408340855860843e-17,0.26041666666666663,0.006244132774071113
7,21,2,2,0.125,0,2,1.0,0.033124739348940446,0.10259954103133115,0.062499999999999986,0.265625,-0.0191246478942509
7,21,2,3,0.625,3,3,0.0,0.0,0.0,0.2864583333333333,0.3958333333333333,0.022825300922914533
7,21,3,0,0.625,0,0,0.0,0.0,0.0,0.22395833333333331,0.43229166666666663,0.03997788044493165
7,21,3,1,0.125,0,1,1.0,0.0,0.09197419489122062,-0.24999999999999997,0.3125,-0.04695164811421815
7,21,3,2,0.125,2,2,0.0,0.059554618578834664,0.059554618578834664,0.3020833333333333,0.4427083333333333,0.029995001192183825
7,21,3,3,0.125,3,3,0.0,0.019113551067860196,0.019113551067860196,0.11458333333333331,0.41666666666666663,0.010504564560806303
7,22,0,0,0.125,0,0,0.0,0.02606707620785842,0.02606707620785842,0.17187499999999997,0.265625,-0.0049689393723173336
7,22,0,1,0.625,0,1,1.0,0.02606707620785842,0.0,0.11979166666666666,0.296875,0.010533050078193176
7,22,0,2,0.125,2,2,0.0,0.051910793882477005,0.051910793882477005,0.16145833333333331,0.46354166666666663,0.04283850314031149
7,22,0,3,0.125,3,3,0.0,0.0701471572661331,0.0701471572661331,0.34375,0.41145833333333326,-0.017623639046308183
7,22,1,0,0.125,0,0,0.0,0.012728759680562002,0.012728759680562002,0.13020833333333331,0.24479166666666666,-0.003926225523904058
7,22,1,1,0.125,0,1,1.0,0.012728759680562002,0.06732678477208046,-0.06770833333333334,0.26041666666666663,-0.008413182183668615
7,22,1,2,0.625,0,2,1.0,0.012728759680562002,0.03034666516483711,-0.010416666666666671,0.17187499999999997,-0.023762068290469535
7,22,1,3,0.125,2,3,1.0,0.03034666516483711,0.0,0.10416666666666666,0.265625,0.003388203201634091
7,22,2,0,0.125,0,0,0.0,0.0029800003520591145,0.0029800003520591145,0.19791666666666666,0.3125,0.004648360421442218
7,22,2,1,0.125,1,1,0.0,0.0,0.0,0.16666666666666666,0.20833333333333331,0.011304841986557831
7,22,2,2,0.125,2,2,0.0,0.03176086415012014,0.03176086415012014,0.13020833333333331,0.36979166666666663,0.01144468358512231
7,22,2,3,0.625,3,3,0.0,0.04510720897464071,0.04510720897464071,0.3489583333333333,0.4114583333333333,-0.022723771758477486
7,22,3,0,0.625,0,0,0.0,0.056878970801070114,0.056878970801070114,0.07291666666666666,0.203125,-0.01775476683245982
7,22,3,1,0.125,1,1,0.0,0.0,0.0,0.21874999999999997,0.3489583333333333,0.03941783831346447
7,22,3,2,0.125,0,2,1.0,0.056878970801070114,0.04191690754228554,0.08333333333333331,0.28125,0.06689630170250907
7,22,3,3,0.125,3,3,0.0,0.03611160026114815,0.03611160026114815,0.265625,0.48437499999999994,-0.006320152368890733
7,23,0,0,0.125,0,0,0.0,0.03316327951043127,0.03316327951043127,0.005208333333333322,0.19270833333333331,-0.00948820371325556
7,23,0,1,0.625,1,1,0.0,0.0,0.0,0.09375,0.34375,0.024438619250577845
7,23,0,2,0.125,2,2,0.0,0.05065723428450955,0.05065723428450955,0.13020833333333331,0.26041666666666663,0.013842629162670808
7,23,0,3,0.125,1,3,1.0,0.0,0.04717002186133332,0.15104166666666666,0.39062499999999994,0.0076008417823861096
7,23,1,0,0.125,0,0,0.0,0.0,0.0,0.16145833333333331,0.39062499999999994,0.02278860844172051
7,23,1,1,0.125,1,1,0.0,0.07548443629881671,0.07548443629881671,0.28125,0.3958333333333333,0.017936857693579316
7,23,1,2,0.625,2,2,0.0,0.015449960491884518,0.015449960491884518,0.24479166666666663,0.43229166666666663,0.016766723175913184
7,23,1,3,0.125,3,3,0.0,0.04580102227072946,0.04580102227072946,0.24479166666666666,0.6875,0.024586913934376554
7,23,2,0,0.125,2,0,1.0,0.0,0.10559770278096396,-0.041666666666666664,0.22395833333333331,0.011484463023947308
7,23,2,1,0.125,2,1,1.0,0.0,0.08619568944863039,0.04687499999999999,0.2864583333333333,0.021608974348953976
7,23,2,2,0.125,2,2,0.0,0.0,0.0,0.11979166666666664,0.3020833333333333,0.04234013330662885
7,23,2,3,0.625,2,2,0.0,0.0,0.0,0.296875,0.44791666666666663,0.008016612827525414
7,23,3,0,0.625,0,0,0.0,0.0,0.0,0.24999999999999997,0.3958333333333333,0.03461940119802659
7,23,3,1,0.125,2,0,1.0,0.03726739860474808,0.0,0.08854166666666666,0.21354166666666669,0.03009355643306373
7,23,3,2,0.125,0,2,1.0,0.0,0.03726739860474808,-0.06770833333333333,0.23958333333333331,-0.013007806289648169
7,23,3,3,0.125,3,3,0.0,0.008039088693415478,0.008039088693415478,0.13541666666666663,0.39583333333333326,0.0036011508853901115
7,24,0,0,0.125,3,0,1.0,0.06775207845600327,0.0,-0.05729166666666667,0.3125,0.02080057687529463
7,24,0,1,0.625,0,1,1.0,0.0,0.07589546384112017,-0.031250000000000014,0.2708333333333333,-0.016208843359223825
7,24,0,2,0.125,2,2,0.0,0.07739235373524006,0.07739235373524006,0.16145833333333331,0.4270833333333333,0.0014035992249076914
7,24,0,3,0.125,2,3,1.0,0.07739235373524006,0.06775207845600327,-0.06770833333333334,0.3645833333333333,-0.0038884836822000203
7,24,1,0,0.125,0,0,0.0,0.0,0.0,0.32291666666666663,0.42187499999999994,0.018616689006795764
7,24,1,1,0.125,0,1,1.0,0.0,0.0051603332580949235,-0.02604166666666668,0.20833333333333331,0.04073111445845838
7,24,1,2,0.625,0,2,1.0,0.0,0.019130615261099465,0.09375,0.42187499999999994,0.02458711727880119
7,24,1,3,0.125,3,3,0.0,0.026515776337431574,0.026515776337431574,0.36979166666666663,0.6875,0.025515979252666438
7,24,2,0,0.125,0,0,0.0,0.0,0.0,0.34375,0.43749999999999994,0.028824218573263578
7,24,2,1,0.125,0,0,0.0,0.0,0.0,-0.005208333333333334,0.11979166666666667,-0.01601428170547229
7,24,2,2,0.125,2,2,0.0,0.028669502691737916,0.028669502691737916,0.359375,0.45833333333333326,0.04052008707361342
7,24,2,3,0.625,3,3,0.0,0.027164507751224087,0.027164507751224087,0.26041666666666663,0.46354166666666663,0.019488430699247664
7,24,3,0,0.625,2,0,1.0,0.0,0.05352874955612895,0.010416666666666663,0.11458333333333331,-0.022621817331764712
7,24,3,1,0.125,2,1,1.0,0.0,0.021858974487740893,-0.09375,0.24479166666666666,-0.02095864974077425
7,24,3,2,0.125,2,2,0.0,0.0,0.0,0.20833333333333331,0.42708333333333326,0.06022199349149919
7,24,3,3,0.125,3,3,0.0,0.03131805603546821,0.03131805603546821,0.16145833333333334,0.234375,0.006532279585017146
7,25,0,0,0.125,0,0,0.0,0.0,0.0,0.19270833333333331,0.46354166666666663,0.03795156760562875
7,25,0,1,0.625,0,1,1.0,0.0,0.018558625685938024,0.09375,0.28125,0.026457019076282597
7,25,0,2,0.125,2,2,0.0,0.031052509387022087,0.031052509387022087,0.17708333333333331,0.46354166666666663,0.0039370512391282905
7,25,0,3,0.125,3,3,0.0,0.013552300359984948,0.013552300359984948,0.328125,0.5416666666666666,0.036958936897470825
7,25,1,0,0.125,2,0,1.0,0.0,0.09859004783363283,-0.026041666666666675,0.3333333333333333,0.010971131190891801
7,25,1,1,0.125,2,1,1.0,0.0,0.11705168858770154,-0.052083333333333336,0.23437499999999997,-0.021809449158185237
7,25,1,2,0.625,2,2,0.0,0.0,0.0,0.265625,0.47916666666666663,0.050706846248741
7,25,1,3,0.125,0,3,1.0,0.09859004783363283,0.11464861381462009,0.07812499999999999,0.35416666666666663,0.008889647863085071
7,25,2,0,0.125,3,0,1.0,0.004877220841779217,0.0,0.14583333333333331,0.296875,0.06101869085059766
7,25,2,1,0.125,0,1,1.0,0.0,0.09080380091682054,-0.041666666666666664,0.3333333333333333,0.024214242922168616
7,25,2,2,0.125,2,2,0.0,0.04721480302978574,0.04721480302978574,0.171875,0.4270833333333333,0.018410944042270706
7,25,2,3,0.625,3,3,0.0,0.004877220841779217,0.004877220841779217,0.45312499999999994,0.53125,0.03634355035653594
7,25,3,0,0.625,0,0,0.0,0.0,0.0,0.21874999999999997,0.33854166666666663,0.0271260441427575
7,25,3,1,0.125,0,1,1.0,0.0,0.012650889312045388,0.036458333333333315,0.28125,0.03084987283357632
7,25,3,2,0.125,2,2,0.0,0.05984825318269811,0.05984825318269811,0.265625,0.36979166666666663,0.02902493488986335
7,25,3,3,0.125,3,3,0.0,0.008104845279050671,0.008104845279050671,0.26041666666666663,0.46354166666666663,0.03566343486898589
7,26,0,0,0.125,3,0,1.0,0.015934576395841255,0.0943052185150094,-0.03125,0.35416666666666663,0.005508856877202528
7,26,0,1,0.625,1,1,0.0,0.0932623252128464,0.0932623252128464,0.02083333333333333,0.171875,-0.03654588429308843
7,26,0,2,0.125,2,2,0.0,0.0,0.0,0.125,0.22916666666666663,0.018553214643355753
7,26,0,3,0.125,3,3,0.0,0.015934576395841255,0.015934576395841255,0.24999999999999994,0.38020833333333326,-0.0015129842353170263
7,26,1,0,0.125,2,0,1.0,0.01565369105434719,0.0,0.19791666666666663,0.40625,0.05663223736080007
7,26,1,1,0.125,0,1,1.0,0.0,0.09436741023105877,0.10416666666666666,0.27604166666666663,0.01157443377666727
7,26,1,2,0.625,2,2,0.0,0.01565369105434719,0.01565369105434719,0.17708333333333331,0.35416666666666663,0.03553219268796718
7,26,1,3,0.125,2,3,1.0,0.01565369105434719,0.05604470035963474,0.13541666666666666,0.36979166666666663,-0.004934785656367359
7,26,2,0,0.125,2,0,1.0,0.0,0.06152334613936371,-0.15625,0.16666666666666666,-0.03625924516769838
7,26,2,1,0.125,2,1,1.0,0.0,0.03561826731988685,0.125,0.36979166666666663,0.016423550468974743
7,26,2,2,0.125,0,2,1.0,0.06152334613936371,0.0,0.06770833333333331,0.27604166666666663,0.03140545311688031
7,26,2,3,0.625,3,3,0.0,0.042177188315595415,0.042177188315595415,0.27604166666666663,0.42708333333333326,0.007881459259542535
7,26,3,0,0.625,2,0,1.0,0.0,0.056023229055961105,0.13541666666666666,0.26041666666666663,0.004106946963675681
7,26,3,1,0.125,0,1,1.0,0.056023229055961105,0.059612576808539014,0.22395833333333331,0.28124999999999994,0.022279772984768298
7,26,3,2,0.125,2,2,0.0,0.0,0.0,0.26041666666666663,0.41666666666666663,0.0568352444143043
7,26,3,3,0.125,0,3,1.0,0.056023229055961105,0.09232058756924945,0.20833333333333331,0.32291666666666663,0.02225446304692624
7,27,0,0,0.125,2,0,1.0,0.03737436512474633,0.06653065563749663,0.10416666666666664,0.32291666666666663,-0.014897778886337122
7,27,0,1,0.625,1,1,0.0,0.0,0.0,0.16666666666666666,0.3489583333333333,0.05344138717777097
7,27,0,2,0.125,2,2,0.0,0.03737436512474633,0.03737436512474633,0.07812499999999997,0.22395833333333331,-0.009808392861599553
7,27,0,3,0.125,3,3,0.0,0.040013792241702956,0.040013792241702956,-0.026041666666666664,0.3489583333333333,-0.007844464776604495
7,27,1,0,0.125,0,0,0.0,0.04476229373069737,0.04476229373069737,0.41666666666666663,0.484375,-0.0018520374124125442
7,27,1,1,0.125,0,1,1.0,0.04476229373069737,0.03390759171687441,0.04687499999999999,0.24479166666666669,0.016310436041892865
7,27,1,2,0.625,2,2,0.0,0.003199033281101382,0.003199033281101382,0.29166666666666663,0.5052083333333333,0.034346906114500204
7,27,1,3,0.125,3,3,0.0,0.0,0.0,0.21874999999999997,0.36979166666666663,0.0217139290837069
7,27,2,0,0.125,1,0,1.0,0.0,0.07542107414584974,0.2604166666666667,0.3489583333333333,0.014723223045249733
7,27,2,1,0.125,1,1,0.0,0.0,0.0,0.23958333333333331,0.40104166666666663,0.03287401458722077
7,27,2,2,0.125,1,1,0.0,0.0,0.0,0.14583333333333331,0.24479166666666666,0.022603300731940543
7,27,2,3,0.625,1,3,1.0,0.0,0.06661672943544926,0.203125,0.5052083333333333,0.028305375919921216
7,27,3,0,0.625,2,0,1.0,0.021126271066031987,0.03982863261527966,-0.05729166666666667,0.26041666666666663,0.0015290187786875296
7,27,3,1,0.125,3,1,1.0,0.0,0.030422052476068606,0.0625,0.24999999999999997,0.01736449248179466
7,27,3,2,0.125,2,2,0.0,0.021126271066031987,0.021126271066031987,0.22916666666666666,0.3645833333333333,0.015102210712243852
7,27,3,3,0.125,3,3,0.0,0.0,0.0,0.34895833333333326,0.5885416666666666,0.054127344581782984
8,8,0,0,0.625,0,0,0.0,0.0,0.0,0.08854166666666666,0.19270833333333331,0.04879203654998911
8,8,0,1,0.125,0,1,1.0,0.0,0.02200481927578099,0.13020833333333331,0.21354166666666666,0.024336470164310908
8,8,0,2,0.125,2,2,0.0,0.060863434635209226,0.060863434635209226,0.2552083333333333,0.453125,0.0390404202286384
8,8,0,3,0.125,0,1,1.0,0.0,0.02200481927578099,-0.03125,0.14583333333333331,-0.021397665724169204
8,8,1,0,0.125,1,0,1.0,0.0,0.036727043420207106,0.04166666666666667,0.3177083333333333,0.000316911780967621
8,8,1,1,0.125,1,1,0.0,0.0,0.0,0.05729166666666666,0.26041666666666663,0.026532518811974746
8,8,1,2,0.125,1,2,1.0,0.0,0.08109144100836368,0.015624999999999997,0.36979166666666663,0.009164389337855688
8,8,1,3,0.625,3,1,1.0,0.06446729759886681,0.0,0.15104166666666669,0.375,0.005887751541340076
8,8,2,0,0.125,0,0,0.0,0.004270165550532029,0.004270165550532029,0.19791666666666666,0.43749999999999994,0.02554984984423727
8,8,2,1,0.125,3,1,1.0,0.05036309055581671,0.03699982271338846,0.17708333333333331,0.24479166666666663,0.0021066056062653622
8,8,2,2,0.625,2,2,0.0,0.0,0.0,0.22395833333333331,0.375,0.007477567302589138
8,8,2,3,0.125,0,3,1.0,0.004270165550532029,0.05036309055581671,0.11458333333333331,0.3020833333333333,0.010651330632964369
8,8,3,0,0.125,0,0,0.0,0.0,0.0,0.04166666666666666,0.13541666666666666,0.024769265162849264
8,8,3,1,0.625,0,0,0.0,0.0,0.0,0.14583333333333331,0.23437499999999997,-0.026686909227920705
8,8,3,2,0.125,2,2,0.0,0.04641184713354757,0.04641184713354757,0.23437499999999997,0.44791666666666663,0.005137906327947311
8,8,3,3,0.125,0,0,0.0,0.0,0.0,-0.13020833333333331,0.15625,-0.00578962901849966
8,9,0,0,0.625,0,0,0.0,0.015157080588840771,0.015157080588840771,0.11979166666666666,0.15624999999999997,0.003512601120286281
8,9,0,1,0.125,1,1,0.0,0.01349168569403919,0.01349168569403919,0.421875,0.578125,0.038107530335478326
8,9,0,2,0.125,2,2,0.0,0.06847022607861691,0.06847022607861691,0.3489583333333333,0.4895833333333333,-0.0047601877874137504
8,9,0,3,0.125,3,3,0.0,0.0,0.0,0.2708333333333333,0.36458333333333326,0.023087448897344147
8,9,1,0,0.125,3,0,1.0,0.0,0.09669173982716782,0.02604166666666667,0.25,0.005684065413699981
8,9,1,1,0.125,1,1,0.0,0.06896404962587546,0.06896404962587546,0.20312499999999994,0.359375,0.0355685902904495
8,9,1,2,0.125,3,2,1.0,0.0,0.06406966333287482,0.16666666666666666,0.35416666666666663,0.016272500765342004
8,9,1,3,0.625,3,3,0.0,0.0,0.0,0.3802083333333333,0.5364583333333333,0.07646887271827069
8,9,2,0,0.125,3,0,1.0,0.0,0.0803952462800801,0.140625,0.4375,0.05421050525349479
8,9,2,1,0.125,1,1,0.0,0.10130758394666266,0.10130758394666266,0.45312499999999994,0.6302083333333333,0.018486002696359423
8,9,2,2,0.625,3,2,1.0,0.0,0.1158032609026744,-0.036458333333333336,0.34375,0.00016244263706955786
8,9,2,3,0.125,3,3,0.0,0.0,0.0,0.23958333333333331,0.46875,0.04458009414389118
8,9,3,0,0.125,2,2,0.0,0.020623671135700267,0.020623671135700267,-0.09895833333333334,0.0625,0.005548890180473332
8,9,3,1,0.625,0,1,1.0,0.0,0.0501122668225366,0.020833333333333325,0.3645833333333333,-0.014210630388144324
8,9,3,2,0.125,0,2,1.0,0.0,0.020623671135700267,-0.010416666666666668,0.3489583333333333,-0.019750741318811008
8,9,3,3,0.125,3,3,0.0,0.014046689189049708,0.014046689189049708,0.24479166666666666,0.3802083333333333,0.051914779822379756
8,10,0,0,0.625,2,0,1.0,0.0,0.11330644015177574,0.005208333333333327,0.17708333333333331,0.017918035996464344
8,10,0,1,0.125,2,2,0.0,0.0,0.0,0.03645833333333332,0.16145833333333331,-0.0388561407005407
8,10,0,2,0.125,2,2,0.0,0.0,0.0,0.16666666666666666,0.375,0.03604840965707137
8,10,0,3,0.125,2,2,0.0,0.0,0.0,-0.010416666666666664,0.22916666666666666,0.022140366916725798
8,10,1,0,0.125,3,0,1.0,0.012372211481742529,0.018681471512842468,0.12499999999999997,0.32291666666666663,0.053305733868902146
8,10,1,1,0.125,3,1,1.0,0.012372211481742529,0.0,-0.078125,0.5260416666666666,0.025315914738415903
8,10,1,2,0.125,3,2,1.0,0.012372211481742529,0.07235489258866928,-0.02604166666666667,0.47916666666666663,0.006517550547549695
8,10,1,3,0.625,0,1,1.0,0.018681471512842468,0.0,0.10416666666666667,0.21354166666666663,0.037160391451438256
8,10,2,0,0.125,2,0,1.0,0.039411347670743474,0.05608272638939414,0.015625,0.30729166666666663,0.023163925491458615
8,10,2,1,0.125,1,1,0.0,0.010588782074052921,0.010588782074052921,0.13020833333333331,0.2552083333333333,0.031059921835729816
8,10,2,2,0.625,2,2,0.0,0.039411347670743474,0.039411347670743474,0.15625,0.3125,-0.003935335457869556
8,10,2,3,0.125,1,3,1.0,0.010588782074052921,0.0,0.08333333333333331,0.2708333333333333,0.013580911591485193
8,10,3,0,0.125,3,0,1.0,0.0,0.046382551305416894,0.13020833333333331,0.21875,0.015475176682263803
8,10,3,1,0.625,1,1,0.0,0.035094265974950106,0.035094265974950106,0.29166666666666663,0.4270833333333333,-0.006729131788492645
8,10,3,2,0.125,2,2,0.0,0.00660756231375928,0.00660756231375928,0.18229166666666663,0.328125,0.021956117229493033
8,10,3,3,0.125,2,3,1.0,0.00660756231375928,0.0,0.015624999999999986,0.33854166666666663,0.009034588360470506
8,11,0,0,0.625,0,0,0.0,0.0,0.0,0.05729166666666666,0.21874999999999997,-0.006563171876201373
8,11,0,1,0.125,0,0,0.0,0.0,0.0,0.24479166666666663,0.328125,-0.0420706041697246
8,11,0,2,0.125,2,2,0.0,0.028268151564735652,0.028268151564735652,0.13020833333333331,0.40625,0.001891918608204618
8,11,0,3,0.125,0,0,0.0,0.0,0.0,0.026041666666666657,0.296875,0.023171336522518106
8,11,1,0,0.125,2,0,1.0,0.0,0.050234375645183016,0.16666666666666663,0.38541666666666663,0.02264421807525663
8,11,1,1,0.125,0,0,0.0,0.050234375645183016,0.050234375645183016,0.15625,0.29166666666666663,0.008350022458460154
8,11,1,2,0.125,2,2,0.0,0.0,0.0,0.11979166666666666,0.390625,0.0470148873185043
8,11,1,3,0.625,3,3,0.0,0.019068499658118576,0.019068499658118576,0.3958333333333333,0.47916666666666663,0.041014254748070286
8,11,2,0,0.125,0,0,0.0,0.029288506341037995,0.029288506341037995,0.11458333333333331,0.375,0.017688985049112482
8,11,2,1,0.125,1,1,0.0,0.01585873213582123,0.01585873213582123,0.49479166666666663,0.5677083333333333,0.02732945712167437
8,11,2,2,0.625,3,2,1.0,0.0,0.03563670325665594,0.09895833333333331,0.30729166666666663,0.012114516089126481
8,11,2,3,0.125,2,3,1.0,0.03563670325665594,0.0,0.27604166666666663,0.3645833333333333,0.04336503824246472
8,11,3,0,0.125,0,0,0.0,0.024560019762290497,0.024560019762290497,0.15625,0.3020833333333333,-0.009216351755219673
8,11,3,1,0.625,1,1,0.0,0.006565954373662974,0.006565954373662974,0.2552083333333333,0.3333333333333333,0.007223026330237072
8,11,3,2,0.125,1,2,1.0,0.006565954373662974,0.0424231669032618,-0.0625,0.27604166666666663,0.009180931148713418
8,11,3,3,0.125,3,3,0.0,0.0,0.0,0.11458333333333331,0.35416666666666663,0.01921168113974535
8,12,0,0,0.625,0,0,0.0,0.06427969767051706,0.06427969767051706,0.07812499999999999,0.3020833333333333,0.00574214161478516
8,12,0,1,0.125,0,1,1.0,0.06427969767051706,0.004591227657101821,0.057291666666666664,0.22916666666666666,0.010078892677054876
8,12,0,2,0.125,3,2,1.0,0.0,0.005911811700737374,-0.015625000000000014,0.5572916666666666,0.013007649328562484
8,12,0,3,0.125,2,3,1.0,0.005911811700737374,0.0,0.04687499999999999,0.24479166666666666,0.03286348665798719
8,12,1,0,0.125,1,0,1.0,0.03154036017866052,0.005049044044735385,0.07291666666666666,0.3020833333333333,0.020731169193298683
8,12,1,1,0.125,1,1,0.0,0.03154036017866052,0.03154036017866052,0.33854166666666663,0.390625,0.038754793834940446
8,12,1,2,0.125,3,2,1.0,0.0,0.022788977219268897,0.15104166666666663,0.4114583333333333,0.00850500192636528
8,12,1,3,0.625,0,3,1.0,0.005049044044735385,0.0,0.05208333333333333,0.26562499999999994,0.039996447234588985
8,12,2,0,0.125,1,0,1.0,0.0,0.056063228704283735,0.14583333333333331,0.29166666666666663,0.008511806529047485
8,12,2,1,0.125,1,1,0.0,0.0,0.0,0.20833333333333331,0.359375,0.04821072768126257
8,12,2,2,0.625,1,2,1.0,0.0,0.11332159111752321,0.06249999999999999,0.24999999999999997,0.01076657233279702
8,12,2,3,0.125,0,3,1.0,0.056063228704283735,0.0937415177824003,0.03645833333333334,0.22395833333333331,-0.022938077973946744
8,12,3,0,0.125,0,0,0.0,0.0,0.0,0.16145833333333331,0.3645833333333333,0.04721408590935491
8,12,3,1,0.625,1,1,0.0,0.010466189780043988,0.010466189780043988,0.40624999999999994,0.5833333333333333,0.03865919850534825
8,12,3,2,0.125,1,2,1.0,0.010466189780043988,0.05182567028085852,0.3177083333333333,0.546875,0.038030028967896916
8,12,3,3,0.125,3,3,0.0,0.036158941177340864,0.036158941177340864,0.2864583333333333,0.41666666666666663,0.04933164964517411
8,13,0,0,0.625,1,0,1.0,0.027635091558188704,0.0,0.07291666666666666,0.30729166666666663,0.03587846888973509
8,13,0,1,0.125,1,1,0.0,0.027635091558188704,0.027635091558188704,0.4114583333333333,0.49479166666666663,0.0192357255572342
8,13,0,2,0.125,1,2,1.0,0.027635091558188704,0.02633322180236347,0.140625,0.375,0.019893869420011676
8,13,0,3,0.125,0,3,1.0,0.0,0.024780073637438907,0.11979166666666666,0.42187499999999994,0.03165825856843737
8,13,1,0,0.125,0,0,0.0,0.05552366036390466,0.05552366036390466,0.11458333333333331,0.28125,0.027491529838666783
8,13,1,1,0.125,1,1,0.0,0.07748685428222536,0.07748685428222536,0.27604166666666663,0.3958333333333333,0.03429487486734804
8,13,1,2,0.125,1,3,1.0,0.07748685428222536,0.0,0.19791666666666663,0.47916666666666663,0.01525544319155859
8,13,1,3,0.625,0,3,1.0,0.05552366036390466,0.0,0.19270833333333331,0.3333333333333333,0.051184798569258096
8,13,2,0,0.125,1,0,1.0,0.0,0.052526813923664484,0.140625,0.21875,0.016973585027562993
8,13,2,1,0.125,1,1,0.0,0.0,0.0,0.40104166666666663,0.5625,0.06856161573247332
8,13,2,2,0.625,2,2,0.0,0.0312674009159378,0.0312674009159378,0.13020833333333331,0.2708333333333333,0.01781419508258344
8,13,2,3,0.125,3,3,0.0,0.0020412259339916694,0.0020412259339916694,0.22916666666666666,0.45833333333333326,0.03873223795686385
8,13,3,0,0.125,1,0,1.0,0.0,0.038973355474416466,0.10937499999999997,0.18229166666666666,0.020101699740951415
8,13,3,1,0.625,1,1,0.0,0.0,0.0,0.21354166666666666,0.43229166666666663,0.023917176017555462
8,13,3,2,0.125,1,2,1.0,0.0,0.08812581791959362,0.11458333333333333,0.38020833333333326,0.009963744233286722
8,13,3,3,0.125,3,3,0.0,0.024995966509850406,0.024995966509850406,0.23958333333333331,0.39062499999999994,0.0054806229932347315
8,14,0,0,0.625,1,0,1.0,0.0,0.06807938628099475,0.06249999999999999,0.22395833333333331,-0.01439096893438215
8,14,0,1,0.125,1,1,0.0,0.0,0.0,0.26041666666666663,0.390625,0.03809149300675837
8,14,0,2,0.125,0,2,1.0,0.06807938628099475,0.0488182849619397,0.24999999999999997,0.53125,0.0692341038046643
8,14,0,3,0.125,2,3,1.0,0.0488182849619397,0.04353308271858866,0.04166666666666666,0.2708333333333333,0.0022175848113556666
8,14,1,0,0.125,0,0,0.0,0.0,0.0,0.22916666666666666,0.40625,0.05936218928131596
8,14,1,1,0.125,0,1,1.0,0.0,0.1285361141435007,0.16666666666666666,0.35416666666666663,0.019447203870187956
8,14,1,2,0.125,2,2,0.0,0.10512022447264797,0.10512022447264797,0.23958333333333331,0.38541666666666663,0.01804473143561295
8,14,1,3,0.625,0,3,1.0,0.0,0.08628141988889884,0.13020833333333331,0.3645833333333333,0.03758701334514532
8,14,2,0,0.125,2,0,1.0,0.0,0.10733206917212806,0.05729166666666666,0.19270833333333331,-0.011656640496800392
8,14,2,1,0.125,1,1,0.0,0.05880776497731932,0.05880776497731932,0.15104166666666666,0.234375,0.02600447231176643
8,14,2,2,0.625,2,2,0.0,0.0,0.0,0.23437499999999997,0.36979166666666663,0.03652348553113
8,14,2,3,0.125,3,3,0.0,0.05653022455246941,0.05653022455246941,0.15625,0.4583333333333333,-0.016333032798524483
8,14,3,0,0.125,0,0,0.0,0.03479748064296043,0.03479748064296043,0.04687499999999999,0.27604166666666663,-0.012049549576555981
8,14,3,1,0.625,0,1,1.0,0.03479748064296043,0.03611100068456655,0.06770833333333333,0.265625,0.02522354428533537
8,14,3,2,0.125,3,2,1.0,0.0,0.06451718396371363,0.13020833333333331,0.29166666666666663,-0.018361768501329884
8,14,3,3,0.125,3,3,0.0,0.0,0.0,0.057291666666666644,0.25,0.01589483271676416
8,15,0,0,0.625,0,0,0.0,0.0,0.0,0.020833333333333332,0.23958333333333331,0.004461380161602819
8,15,0,1,0.125,1,1,0.0,0.06687965101757348,0.06687965101757348,0.296875,0.30729166666666663,-0.025722065746148663
8,15,0,2,0.125,0,2,1.0,0.0,0.04405503524759309,0.0,0.46874999999999994,0.00024231213214618948
8,15,0,3,0.125,3,3,0.0,0.014896418270948522,0.014896418270948522,0.13541666666666663,0.30729166666666663,0.03035994282479277
8,15,1,0,0.125,2,0,1.0,0.0,0.048492653817041514,0.078125,0.41666666666666663,0.02385179852009753
8,15,1,1,0.125,1,1,0.0,0.08576336841233916,0.08576336841233916,0.33854166666666663,0.36979166666666663,-0.0024690416680005194
8,15,1,2,0.125,2,2,0.0,0.0,0.0,0.08333333333333331,0.39583333333333326,0.028754657927073685
8,15,1,3,0.625,3,3,0.0,0.02558985391303234,0.02558985391303234,0.17708333333333331,0.35416666666666663,0.019590701297874533
8,15,2,0,0.125,2,0,1.0,0.10244828757419859,0.04658104632916893,0.05729166666666667,0.28125,0.03264327224011726
8,15,2,1,0.125,2,1,1.0,0.10244828757419859,0.061781084339033066,0.10416666666666664,0.32291666666666663,0.020463447522322053
8,15,2,2,0.625,0,2,1.0,0.04658104632916893,0.10244828757419859,0.3125,0.5052083333333333,0.019012756392160282
8,15,2,3,0.125,3,3,0.0,0.0,0.0,0.296875,0.59375,0.05101624222797062
8,15,3,0,0.125,2,2,0.0,0.004168263814464945,0.004168263814464945,0.07812499999999999,0.19270833333333331,-0.0005295971311008146
8,15,3,1,0.625,1,1,0.0,0.07904106969126284,0.07904106969126284,0.390625,0.515625,0.008204368624704302
8,15,3,2,0.125,2,2,0.0,0.004168263814464945,0.004168263814464945,0.19270833333333331,0.328125,0.037110967882200814
8,15,3,3,0.125,2,3,1.0,0.004168263814464945,0.0,0.03645833333333333,0.40104166666666663,0.05798564748353394
8,16,0,0,0.625,0,0,0.0,0.04826320122937716,0.04826320122937716,0.18229166666666663,0.359375,0.04596942561058284
8,16,0,1,0.125,1,1,0.0,0.14248290565416788,0.14248290565416788,0.40104166666666663,0.4791666666666667,0.025822601602450763
8,16,0,2,0.125,2,2,0.0,0.08193169067382869,0.08193169067382869,0.29166666666666663,0.5677083333333333,0.04601757758063579
8,16,0,3,0.125,0,3,1.0,0.04826320122937716,0.0,0.24479166666666663,0.46354166666666663,0.09670241891324693
8,16,1,0,0.125,1,0,1.0,0.003102975450195389,0.0,-0.036458333333333336,0.13541666666666666,0.027133520707927374
8,16,1,1,0.125,1,1,0.0,0.003102975450195389,0.003102975450195389,0.1875,0.328125,0.018717768114533354
8,16,1,2,0.125,2,2,0.0,0.022942563153262277,0.022942563153262277,0.20833333333333331,0.5364583333333333,-0.012334262895244068
8,16,1,3,0.625,0,3,1.0,0.0,0.026544767693605156,-0.005208333333333339,0.18229166666666666,0.003506658544419747
8,16,2,0,0.125,1,0,1.0,0.04201520956761459,0.0,0.08333333333333333,0.40104166666666663,0.0586285765906733
8,16,2,1,0.125,3,3,0.0,0.011143336267778109,0.011143336267778109,0.21354166666666663,0.3489583333333333,0.014950940466056604
8,16,2,2,0.625,3,2,1.0,0.011143336267778109,0.08778240312216756,0.140625,0.33854166666666663,0.02882694302094759
8,16,2,3,0.125,3,3,0.0,0.011143336267778109,0.011143336267778109,0.359375,0.5625,0.058300728875305186
8,16,3,0,0.125,3,0,1.0,0.0,0.06390790189865789,0.09895833333333331,0.359375,0.005552183093527825
8,16,3,1,0.625,3,0,1.0,0.0,0.06390790189865789,0.09374999999999999,0.21354166666666666,0.025982464908178498
8,16,3,2,0.125,3,2,1.0,0.0,0.08060437991662557,0.16666666666666666,0.48958333333333326,0.010867035332301224
8,16,3,3,0.125,3,3,0.0,0.0,0.0,0.16666666666666663,0.3125,0.055245603985301234
8,17,0,0,0.625,0,0,0.0,0.020075611388908732,0.020075611388908732,0.06249999999999999,0.19270833333333331,0.017207223667070056
8,17,0,1,0.125,1,1,0.0,0.009045542807298482,0.009045542807298482,0.13020833333333331,0.3645833333333333,0.052681104679805
8,17,0,2,0.125,2,2,0.0,0.04687805478474978,0.04687805478474978,0.22916666666666666,0.4427083333333333,0.021551004328819196
8,17,0,3,0.125,3,3,0.0,0.0,0.0,0.13541666666666666,0.265625,0.042264212628250614
8,17,1,0,0.125,2,0,1.0,0.014985392113723156,0.05222278163833602,0.026041666666666657,0.13541666666666666,-0.013477066164669236
8,17,1,1,0.125,1,1,0.0,0.0,0.0,0.08333333333333331,0.28645833333333326,0.0016686512553930018
8,17,1,2,0.125,2,2,0.0,0.014985392113723156,0.014985392113723156,0.12499999999999999,0.25,0.006330548747002749
8,17,1,3,0.625,2,3,1.0,0.014985392113723156,0.005759724049725412,0.10416666666666666,0.2552083333333333,0.03049758342145422
8,17,2,0,0.125,0,0,0.0,0.04799095122220906,0.04799095122220906,0.10416666666666666,0.19270833333333331,0.013595082090907429
8,17,2,1,0.125,1,1,0.0,0.0565485334534042,0.0565485334534042,0.18229166666666666,0.24999999999999997,-0.010802660663008173
8,17,2,2,0.625,2,2,0.0,0.0,0.0,0.08333333333333333,0.3333333333333333,0.040966823661554415
8,17,2,3,0.125,2,3,1.0,0.0,0.06591351888406918,-0.03125,0.13020833333333331,-0.0140088262566586
8,17,3,0,0.125,3,0,1.0,0.04012128490966929,0.08221833874485676,-0.005208333333333334,0.09895833333333333,-0.03032763194150088
8,17,3,1,0.625,3,0,1.0,0.04012128490966929,0.08221833874485676,0.08854166666666666,0.125,-0.05066098211070169
8,17,3,2,0.125,3,2,1.0,0.04012128490966929,0.0,0.02083333333333333,0.3802083333333333,0.02225554797283646
8,17,3,3,0.125,3,3,0.0,0.04012128490966929,0.04012128490966929,-0.057291666666666664,0.16145833333333331,-0.0017936162499265925
8,18,0,0,0.625,0,0,0.0,0.0,0.0,0.08333333333333334,0.21875,0.046942220817735435
8,18,0,1,0.125,1,1,0.0,0.05903247031950787,0.05903247031950787,0.08333333333333333,0.18229166666666666,0.055807896541496094
8,18,0,2,0.125,1,2,1.0,0.05903247031950787,0.03192875279192843,0.11458333333333331,0.515625,0.019873746993317388
8,18,0,3,0.125,3,3,0.0,0.024856563793230008,0.024856563793230008,0.21874999999999997,0.359375,0.006531896910030683
8,18,1,0,0.125,0,0,0.0,0.0,0.0,0.11458333333333333,0.3125,0.03184615024339897
8,18,1,1,0.125,1,1,0.0,0.025468259881526414,0.025468259881526414,0.40104166666666663,0.47916666666666663,-0.021329381737107484
8,18,1,2,0.125,3,2,1.0,0.012083122748311526,0.0008480604716891715,0.18229166666666666,0.328125,0.01330518547472876
8,18,1,3,0.625,0,3,1.0,0.0,0.012083122748311526,0.140625,0.40104166666666663,0.01412669077404979
8,18,2,0,0.125,0,3,1.0,0.06935199864318885,0.09006654946476998,0.11458333333333333,0.29687499999999994,0.03311957514683037
8,18,2,1,0.125,1,1,0.0,0.0,0.0,0.41666666666666663,0.546875,0.07054607043761542
8,18,2,2,0.625,1,2,1.0,0.0,0.09516059784094527,0.07291666666666666,0.30729166666666663,-0.016383699750627093
8,18,2,3,0.125,0,3,1.0,0.06935199864318885,0.09006654946476998,1.734723475976807e-18,0.14583333333333331,-0.007475532191460146
8,18,3,0,0.125,1,1,0.0,0.0,0.0,0.08854166666666666,0.19791666666666663,-0.02308406987051038
8,18,3,1,0.625,3,1,1.0,0.0612962900039804,0.0,0.19270833333333331,0.38541666666666663,0.04438339565696699
8,18,3,2,0.125,1,2,1.0,0.0,0.07861293370559168,0.17708333333333331,0.390625,0.00900593064538803
8,18,3,3,0.125,1,3,1.0,0.0,0.0612962900039804,0.046874999999999986,0.31770833333333326,0.0106366405725372
8,19,0,0,0.625,0,0,0.0,0.13530712478626164,0.13530712478626164,0.05208333333333333,0.328125,-0.0037399345910743725
8,19,0,1,0.125,0,1,1.0,0.13530712478626164,0.1257249693780802,-0.046875,0.14583333333333334,-0.029679244680795813
8,19,0,2,0.125,2,2,0.0,0.10943340198402633,0.10943340198402633,0.21874999999999997,0.3645833333333333,0.001752297915735543
8,19,0,3,0.125,3,3,0.0,0.0,0.0,0.08333333333333333,0.30729166666666663,0.04586302126452941
8,19,1,0,0.125,0,0,0.0,0.07073399171391796,0.07073399171391796,0.140625,0.3125,-0.0013268319225338712
8,19,1,1,0.125,0,1,1.0,0.07073399171391796,0.03897380065340901,-0.026041666666666668,0.13020833333333331,0.018664370862215854
8,19,1,2,0.125,0,2,1.0,0.07073399171391796,0.08128031025806609,0.22916666666666666,0.49479166666666663,0.014787643300291812
8,19,1,3,0.625,3,3,0.0,0.0,0.0,0.041666666666666644,0.32291666666666663,0.04106829995852892
8,19,2,0,0.125,1,0,1.0,0.03988800140890858,0.009672497032624239,0.08854166666666666,0.4375,0.039496067729122286
8,19,2,1,0.125,1,1,0.0,0.03988800140890858,0.03988800140890858,0.390625,0.5260416666666666,-0.003149888572413606
8,19,2,2,0.625,1,2,1.0,0.03988800140890858,0.06512897670002415,0.046874999999999986,0.3958333333333333,0.011377798246743091
8,19,2,3,0.125,3,3,0.0,0.0,0.0,0.16145833333333331,0.296875,0.03936346155801958
8,19,3,0,0.125,1,0,1.0,0.0,0.09074110116441535,0.010416666666666661,0.14583333333333331,-0.051770098603091126
8,19,3,1,0.625,1,1,0.0,0.0,0.0,0.21354166666666663,0.3489583333333333,0.039901805845804356
8,19,3,2,0.125,1,2,1.0,0.0,0.004138040840877377,0.22395833333333331,0.3645833333333333,0.03310421914277629
8,19,3,3,0.125,1,3,1.0,0.0,0.041140167394038335,0.13541666666666666,0.265625,0.020103301966664856
8,20,0,0,0.625,0,0,0.0,0.001864446454518276,0.001864446454518276,0.05208333333333333,0.14583333333333331,-0.006659555059762563
8,20,0,1,0.125,0,1,1.0,0.001864446454518276,0.049104471706403044,0.07812499999999999,0.13541666666666666,-0.026741183176017282
8,20,0,2,0.125,3,2,1.0,0.0,0.0006858988215137918,0.07291666666666666,0.2708333333333333,-0.0010150902471288612
8,20,0,3,0.125,0,3,1.0,0.001864446454518276,0.0,0.08854166666666666,0.21354166666666666,0.02830143551931358
8,20,1,0,0.125,0,0,0.0,0.018133768730076466,0.018133768730076466,-0.015625,0.35416666666666663,0.03012011718093415
8,20,1,1,0.125,2,1,1.0,0.0,0.06705060727478045,0.15104166666666666,0.22916666666666663,0.01947083902704927
8,20,1,2,0.125,2,2,0.0,0.0,0.0,0.3125,0.48437499999999994,0.040708994801902494
8,20,1,3,0.625,3,3,0.0,0.049571719057467156,0.049571719057467156,0.35416666666666663,0.625,0.03207033315414984
8,20,2,0,0.125,0,0,0.0,0.021597442334955197,0.021597442334955197,0.04166666666666666,0.09895833333333333,0.00204108844342987
8,20,2,1,0.125,1,1,0.0,0.02713556795440522,0.02713556795440522,0.3802083333333333,0.3802083333333333,-0.02611423744563787
8,20,2,2,0.625,1,2,1.0,0.02713556795440522,0.05608871294174743,-0.06250000000000001,0.2552083333333333,-0.008354674578553286
8,20,2,3,0.125,3,3,0.0,0.0,0.0,0.11458333333333331,0.14062499999999997,0.01879693452604084
8,20,3,0,0.125,1,0,1.0,0.05740123905703913,0.057390506909041406,0.08854166666666667,0.18749999999999997,0.025385850425844843
8,20,3,1,0.625,1,1,0.0,0.05740123905703913,0.05740123905703913,0.38020833333333326,0.484375,0.021392991907601452
8,20,3,2,0.125,2,2,0.0,0.0,0.0,0.265625,0.5572916666666666,0.06168615217167583
8,20,3,3,0.125,0,3,1.0,0.057390506909041406,0.04411504165294289,-0.015625000000000007,0.3958333333333333,0.02088635197956972
8,21,0,0,0.625,3,1,1.0,0.0,0.05997894305072647,0.08333333333333331,0.296875,0.013386420246163185
8,21,0,1,0.125,3,1,1.0,0.0,0.05997894305072647,-0.046875,0.23437499999999997,-0.027605187785116645
8,21,0,2,0.125,2,2,0.0,0.031836146917881614,0.031836146917881614,0.17708333333333331,0.38541666666666663,0.01773767689693858
8,21,0,3,0.125,2,3,1.0,0.031836146917881614,0.0,0.109375,0.38541666666666663,0.04805258515889081
8,21,1,0,0.125,1,0,1.0,0.0,0.12311262589330203,0.05208333333333332,0.18749999999999997,-0.01337637189256062
8,21,1,1,0.125,1,1,0.0,0.0,0.0,0.421875,0.4427083333333333,0.009742038509415931
8,21,1,2,0.125,2,2,0.0,0.016906552726623184,0.016906552726623184,0.1875,0.4375,0.02387818217209394
8,21,1,3,0.625,1,1,0.0,0.0,0.0,0.07291666666666666,0.2552083333333333,0.004714257534520063
8,21,2,0,0.125,1,0,1.0,0.0367356283867635,0.03064233693727242,0.15625,0.23958333333333331,0.02104634254736887
8,21,2,1,0.125,1,1,0.0,0.0367356283867635,0.0367356283867635,0.421875,0.6354166666666666,0.039704079909927165
8,21,2,2,0.625,1,2,1.0,0.0367356283867635,0.06995606766859302,0.031249999999999986,0.453125,0.005879365397187241
8,21,2,3,0.125,3,3,0.0,0.0,0.0,0.296875,0.4114583333333333,0.027363031626226098
8,21,3,0,0.125,0,0,0.0,0.026267347230608196,0.026267347230608196,0.20833333333333331,0.47395833333333326,0.021070018085983317
8,21,3,1,0.625,1,1,0.0,0.0,0.0,0.12499999999999999,0.23958333333333331,0.01674591744962809
8,21,3,2,0.125,1,2,1.0,0.0,0.07549633797148318,0.06249999999999999,0.36979166666666663,-0.03034626498024081
8,21,3,3,0.125,3,3,0.0,0.03846079914801437,0.03846079914801437,0.10416666666666666,0.22916666666666663,0.037970770966824594
8,22,0,0,0.625,0,0,0.0,0.008277698238860709,0.008277698238860709,0.16145833333333334,0.48958333333333326,0.018468023080234115
8,22,0,1,0.125,1,1,0.0,0.03455890551560406,0.03455890551560406,0.2552083333333333,0.4583333333333333,0.01477774215768542
8,22,0,2,0.125,2,2,0.0,0.057126358211235836,0.057126358211235836,0.22395833333333331,0.4739583333333333,-0.012134288142744403
8,22,0,3,0.125,2,3,1.0,0.057126358211235836,0.0,0.11979166666666664,0.36979166666666663,0.04574273552482594
8,22,1,0,0.125,1,0,1.0,0.005749629357718208,0.000830433817076287,0.1875,0.4322916666666667,0.0481874203346586
8,22,1,1,0.125,1,1,0.0,0.005749629357718208,0.005749629357718208,-0.005208333333333343,0.31770833333333337,0.03248731662010012
8,22,1,2,0.125,2,2,0.0,0.0,0.0,0.22916666666666663,0.53125,0.021745300942874544
8,22,1,3,0.625,1,2,1.0,0.005749629357718208,0.0,0.02083333333333333,0.36979166666666663,0.018944515319350336
8,22,2,0,0.125,0,0,0.0,0.0,0.0,0.015624999999999995,0.09895833333333333,-0.003758769444188204
8,22,2,1,0.125,0,0,0.0,0.0,0.0,0.05729166666666666,0.13541666666666666,-0.05374197914637136
8,22,2,2,0.625,0,2,1.0,0.0,0.050396522788335674,0.015624999999999986,0.33333333333333326,-0.006290815160787045
8,22,2,3,0.125,3,3,0.0,0.011198374728243699,0.011198374728243699,0.16145833333333331,0.23958333333333331,-0.005625929333783026
8,22,3,0,0.125,2,2,0.0,0.0,0.0,0.09375,0.19791666666666666,0.02367150209786858
8,22,3,1,0.625,1,1,0.0,0.013796865908389494,0.013796865908389494,0.34895833333333326,0.40104166666666663,0.016784082341871277
8,22,3,2,0.125,2,2,0.0,0.0,0.0,0.38541666666666663,0.5572916666666666,0.03092262441879584
8,22,3,3,0.125,0,2,1.0,0.05755536590360405,0.0,0.06770833333333333,0.265625,0.01035998019251031
8,23,0,0,0.625,1,0,1.0,0.020146870272433115,0.020642717530962612,-0.02604166666666667,0.11458333333333331,0.004631329212139439
8,23,0,1,0.125,1,1,0.0,0.020146870272433115,0.020146870272433115,0.42187499999999994,0.53125,0.04287666405380374
8,23,0,2,0.125,0,2,1.0,0.020642717530962612,0.0,0.09895833333333333,0.3802083333333333,0.006047448530130637
8,23,0,3,0.125,1,3,1.0,0.020146870272433115,0.012691603384926073,-0.015624999999999993,0.15625,-0.003618802672948131
8,23,1,0,0.125,0,0,0.0,0.0,0.0,0.08333333333333331,0.3802083333333333,0.03843541979988238
8,23,1,1,0.125,0,0,0.0,0.0,0.0,0.33854166666666663,0.40624999999999994,-0.007776100570660717
8,23,1,2,0.125,0,2,1.0,0.0,0.046476762925360376,0.08854166666666666,0.375,0.014008596221064519
8,23,1,3,0.625,3,3,0.0,0.05242816337621693,0.05242816337621693,0.2552083333333333,0.390625,0.006339376435842628
8,23,2,0,0.125,0,0,0.0,0.023707540139019045,0.023707540139019045,0.078125,0.515625,-0.011337086459894842
8,23,2,1,0.125,0,1,1.0,0.023707540139019045,0.0,0.10416666666666666,0.44791666666666663,0.05148169734371344
8,23,2,2,0.625,1,2,1.0,0.0,0.00040584886615049887,-0.13541666666666666,0.33333333333333326,0.008490846345904728
8,23,2,3,0.125,3,3,0.0,0.04000492991725296,0.04000492991725296,0.09375,0.234375,-0.012600997034951988
8,23,3,0,0.125,0,0,0.0,0.0,0.0,0.11458333333333331,0.22395833333333331,0.040432128305358216
8,23,3,1,0.625,1,1,0.0,0.03712163762324058,0.03712163762324058,0.390625,0.5572916666666666,0.018909010853833508
8,23,3,2,0.125,0,2,1.0,0.0,0.07071129488430258,0.14583333333333331,0.32291666666666663,0.019783011224365907
8,23,3,3,0.125,0,3,1.0,0.0,0.017832112107908527,0.09895833333333331,0.5052083333333333,0.023200504507895944
8,24,0,0,0.625,1,0,1.0,0.011999495202092925,0.11600892048446867,-0.18229166666666666,0.15104166666666666,-0.05066725410178044
8,24,0,1,0.125,1,1,0.0,0.011999495202092925,0.011999495202092925,-0.0625,0.26041666666666663,0.02034242998983688
8,24,0,2,0.125,2,2,0.0,0.029758892159655798,0.029758892159655798,0.09895833333333334,0.3125,0.01227957267166557
8,24,0,3,0.125,3,3,0.0,0.0,0.0,0.20833333333333331,0.29166666666666663,0.0264289215477334
8,24,1,0,0.125,2,0,1.0,0.0,0.09882464122239372,0.0989583333333333,0.28125,-0.02342849666513828
8,24,1,1,0.125,0,1,1.0,0.09882464122239372,0.06681265840848943,-3.469446951953614e-18,0.18229166666666666,0.025820679004047564
8,24,1,2,0.125,2,2,0.0,0.0,0.0,0.359375,0.46875,0.054538339288703046
8,24,1,3,0.625,3,3,0.0,0.03308658262951031,0.03308658262951031,0.19270833333333331,0.32291666666666663,0.0486751901130074
8,24,2,0,0.125,3,0,1.0,0.046909284917072816,0.0,0.125,0.22395833333333331,0.007425962758246544
8,24,2,1,0.125,2,1,1.0,0.010455084469300185,0.04941067873337422,0.14062499999999997,0.3125,0.021144096937311615
8,24,2,2,0.625,0,2,1.0,0.0,0.010455084469300185,0.04687499999999999,0.28125,-0.0057510252358379055
8,24,2,3,0.125,0,1,1.0,0.0,0.04941067873337422,0.0625,0.21875,0.018772418872789742
8,24,3,0,0.125,0,0,0.0,0.005995936417938247,0.005995936417938247,0.02083333333333333,0.16145833333333331,-0.011898952276607262
8,24,3,1,0.625,1,1,0.0,0.02520952683482819,0.02520952683482819,0.40104166666666663,0.421875,-0.0016609692016952133
8,24,3,2,0.125,2,2,0.0,0.0,0.0,0.2552083333333333,0.44270833333333326,0.03312063183007375
8,24,3,3,0.125,0,3,1.0,0.005995936417938247,0.08074796651616502,-0.07291666666666667,0.13020833333333331,-0.024137520815842323
8,25,0,0,0.625,0,2,1.0,0.03114830385532344,0.005393143168866549,0.057291666666666664,0.15625,0.012967741180862727
8,25,0,1,0.125,1,1,0.0,0.0628559886091941,0.0628559886091941,0.265625,0.45312499999999994,0.023840498860309537
8,25,0,2,0.125,2,2,0.0,0.005393143168866549,0.005393143168866549,0.46354166666666663,0.6666666666666666,0.021583921012702217
8,25,0,3,0.125,0,3,1.0,0.03114830385532344,0.0,0.078125,0.28125,0.031178608027484334
8,25,1,0,0.125,0,0,0.0,0.015133542086408797,0.015133542086408797,0.19270833333333331,0.390625,0.025739453450724842
8,25,1,1,0.125,3,1,1.0,0.02611960970230484,0.10327759687110802,0.13541666666666669,0.203125,-0.02473242241519697
8,25,1,2,0.125,0,2,1.0,0.015133542086408797,0.0,-0.02083333333333333,0.2708333333333333,0.01926218509641385
8,25,1,3,0.625,2,3,1.0,0.0,0.02611960970230484,-0.03645833333333333,0.16666666666666666,0.0115978415717634
8,25,2,0,0.125,2,0,1.0,0.04372491021526158,0.019502181504137517,0.14583333333333331,0.3125,0.041004392002090856
8,25,2,1,0.125,2,1,1.0,0.04372491021526158,0.006766851100112242,0.010416666666666661,0.18749999999999997,0.04462989013727129
8,25,2,2,0.625,1,2,1.0,0.006766851100112242,0.04372491021526158,0.10416666666666666,0.30208333333333326,0.014805955168862857
8,25,2,3,0.125,1,3,1.0,0.006766851100112242,0.0,0.07812499999999999,0.33854166666666663,0.034407235060026374
8,25,3,0,0.125,1,0,1.0,0.08105167943743187,0.0,0.06770833333333333,0.11458333333333333,0.014655025477031026
8,25,3,1,0.625,2,1,1.0,0.05485353404760984,0.08105167943743187,0.12499999999999999,0.23958333333333331,-0.04690490834187347
8,25,3,2,0.125,0,2,1.0,0.0,0.05485353404760984,-0.08854166666666666,0.19270833333333331,-0.033865986374879815
8,25,3,3,0.125,0,3,1.0,0.0,0.05992963011663939,0.08333333333333331,0.30729166666666663,0.008267214466257201
8,26,0,0,0.625,0,0,0.0,0.03629658564959268,0.03629658564959268,0.015624999999999993,0.24999999999999997,-0.012917069266000157
8,26,0,1,0.125,0,0,0.0,0.03629658564959268,0.03629658564959268,0.14583333333333331,0.2708333333333333,0.010769576235512838
8,26,0,2,0.125,3,2,1.0,0.0,0.07872882037425176,0.05729166666666666,0.3177083333333333,-0.03819231532778514
8,26,0,3,0.125,3,3,0.0,0.0,0.0,0.13020833333333331,0.33854166666666663,0.023423897914462432
8,26,1,0,0.125,3,0,1.0,0.012803227283620128,0.09567320837881918,0.0,0.2864583333333333,-0.027063537372405907
8,26,1,1,0.125,3,1,1.0,0.012803227283620128,0.04206848451108369,0.30729166666666663,0.40104166666666663,0.03489625695400618
8,26,1,2,0.125,2,2,0.0,0.0,0.0,0.1875,0.4739583333333333,0.033461594311417646
8,26,1,3,0.625,2,3,1.0,0.0,0.012803227283620128,0.04687499999999999,0.28125,0.016756102725878703
8,26,2,0,0.125,0,0,0.0,0.10353750166585093,0.10353750166585093,0.036458333333333315,0.14583333333333331,-0.02885624222678834
8,26,2,1,0.125,1,1,0.0,0.11189862883161023,0.11189862883161023,0.328125,0.3802083333333333,-0.047957092362515726
8,26,2,2,0.625,2,2,0.0,0.0,0.0,0.19791666666666663,0.46354166666666663,0.03062672435672156
8,26,2,3,0.125,3,3,0.0,0.09144295617120729,0.09144295617120729,0.10937499999999997,0.22395833333333331,0.0003064279544525832
8,26,3,0,0.125,3,0,1.0,0.0,0.03852533561828536,0.015625,0.28645833333333326,-0.010933924694825037
8,26,3,1,0.625,3,1,1.0,0.0,0.0021722135714248025,0.06249999999999999,0.22395833333333331,0.014931100650588069
8,26,3,2,0.125,1,2,1.0,0.0021722135714248025,0.05617599620812663,-0.07291666666666666,0.234375,-0.027365988290381036
8,26,3,3,0.125,0,3,1.0,0.03852533561828536,0.0,-0.03125,0.21354166666666666,0.04321749891086917
8,27,0,0,0.625,2,0,1.0,0.0,0.06250038235375996,-0.046875,0.06770833333333333,-0.03100138483645643
8,27,0,1,0.125,0,1,1.0,0.06250038235375996,0.02365912575901255,0.04166666666666665,0.26041666666666663,0.0024708574407545873
8,27,0,2,0.125,2,2,0.0,0.0,0.0,0.2708333333333333,0.44270833333333326,0.006178059017332612
8,27,0,3,0.125,1,3,1.0,0.02365912575901255,0.05975173957560956,0.07291666666666666,0.25520833333333326,0.009439955674211723
8,27,1,0,0.125,0,0,0.0,0.1085427772060938,0.1085427772060938,0.06770833333333331,0.3125,-0.024084783809262024
8,27,1,1,0.125,3,1,1.0,0.0,0.07074659243891439,0.026041666666666664,0.203125,0.011498414892570377
8,27,1,2,0.125,3,2,1.0,0.0,0.08353568559443218,0.10416666666666666,0.29166666666666663,0.01584933600879423
8,27,1,3,0.625,1,3,1.0,0.07074659243891439,0.0,0.13020833333333331,0.32291666666666663,0.0492271887823557
8,27,2,0,0.125,1,0,1.0,0.0,0.009659251785260198,0.09895833333333333,0.24479166666666666,0.05413220116445087
8,27,2,1,0.125,1,1,0.0,0.0,0.0,0.10937499999999999,0.296875,0.04244186532313399
8,27,2,2,0.625,1,2,1.0,0.0,0.06070988769774206,0.15104166666666666,0.32291666666666663,0.010852438182537238
8,27,2,3,0.125,0,3,1.0,0.009659251785260198,0.02305721880445122,-0.16145833333333331,0.23958333333333331,0.02753684777526458
8,27,3,0,0.125,3,0,1.0,0.0,0.02890592227637459,0.16145833333333331,0.3645833333333333,0.036701031069402416
8,27,3,1,0.625,1,1,0.0,0.018434391640346798,0.018434391640346798,0.234375,0.41666666666666663,0.039391491159729404
8,27,3,2,0.125,0,2,1.0,0.02890592227637459,0.06586621245398531,0.23437499999999997,0.41666666666666663,0.03014539575138099
8,27,3,3,0.125,2,1,1.0,0.06586621245398531,0.018434391640346798,0.05729166666666666,0.24479166666666666,0.050208280396133294
9,8,0,0,0.125,0,0,0.0,0.045821327711217386,0.045821327711217386,0.13020833333333331,0.35416666666666663,0.04246513285342289
9,8,0,1,0.125,1,1,0.0,0.0,0.0,0.30729166666666663,0.46874999999999994,0.0772421733264041
9,8,0,2,0.625,1,2,1.0,0.0,0.04547851941275978,0.10416666666666666,0.3958333333333333,0.03977669912679404
9,8,0,3,0.125,0,2,1.0,0.045821327711217386,0.04547851941275978,0.04687499999999999,0.23958333333333331,-0.023346433987758083
9,8,1,0,0.125,0,0,0.0,0.01202249054634194,0.01202249054634194,0.020833333333333332,0.11979166666666666,-0.0017411377656550429
9,8,1,1,0.625,0,1,1.0,0.01202249054634194,0.0,-0.005208333333333343,0.15104166666666666,0.021541894846082234
9,8,1,2,0.125,0,2,1.0,0.01202249054634194,0.02209576247711731,0.140625,0.35416666666666663,0.013961576862615331
9,8,1,3,0.125,0,3,1.0,0.01202249054634194,0.08807880340646825,0.26041666666666663,0.3802083333333333,-0.008958190312098598
9,8,2,0,0.625,3,0,1.0,0.006604048395632056,0.060484550146611,0.15104166666666666,0.4114583333333333,0.013306573022022266
9,8,2,1,0.125,3,1,1.0,0.006604048395632056,0.0,0.15104166666666666,0.33854166666666663,0.05613296038444735
9,8,2,2,0.125,3,2,1.0,0.006604048395632056,0.005966326157112123,0.09375,0.3489583333333333,0.020696937209291073
9,8,2,3,0.125,3,3,0.0,0.006604048395632056,0.006604048395632056,0.42187499999999994,0.6302083333333333,0.04571001347758996
9,8,3,0,0.125,3,0,1.0,0.004931628165227103,0.052507968292973654,0.04687499999999999,0.29166666666666663,0.01802211235142397
9,8,3,1,0.125,1,1,0.0,0.037659822652957364,0.037659822652957364,0.15104166666666663,0.44791666666666663,0.004551182312948023
9,8,3,2,0.125,1,2,1.0,0.037659822652957364,0.0,0.041666666666666664,0.39583333333333326,0.05159520991094693
9,8,3,3,0.625,1,3,1.0,0.037659822652957364,0.004931628165227103,0.21875,0.484375,0.042493440753170214
9,9,0,0,0.125,2,0,1.0,0.0042545254293239465,0.011198041185822405,-0.020833333333333336,0.20833333333333331,0.005143569562604042
9,9,0,1,0.125,1,1,0.0,0.0,0.0,0.14583333333333331,0.5052083333333333,0.032401920125629216
9,9,0,2,0.625,2,2,0.0,0.0042545254293239465,0.0042545254293239465,0.17187499999999997,0.4583333333333333,0.03158567377844818
9,9,0,3,0.125,2,3,1.0,0.0042545254293239465,0.06367806821191171,0.12499999999999999,0.29166666666666663,-0.03679390711683755
9,9,1,0,0.125,0,0,0.0,0.06254367523392793,0.06254367523392793,0.026041666666666664,0.11458333333333331,-0.015613344312867533
9,9,1,1,0.625,3,2,1.0,0.0,0.03068940579827996,-0.015625000000000003,0.13541666666666666,-0.009907484404092379
9,9,1,2,0.125,2,0,1.0,0.03068940579827996,0.06254367523392793,0.109375,0.19791666666666666,-0.00926836563545072
9,9,1,3,0.125,3,3,0.0,0.0,0.0,0.21875,0.34375,0.024653391765955608
9,9,2,0,0.625,3,0,1.0,0.043319158795787516,0.06361445604471394,0.04166666666666666,0.21875,-0.0072454998356457
9,9,2,1,0.125,0,1,1.0,0.06361445604471394,0.09073827000677397,-0.05729166666666667,0.13541666666666666,0.013755233592043172
9,9,2,2,0.125,2,2,0.0,0.0,0.0,0.14583333333333331,0.359375,0.02730561009848155
9,9,2,3,0.125,3,3,0.0,0.043319158795787516,0.043319158795787516,0.4270833333333333,0.5520833333333333,0.011131590581502539
9,9,3,0,0.125,1,0,1.0,0.0,0.0822825542740841,0.09895833333333331,0.41666666666666663,0.025310296110124635
9,9,3,1,0.125,2,1,1.0,0.004397901884868258,0.0,0.16666666666666663,0.296875,0.05649310753069306
9,9,3,2,0.125,2,2,0.0,0.004397901884868258,0.004397901884868258,0.20833333333333331,0.29166666666666663,0.030986165557017883
9,9,3,3,0.625,3,3,0.0,0.04116941676376892,0.04116941676376892,0.4114583333333333,0.5104166666666666,0.028392513187994035
9,10,0,0,0.125,0,0,0.0,0.06248679509015249,0.06248679509015249,0.16145833333333331,0.3333333333333333,-0.013447490592924338
9,10,0,1,0.125,1,1,0.0,0.019439104699645382,0.019439104699645382,0.09895833333333331,0.29166666666666663,0.04482945560370176
9,10,0,2,0.625,2,2,0.0,0.0,0.0,0.08854166666666666,0.30208333333333326,0.010241035220366809
9,10,0,3,0.125,3,3,0.0,0.06289852626221493,0.06289852626221493,0.23958333333333331,0.3489583333333333,-0.01571234251641943
9,10,1,0,0.125,3,0,1.0,0.024243683602231947,0.03467729822038988,0.015624999999999997,0.265625,-0.01044619099785518
9,10,1,1,0.625,1,1,0.0,0.0,0.0,0.04166666666666667,0.328125,-0.026247539047447508
9,10,1,2,0.125,1,2,1.0,0.0,0.018212384224102235,0.010416666666666657,0.296875,-0.010563854208206575
9,10,1,3,0.125,3,3,0.0,0.024243683602231947,0.024243683602231947,0.375,0.45833333333333326,-0.024419531321273478
9,10,2,0,0.625,0,0,0.0,0.07923531051073918,0.07923531051073918,0.2395833333333333,0.40104166666666663,0.03919099296227719
9,10,2,1,0.125,1,1,0.0,0.0,0.0,0.18749999999999997,0.3125,0.07004776614327107
9,10,2,2,0.125,0,2,1.0,0.07923531051073918,0.025769919029721575,0.10937499999999999,0.3489583333333333,0.0307839013750189
9,10,2,3,0.125,3,3,0.0,0.08816148644412325,0.08816148644412325,0.3541666666666667,0.5052083333333333,0.00038153476371394375
9,10,3,0,0.125,3,0,1.0,0.023935220824287076,0.07928034407016615,0.03645833333333333,0.19270833333333331,0.024495110706088445
9,10,3,1,0.125,1,1,0.0,0.030642271037877866,0.030642271037877866,0.07291666666666666,0.19270833333333331,0.02301739905883601
9,10,3,2,0.125,1,2,1.0,0.030642271037877866,0.0,0.140625,0.3645833333333333,0.05972415913280342
9,10,3,3,0.625,3,3,0.0,0.023935220824287076,0.023935220824287076,0.38541666666666663,0.390625,0.012066919286247375
9,11,0,0,0.125,0,0,0.0,0.027265213142027733,0.027265213142027733,0.06770833333333333,0.32291666666666663,0.009969420224519188
9,11,0,1,0.125,3,1,1.0,0.0009099408697123834,0.04759742166821025,0.02604166666666666,0.27604166666666663,0.007671603130260941
9,11,0,2,0.625,3,2,1.0,0.0009099408697123834,0.0,0.13541666666666666,0.5104166666666666,0.030559302397655624
9,11,0,3,0.125,3,3,0.0,0.0009099408697123834,0.0009099408697123834,0.2552083333333333,0.44791666666666663,0.02545086804592252
9,11,1,0,0.125,2,0,1.0,0.0,0.061649183415374884,0.08333333333333333,0.30208333333333326,-0.003273382700068598
9,11,1,1,0.625,2,1,1.0,0.0,0.019036113777313096,0.06770833333333333,0.12499999999999999,0.0030786886823783374
9,11,1,2,0.125,3,2,1.0,0.035304963357678826,0.0,0.078125,0.3489583333333333,0.04029505505789832
9,11,1,3,0.125,3,3,0.0,0.035304963357678826,0.035304963357678826,0.265625,0.4739583333333333,0.006165515064317863
9,11,2,0,0.625,0,0,0.0,0.015473281260866889,0.015473281260866889,0.11979166666666666,0.359375,0.025253821392394384
9,11,2,1,0.125,0,1,1.0,0.015473281260866889,0.05633288754432625,0.02604166666666666,0.13020833333333331,-0.003916464678912242
9,11,2,2,0.125,2,2,0.0,0.0,0.0,0.21354166666666666,0.390625,0.05748024007350173
9,11,2,3,0.125,0,0,0.0,0.015473281260866889,0.015473281260866889,0.21875,0.43229166666666663,0.005176643573355916
9,11,3,0,0.125,0,0,0.0,0.049328847881124405,0.049328847881124405,0.052083333333333336,0.24479166666666663,0.008718003266040886
9,11,3,1,0.125,2,1,1.0,0.0,0.04086893479077285,0.020833333333333336,0.11458333333333331,0.02391067452569123
9,11,3,2,0.125,0,2,1.0,0.049328847881124405,0.0,0.15104166666666663,0.375,0.03606375915971248
9,11,3,3,0.625,3,3,0.0,0.07105301057522796,0.07105301057522796,0.21354166666666669,0.375,-0.027709839764990665
9,12,0,0,0.125,1,0,1.0,0.0,0.027926914502189884,0.08333333333333331,0.20833333333333331,0.03565554929241999
9,12,0,1,0.125,2,2,0.0,0.010432945348273215,0.010432945348273215,0.171875,0.2708333333333333,0.05278064808423828
9,12,0,2,0.625,2,2,0.0,0.010432945348273215,0.010432945348273215,0.22395833333333331,0.48437499999999994,0.02306682942920114
9,12,0,3,0.125,1,3,1.0,0.0,0.09211294541880519,0.09895833333333331,0.18229166666666666,-0.01658303483934047
9,12,1,0,0.125,1,0,1.0,0.0,0.044841951630826146,0.16666666666666663,0.265625,-0.004501546583383695
9,12,1,1,0.625,1,1,0.0,0.0,0.0,0.109375,0.31249999999999994,0.02121294808932036
9,12,1,2,0.125,1,2,1.0,0.0,0.07221392154445117,-0.03125000000000001,0.36458333333333326,0.013313282134623442
9,12,1,3,0.125,1,3,1.0,0.0,0.02539649854425538,0.03645833333333333,0.2864583333333333,0.017083415461846448
9,12,2,0,0.625,0,0,0.0,0.06975844216424809,0.06975844216424809,0.026041666666666664,0.046875,-0.023737221472423204
9,12,2,1,0.125,1,1,0.0,0.0,0.0,0.11979166666666666,0.20833333333333331,0.026308305339724926
9,12,2,2,0.125,2,2,0.0,0.017399656235888725,0.017399656235888725,0.19791666666666666,0.28645833333333326,0.05798210406521769
9,12,2,3,0.125,3,3,0.0,0.07686402950790347,0.07686402950790347,0.08333333333333331,0.20833333333333331,0.0012328127565354996
9,12,3,0,0.125,0,0,0.0,0.04710984516327578,0.04710984516327578,0.14583333333333331,0.328125,0.02386001570157403
9,12,3,1,0.125,0,1,1.0,0.04710984516327578,0.0,0.11458333333333331,0.40104166666666663,0.048134884425163636
9,12,3,2,0.125,1,1,0.0,0.0,0.0,0.16145833333333331,0.3333333333333333,0.047289697988529826
9,12,3,3,0.625,1,3,1.0,0.0,0.11665734410887457,0.13541666666666663,0.33854166666666663,-0.004693988431728059
9,13,0,0,0.125,0,0,0.0,0.03852800865963657,0.03852800865963657,0.13541666666666666,0.4114583333333333,0.018960438602631982
9,13,0,1,0.125,2,1,1.0,0.0,0.016963332370674156,0.16666666666666666,0.3802083333333333,0.04218514553548787
9,13,0,2,0.625,2,2,0.0,0.0,0.0,0.24999999999999997,0.38541666666666663,0.04513819381532647
9,13,0,3,0.125,0,3,1.0,0.03852800865963657,0.15381036991582853,0.031249999999999993,0.42187499999999994,-0.017173441010661532
9,13,1,0,0.125,0,0,0.0,0.0,0.0,0.26041666666666663,0.3958333333333333,0.033875291019235275
9,13,1,1,0.625,0,0,0.0,0.0,0.0,0.1875,0.328125,0.013292019882977563
9,13,1,2,0.125,0,2,1.0,0.0,0.07269768482756511,0.19270833333333331,0.4895833333333333,0.046605589812171076
9,13,1,3,0.125,0,0,0.0,0.0,0.0,0.28125,0.5260416666666666,-0.009921861701077169
9,13,2,0,0.625,2,0,1.0,0.0,0.12533381498554075,-0.026041666666666664,0.16666666666666666,-0.004822584857145119
9,13,2,1,0.125,2,1,1.0,0.0,0.016714175059615366,0.08854166666666666,0.2708333333333333,0.03597290911493347
9,13,2,2,0.125,2,2,0.0,0.0,0.0,0.17708333333333331,0.45833333333333326,0.05269053880840162
9,13,2,3,0.125,1,3,1.0,0.016714175059615366,0.0583197091887684,0.18229166666666666,0.36979166666666663,0.02027824501792885
9,13,3,0,0.125,1,0,1.0,0.0,0.1311706221628395,0.010416666666666664,0.296875,0.00306110415908664
9,13,3,1,0.125,1,1,0.0,0.0,0.0,0.16145833333333331,0.390625,0.07715625425080158
9,13,3,2,0.125,1,2,1.0,0.0,0.06332864379713712,0.24999999999999997,0.4270833333333333,0.04273507916267632
9,13,3,3,0.625,3,3,0.0,0.06831894732846014,0.06831894732846014,0.34374999999999994,0.53125,0.02422951685518686
9,14,0,0,0.125,3,0,1.0,0.03579018412735363,0.09026262542219561,0.026041666666666657,0.21354166666666663,0.01626432245622884
9,14,0,1,0.125,0,1,1.0,0.09026262542219561,0.0,0.13541666666666666,0.3489583333333333,0.07020364212313283
9,14,0,2,0.625,2,2,0.0,0.061219347296247506,0.061219347296247506,0.390625,0.5,0.038428573921997236
9,14,0,3,0.125,0,3,1.0,0.09026262542219561,0.03579018412735363,0.15104166666666669,0.46354166666666663,0.02326518155726636
9,14,1,0,0.125,0,0,0.0,0.0,0.0,0.28125,0.42708333333333326,0.03589666373691492
9,14,1,1,0.625,0,1,1.0,0.0,0.022780187017536327,0.17708333333333331,0.38541666666666663,0.04813422046817816
9,14,1,2,0.125,1,2,1.0,0.022780187017536327,0.04814320037309913,-0.06770833333333334,0.34375,0.0029161702073870572
9,14,1,3,0.125,0,3,1.0,0.0,0.08093369086404124,0.48437499999999994,0.5416666666666666,-0.010030109275673105
9,14,2,0,0.625,0,0,0.0,0.07664085688767856,0.07664085688767856,0.17708333333333331,0.25,0.0062713144427162075
9,14,2,1,0.125,1,1,0.0,0.0,0.0,0.2864583333333333,0.4270833333333333,0.07297462660825202
9,14,2,2,0.125,1,2,1.0,0.0,0.07065800390896251,0.08333333333333333,0.53125,0.016347806297846428
9,14,2,3,0.125,3,3,0.0,0.1575422091735904,0.1575422091735904,0.2552083333333333,0.36979166666666663,0.009236399289223256
9,14,3,0,0.125,3,0,1.0,0.0284118198551518,0.012004984957411355,0.031249999999999986,0.2864583333333333,0.022317261836130493
9,14,3,1,0.125,0,1,1.0,0.012004984957411355,0.0,0.057291666666666664,0.27604166666666663,0.045694113572045184
9,14,3,2,0.125,2,2,0.0,0.012195447829655898,0.012195447829655898,0.15104166666666663,0.328125,0.023634784061200013
9,14,3,3,0.625,3,3,0.0,0.0284118198551518,0.0284118198551518,-0.03645833333333333,0.22395833333333331,-0.008613440397432774
9,15,0,0,0.125,0,0,0.0,0.0,0.0,0.18749999999999997,0.328125,0.05504805144441551
9,15,0,1,0.125,3,1,1.0,0.025308960927030263,0.010597945836051142,0.26041666666666663,0.34375,0.06285254351947751
9,15,0,2,0.625,0,2,1.0,0.0,0.05775423668667795,0.22916666666666666,0.3125,0.03206338352181636
9,15,0,3,0.125,0,3,1.0,0.0,0.025308960927030263,0.234375,0.38541666666666663,0.017336923339512124
9,15,1,0,0.125,0,0,0.0,0.08786587124160428,0.08786587124160428,0.15625,0.29166666666666663,0.013834247410008533
9,15,1,1,0.625,2,1,1.0,0.0,0.08631769995620225,0.07812499999999999,0.20833333333333331,0.010256857910707965
9,15,1,2,0.125,2,2,0.0,0.0,0.0,0.19270833333333331,0.609375,0.056124020996092226
9,15,1,3,0.125,3,3,0.0,0.13003839624407684,0.13003839624407684,0.24479166666666666,0.47916666666666663,0.01792487738132281
9,15,2,0,0.625,3,3,0.0,0.03403464813065796,0.03403464813065796,0.11979166666666666,0.22916666666666666,-0.005635610713851311
9,15,2,1,0.125,1,1,0.0,0.0,0.0,0.17708333333333331,0.2864583333333333,0.022228133019288977
9,15,2,2,0.125,1,2,1.0,0.0,0.08230879114330686,0.04687499999999999,0.4427083333333333,0.054460856658410176
9,15,2,3,0.125,1,3,1.0,0.0,0.03403464813065796,0.27604166666666663,0.39583333333333326,0.023602296274762628
9,15,3,0,0.125,0,0,0.0,0.0,0.0,0.140625,0.234375,0.028209231555895973
9,15,3,1,0.125,1,1,0.0,0.007412354278426347,0.007412354278426347,0.14583333333333331,0.2552083333333333,0.023934595408281075
9,15,3,2,0.125,1,2,1.0,0.007412354278426347,0.052496007594935015,0.046875,0.16666666666666666,-0.019170715525438767
9,15,3,3,0.625,0,3,1.0,0.0,0.042190481577307676,0.11979166666666667,0.16666666666666666,0.0113439692173191
9,16,0,0,0.125,0,0,0.0,0.10912012848128963,0.10912012848128963,0.21874999999999997,0.40104166666666663,0.012455937073569947
9,16,0,1,0.125,1,1,0.0,0.0,0.0,0.27604166666666663,0.49479166666666663,0.09226090897161325
9,16,0,2,0.625,1,2,1.0,0.0,0.1364550562918409,0.16666666666666666,0.46354166666666663,-0.0003145179893206698
9,16,0,3,0.125,1,3,1.0,0.0,0.1580752264751355,0.38541666666666663,0.5260416666666666,0.019160099211521647
9,16,1,0,0.125,2,0,1.0,0.0,0.016565583031625086,-0.020833333333333346,0.1875,0.016940827478594343
9,16,1,1,0.625,0,1,1.0,0.016565583031625086,0.050337743323438794,0.05208333333333333,0.19791666666666666,-0.0033307821901153774
9,16,1,2,0.125,0,2,1.0,0.016565583031625086,0.0,0.07291666666666666,0.3645833333333333,0.0307492745994972
9,16,1,3,0.125,3,3,0.0,0.11757688770235612,0.11757688770235612,0.13020833333333331,0.3177083333333333,-0.03879191742031749
9,16,2,0,0.625,0,0,0.0,0.03621900504861923,0.03621900504861923,0.14583333333333331,0.296875,0.05739986848468136
9,16,2,1,0.125,2,1,1.0,0.0227458263662713,0.0,-0.010416666666666675,0.3489583333333333,0.057318585972957276
9,16,2,2,0.125,2,2,0.0,0.0227458263662713,0.0227458263662713,0.11458333333333331,0.4583333333333333,0.06017743362849513
9,16,2,3,0.125,2,3,1.0,0.0227458263662713,0.11591405473082833,0.0625,0.24479166666666666,0.003466241404050741
9,16,3,0,0.125,3,0,1.0,0.08649729482672601,0.12254864330849569,0.16666666666666666,0.23958333333333331,0.029113379810512995
9,16,3,1,0.125,2,1,1.0,0.0,0.11437948007361423,0.0625,0.234375,0.005826213855270038
9,16,3,2,0.125,3,2,1.0,0.08649729482672601,0.0,0.10937499999999999,0.43229166666666663,0.05466356406738561
9,16,3,3,0.625,3,3,0.0,0.08649729482672601,0.08649729482672601,0.19791666666666663,0.359375,-0.009411825469842441
9,17,0,0,0.125,2,0,1.0,0.0202865928190116,0.00621289608690237,0.09374999999999999,0.18229166666666666,0.029022201465862107
9,17,0,1,0.125,1,0,1.0,0.0,0.00621289608690237,0.13020833333333331,0.23958333333333334,0.04799773035197487
9,17,0,2,0.625,2,2,0.0,0.0202865928190116,0.0202865928190116,0.29166666666666663,0.48958333333333326,0.03777283755721784
9,17,0,3,0.125,3,3,0.0,0.02643811171425557,0.02643811171425557,0.359375,0.5104166666666666,0.036566895635550024
9,17,1,0,0.125,0,0,0.0,0.0,0.0,0.3645833333333333,0.5260416666666666,0.04889731635818925
9,17,1,1,0.625,0,1,1.0,0.0,0.005055396220013927,0.06770833333333331,0.203125,0.003861497801159295
9,17,1,2,0.125,0,2,1.0,0.0,0.03928339943470591,-8.673617379884035e-18,0.40625,0.012362781284662314
9,17,1,3,0.125,0,3,1.0,0.0,0.012436798879646882,-0.0625,0.32291666666666663,0.010591865179814818
9,17,2,0,0.625,0,0,0.0,0.07831911838708452,0.07831911838708452,0.08854166666666666,0.17708333333333331,0.01970513481068421
9,17,2,1,0.125,1,1,0.0,0.0,0.0,0.1875,0.29166666666666663,0.04339519796564674
9,17,2,2,0.125,2,2,0.0,0.025403409870378202,0.025403409870378202,0.14062499999999997,0.43229166666666663,0.012246280993550502
9,17,2,3,0.125,2,2,0.0,0.025403409870378202,0.025403409870378202,0.20833333333333331,0.3020833333333333,0.021071147122093244
9,17,3,0,0.125,3,0,1.0,0.0,0.035051585798610035,-0.015625,0.21354166666666666,0.022835889380563083
9,17,3,1,0.125,0,1,1.0,0.035051585798610035,0.018941620367841222,0.07291666666666666,0.26041666666666663,0.0331798899818191
9,17,3,2,0.125,0,2,1.0,0.035051585798610035,0.04182374339526687,0.010416666666666668,0.296875,-0.003256693327528633
9,17,3,3,0.625,3,3,0.0,0.0,0.0,0.21875,0.328125,0.03308490651640076
9,18,0,0,0.125,3,3,0.0,0.015313314864916577,0.015313314864916577,0.171875,0.33854166666666663,0.057020108130621625
9,18,0,1,0.125,0,1,1.0,0.010033598030080776,0.046338747223286875,0.10416666666666666,0.2552083333333333,0.05097401915079972
9,18,0,2,0.625,3,2,1.0,0.015313314864916577,0.0,0.05729166666666666,0.46354166666666663,0.04650390446735308
9,18,0,3,0.125,3,3,0.0,0.015313314864916577,0.015313314864916577,0.46354166666666663,0.578125,0.04125643246007545
9,18,1,0,0.125,0,3,1.0,0.0,0.07233361529558338,0.09895833333333333,0.125,0.02766392229745705
9,18,1,1,0.625,0,1,1.0,0.0,0.024583524677240162,0.19791666666666663,0.43229166666666663,0.039135993488647845
9,18,1,2,0.125,0,2,1.0,0.0,0.020639193494267613,0.03124999999999999,0.26041666666666663,0.013132998668214303
9,18,1,3,0.125,1,2,1.0,0.024583524677240162,0.020639193494267613,0.22916666666666663,0.32291666666666663,-0.0253748852447597
9,18,2,0,0.625,0,0,0.0,0.0,0.0,0.16145833333333331,0.2552083333333333,0.0378158892509817
9,18,2,1,0.125,0,1,1.0,0.0,0.008323835835103252,0.06249999999999999,0.24479166666666669,0.03171943437309153
9,18,2,2,0.125,0,2,1.0,0.0,0.07428153265173595,-0.08333333333333334,0.3020833333333333,-0.027223027452743024
9,18,2,3,0.125,2,3,1.0,0.07428153265173595,0.05429459084215146,-0.046875,0.21875,-0.0016965517324797185
9,18,3,0,0.125,0,0,0.0,0.04040595854007857,0.04040595854007857,0.14583333333333331,0.3645833333333333,0.02966509068585694
9,18,3,1,0.125,1,1,0.0,0.0,0.0,0.296875,0.43229166666666663,0.08570182610660097
9,18,3,2,0.125,2,2,0.0,0.03931158587675365,0.03931158587675365,0.25520833333333326,0.46354166666666663,0.03695813478307125
9,18,3,3,0.625,0,3,1.0,0.04040595854007857,0.06857313328061969,0.10416666666666664,0.2864583333333333,0.03049168450114463
9,19,0,0,0.125,1,0,1.0,0.0,0.022135108632085454,0.031249999999999997,0.140625,0.019991606455730934
9,19,0,1,0.125,0,1,1.0,0.022135108632085454,0.0,0.18229166666666666,0.3125,0.04718361894256987
9,19,0,2,0.625,0,2,1.0,0.022135108632085454,0.04937680160742558,0.078125,0.38541666666666663,0.011144265152183896
9,19,0,3,0.125,0,0,0.0,0.022135108632085454,0.022135108632085454,0.17708333333333331,0.2864583333333333,0.0053397322654042175
9,19,1,0,0.125,0,0,0.0,0.06412552954228637,0.06412552954228637,0.09895833333333333,0.2239583333333333,-0.0011359926593156576
9,19,1,1,0.625,1,1,0.0,0.0,0.0,0.12499999999999999,0.24479166666666666,0.02027778556245167
9,19,1,2,0.125,2,2,0.0,0.0014464041209759637,0.0014464041209759637,0.22395833333333331,0.453125,0.02896854490981574
9,19,1,3,0.125,3,3,0.0,0.005673333618580856,0.005673333618580856,0.26041666666666663,0.35416666666666663,0.029665241145651406
9,19,2,0,0.625,1,0,1.0,0.0,0.058576549543043394,0.03645833333333334,0.1875,-0.029672752729771677
9,19,2,1,0.125,1,1,0.0,0.0,0.0,0.05729166666666666,0.2708333333333333,0.009241812273153825
9,19,2,2,0.125,0,2,1.0,0.058576549543043394,0.04254098668309729,0.11458333333333331,0.34375,0.030190211673761725
9,19,2,3,0.125,0,0,0.0,0.058576549543043394,0.058576549543043394,0.15104166666666666,0.203125,-0.0007907625591062671
9,19,3,0,0.125,0,0,0.0,0.09052131126856335,0.09052131126856335,0.1927083333333333,0.29687499999999994,0.009556780968233435
9,19,3,1,0.125,1,1,0.0,0.055159998450088565,0.055159998450088565,0.015625,0.18229166666666666,0.02063185462016677
9,19,3,2,0.125,2,2,0.0,0.0,0.0,0.3958333333333333,0.5729166666666666,0.08150056907640137
9,19,3,3,0.625,2,3,1.0,0.0,0.14248306615865602,-0.03125,0.30729166666666663,-0.017451725471318513
9,20,0,0,0.125,0,0,0.0,0.00681454589670448,0.00681454589670448,0.13020833333333331,0.19791666666666663,0.01688305429832089
9,20,0,1,0.125,1,1,0.0,0.0,0.0,0.22916666666666669,0.28125,0.0659157326890416
9,20,0,2,0.625,1,2,1.0,0.0,0.007745059381431343,0.11458333333333331,0.30729166666666663,0.02146828451115735
9,20,0,3,0.125,1,3,1.0,0.0,0.0717879488134284,-0.09895833333333331,0.140625,-0.04570560964475796
9,20,1,0,0.125,0,0,0.0,0.0849361510126945,0.0849361510126945,0.16145833333333331,0.21354166666666666,0.0061486930085927595
9,20,1,1,0.625,1,1,0.0,0.0,0.0,0.12499999999999997,0.24999999999999997,0.05458835777916723
9,20,1,2,0.125,1,2,1.0,0.0,0.018577881468519603,-0.020833333333333343,0.34374999999999994,0.006699751053709604
9,20,1,3,0.125,3,3,0.0,0.0021379734575314446,0.0021379734575314446,0.28125,0.35416666666666663,0.006743623201729551
9,20,2,0,0.625,3,0,1.0,0.0,0.05403794920068111,0.08333333333333333,0.203125,0.002618696307977223
9,20,2,1,0.125,0,1,1.0,0.05403794920068111,0.0010017223929860153,0.20312499999999997,0.35937499999999994,0.06074558364246181
9,20,2,2,0.125,3,2,1.0,0.0,0.036938732719621045,-0.057291666666666664,0.390625,-0.004034382842356063
9,20,2,3,0.125,2,3,1.0,0.036938732719621045,0.0,0.10937499999999999,0.22916666666666663,-0.016482040699785594
9,20,3,0,0.125,3,0,1.0,0.09661339834326818,0.05479449951020619,-0.03645833333333334,0.11979166666666664,0.014975117023416909
9,20,3,1,0.125,1,1,0.0,0.0,0.0,0.19791666666666663,0.34375,0.024007735526399353
9,20,3,2,0.125,1,2,1.0,0.0,0.06008484314711442,0.08854166666666666,0.33854166666666663,-0.0002408055345586522
9,20,3,3,0.625,1,3,1.0,0.0,0.09661339834326818,0.13020833333333331,0.296875,-0.03180857743746093
9,21,0,0,0.125,0,0,0.0,0.0,0.0,0.25,0.46354166666666663,0.03772423675027596
9,21,0,1,0.125,0,1,1.0,0.0,0.047142191905100286,0.015625,0.1875,-0.009455509857251795
9,21,0,2,0.625,2,2,0.0,0.01709264781040494,0.01709264781040494,0.11458333333333331,0.390625,0.013142294782674506
9,21,0,3,0.125,0,3,1.0,0.0,0.03728334307288149,0.08333333333333331,0.3177083333333333,-0.014460743804489253
9,21,1,0,0.125,0,0,0.0,0.018904836128822544,0.018904836128822544,0.015624999999999986,0.30208333333333337,-0.007845196489043069
9,21,1,1,0.625,0,1,1.0,0.018904836128822544,0.0,-0.04166666666666667,0.2864583333333333,0.013240345480973303
9,21,1,2,0.125,2,2,0.0,0.023793238919668266,0.023793238919668266,0.18229166666666663,0.3125,-0.01834276876841917
9,21,1,3,0.125,2,3,1.0,0.023793238919668266,0.08209416316218786,0.10416666666666666,0.23958333333333331,-0.04159815644838547
9,21,2,0,0.625,1,0,1.0,0.0,0.033248679722163776,-0.015625000000000003,0.15625,-0.014184151097288449
9,21,2,1,0.125,0,1,1.0,0.033248679722163776,0.0,0.062499999999999986,0.390625,0.03117973186730485
9,21,2,2,0.125,2,2,0.0,0.012401394315202374,0.012401394315202374,0.20833333333333331,0.390625,0.023228643646512823
9,21,2,3,0.125,2,3,1.0,0.012401394315202374,0.09105292846548524,0.22916666666666666,0.359375,-0.03742923894954039
9,21,3,0,0.125,1,3,1.0,0.0,0.14624760778344,0.19270833333333331,0.40104166666666663,0.024245022920281866
9,21,3,1,0.125,2,1,1.0,0.04070540692645774,0.0,0.031249999999999986,0.3125,0.03401924912476911
9,21,3,2,0.125,2,2,0.0,0.04070540692645774,0.04070540692645774,0.234375,0.43749999999999994,0.04866227716137776
9,21,3,3,0.625,2,3,1.0,0.04070540692645774,0.14624760778344,-0.16666666666666669,0.1875,-0.028145394523458434
9,22,0,0,0.125,2,0,1.0,0.0,0.030873938185704206,0.005208333333333332,0.15624999999999997,0.02557821324004974
9,22,0,1,0.125,0,1,1.0,0.030873938185704206,0.037677347707372744,0.14583333333333334,0.390625,0.043994714445814195
9,22,0,2,0.625,0,2,1.0,0.030873938185704206,0.0,0.09895833333333333,0.5104166666666666,0.04850229535653128
9,22,0,3,0.125,0,3,1.0,0.030873938185704206,0.13113089817674378,0.07291666666666666,0.3020833333333333,0.013402995813974642
9,22,1,0,0.125,0,0,0.0,0.05012288961448144,0.05012288961448144,0.026041666666666664,0.203125,0.013309485678356254
9,22,1,1,0.625,1,1,0.0,0.0,0.0,0.17708333333333331,0.3489583333333333,0.038400603267615775
9,22,1,2,0.125,1,1,0.0,0.0,0.0,0.08333333333333331,0.34895833333333326,0.03444044974208805
9,22,1,3,0.125,2,2,0.0,0.03213281558684339,0.03213281558684339,0.21354166666666663,0.296875,0.008761162237180112
9,22,2,0,0.625,3,0,1.0,0.0,0.11048520426043945,0.15104166666666669,0.40104166666666663,0.018327409411262152
9,22,2,1,0.125,1,1,0.0,0.01504610210317403,0.01504610210317403,0.203125,0.28645833333333337,0.052154558566263796
9,22,2,2,0.125,3,2,1.0,0.0,0.01398796819601339,0.2552083333333333,0.53125,0.04698500205579598
9,22,2,3,0.125,3,3,0.0,0.0,0.0,0.40104166666666663,0.515625,0.026546873953514006
9,22,3,0,0.125,0,0,0.0,0.06567963546544305,0.06567963546544305,-0.010416666666666668,0.140625,0.01972097848750826
9,22,3,1,0.125,1,1,0.0,0.0,0.0,0.0625,0.15625,0.018361812906421186
9,22,3,2,0.125,1,2,1.0,0.0,0.0585745228114074,0.13541666666666666,0.34375,0.035503191952694496
9,22,3,3,0.625,0,3,1.0,0.06567963546544305,0.06641293345438319,0.078125,0.2552083333333333,0.007919714878772632
9,23,0,0,0.125,1,0,1.0,0.0,0.14777692226116884,0.05208333333333333,0.42708333333333337,-0.03848550365542976
9,23,0,1,0.125,1,1,0.0,0.0,0.0,0.28125,0.328125,0.042227980191950475
9,23,0,2,0.625,2,2,0.0,0.0444056097403214,0.0444056097403214,0.40104166666666663,0.515625,0.026843886165619186
9,23,0,3,0.125,1,3,1.0,0.0,0.1542652918573215,0.031249999999999993,0.265625,-0.01526350870645778
9,23,1,0,0.125,1,0,1.0,0.0,0.08589412581385669,0.09895833333333333,0.2864583333333333,0.00012119763299279693
9,23,1,1,0.625,1,1,0.0,0.0,0.0,0.10937499999999999,0.34375,0.04452824578440771
9,23,1,2,0.125,1,2,1.0,0.0,0.07069735917753853,-0.020833333333333336,0.359375,0.016975093286322733
9,23,1,3,0.125,1,3,1.0,0.0,0.13656319938675987,0.041666666666666644,0.203125,-0.01975025841021385
9,23,2,0,0.625,0,0,0.0,0.07742272605715568,0.07742272605715568,0.21354166666666663,0.38541666666666663,0.033651693758619074
9,23,2,1,0.125,0,2,1.0,0.07742272605715568,0.0,0.19270833333333331,0.27604166666666663,0.021381305741358752
9,23,2,2,0.125,2,2,0.0,0.0,0.0,0.16666666666666666,0.6458333333333333,0.044274189877600914
9,23,2,3,0.125,0,3,1.0,0.07742272605715568,0.09962829517079115,0.24999999999999997,0.40104166666666663,0.022235106182782457
9,23,3,0,0.125,3,0,1.0,0.010800034049553098,0.0073968342154449584,0.08333333333333331,0.18229166666666663,0.02259801382995376
9,23,3,1,0.125,0,0,0.0,0.0073968342154449584,0.0073968342154449584,0.09895833333333333,0.12499999999999999,0.013931495298803418
9,23,3,2,0.125,0,2,1.0,0.0073968342154449584,0.010667462282821227,0.031249999999999993,0.2552083333333333,0.010839805892164173
9,23,3,3,0.625,3,3,0.0,0.010800034049553098,0.010800034049553098,0.16145833333333331,0.23958333333333331,0.0016599348312370107
9,24,0,0,0.125,1,0,1.0,0.0,0.06753604984639289,0.010416666666666664,0.18229166666666666,0.03831459336218771
9,24,0,1,0.125,1,1,0.0,0.0,0.0,0.09374999999999999,0.36979166666666663,0.047081551484909355
9,24,0,2,0.625,3,2,1.0,0.09718206988181513,0.10461222757820458,0.140625,0.48958333333333337,0.023966032791276366
9,24,0,3,0.125,3,3,0.0,0.09718206988181513,0.09718206988181513,0.4114583333333333,0.46874999999999994,0.015907343737099316
9,24,1,0,0.125,1,0,1.0,0.0,0.1328747157498461,0.13020833333333331,0.26041666666666663,0.033229972274345
9,24,1,1,0.625,1,3,1.0,0.0,0.018013745116127522,0.14583333333333331,0.32812499999999994,0.06852733513178279
9,24,1,2,0.125,3,2,1.0,0.018013745116127522,0.018201803801954825,0.22395833333333331,0.49479166666666663,0.03266144720530496
9,24,1,3,0.125,3,3,0.0,0.018013745116127522,0.018013745116127522,0.4375,0.6145833333333333,0.0372783698059847
9,24,2,0,0.625,0,0,0.0,0.01975486804880615,0.01975486804880615,0.12499999999999999,0.28125,0.043895115683627986
9,24,2,1,0.125,1,1,0.0,0.0,0.0,0.14062499999999997,0.35416666666666663,0.015780036797380315
9,24,2,2,0.125,1,1,0.0,0.0,0.0,0.09895833333333333,0.26041666666666663,0.015341255365828138
9,24,2,3,0.125,3,3,0.0,0.030661510648671342,0.030661510648671342,0.27083333333333326,0.34895833333333326,0.03249894204049353
9,24,3,0,0.125,1,0,1.0,0.0,0.0987556491360297,0.19270833333333331,0.3802083333333333,0.022804703765390608
9,24,3,1,0.125,1,1,0.0,0.0,0.0,0.18749999999999997,0.35416666666666663,0.07270764980536354
9,24,3,2,0.125,3,2,1.0,0.12770803442060713,0.09263276842240671,0.078125,0.4895833333333333,0.010682651068981686
9,24,3,3,0.625,1,3,1.0,0.0,0.12770803442060713,-0.15104166666666666,0.32291666666666663,-0.014065424272652682
9,25,0,0,0.125,0,0,0.0,0.10353465893523447,0.10353465893523447,0.13020833333333331,0.3177083333333333,0.015078862654720958
9,25,0,1,0.125,1,0,1.0,0.0657567639057534,0.10353465893523447,0.09895833333333331,0.18229166666666666,0.02259897747499027
9,25,0,2,0.625,3,2,1.0,0.06974479595768544,0.0,0.14583333333333331,0.3802083333333333,0.04848645468847895
9,25,0,3,0.125,3,3,0.0,0.06974479595768544,0.06974479595768544,0.5572916666666666,0.5989583333333333,0.03543336109755494
9,25,1,0,0.125,1,0,1.0,0.0,0.06383396030998299,0.140625,0.265625,0.011040299592739186
9,25,1,1,0.625,1,1,0.0,0.0,0.0,0.171875,0.32291666666666663,0.04182847521997417
9,25,1,2,0.125,2,2,0.0,0.04746355869756094,0.04746355869756094,0.20312499999999997,0.5208333333333333,0.01558270884495226
9,25,1,3,0.125,2,3,1.0,0.04746355869756094,0.061619067348428355,-0.08854166666666666,0.3125,0.014396609617106818
9,25,2,0,0.625,3,0,1.0,0.04335765334629284,0.05474713103839492,0.03124999999999999,0.24479166666666663,-0.011376245859529769
9,25,2,1,0.125,0,1,1.0,0.05474713103839492,0.0,0.0625,0.265625,0.019050453079775896
9,25,2,2,0.125,1,2,1.0,0.0,0.04234739838007112,0.08333333333333333,0.3125,0.01363690734641303
9,25,2,3,0.125,3,3,0.0,0.04335765334629284,0.04335765334629284,0.17708333333333331,0.30729166666666663,-0.0011569098465007508
9,25,3,0,0.125,0,0,0.0,0.08044170117971085,0.08044170117971085,0.13020833333333331,0.29166666666666663,-0.044578309631407104
9,25,3,1,0.125,1,1,0.0,0.016003656959957396,0.016003656959957396,0.16145833333333331,0.375,0.012463260961637065
9,25,3,2,0.125,3,2,1.0,0.0,0.021433584739957295,0.026041666666666664,0.22916666666666666,0.010930492436605129
9,25,3,3,0.625,1,3,1.0,0.016003656959957396,0.0,0.19270833333333331,0.28125,0.05396602463561337
9,26,0,0,0.125,2,0,1.0,0.03492338049942885,0.0,0.15625,0.359375,0.039758296243168255
9,26,0,1,0.125,0,1,1.0,0.0,0.07358659185576871,0.1875,0.3333333333333333,0.03675161381324594
9,26,0,2,0.625,2,2,0.0,0.03492338049942885,0.03492338049942885,0.14583333333333331,0.3645833333333333,0.0244709503458841
9,26,0,3,0.125,0,0,0.0,0.0,0.0,0.140625,0.46354166666666663,0.04280545154260876
9,26,1,0,0.125,0,0,0.0,0.01481795178344239,0.01481795178344239,0.140625,0.3125,0.01979510038697567
9,26,1,1,0.625,0,1,1.0,0.01481795178344239,0.0,0.010416666666666663,0.203125,0.01140810819077396
9,26,1,2,0.125,2,2,0.0,0.037559615025429205,0.037559615025429205,0.078125,0.4375,-0.008132443450551089
9,26,1,3,0.125,3,3,0.0,0.032135106729433094,0.032135106729433094,0.32291666666666663,0.34375,-0.012696446019449584
9,26,2,0,0.625,2,0,1.0,0.09574260407938442,0.0625363762389766,0.20833333333333331,0.39583333333333326,0.05364338576704907
9,26,2,1,0.125,1,1,0.0,0.0,0.0,0.23437499999999997,0.42187499999999994,0.04800119035531078
9,26,2,2,0.125,1,1,0.0,0.0,0.0,0.03645833333333333,0.28125,0.0260984424277772
9,26,2,3,0.125,1,1,0.0,0.0,0.0,0.125,0.203125,0.017418045697460315
9,26,3,0,0.125,3,0,1.0,0.008501987924236343,0.0549624787482354,0.09374999999999999,0.17708333333333331,0.050551236216788184
9,26,3,1,0.125,3,1,1.0,0.008501987924236343,0.03460160049708133,0.08854166666666666,0.18229166666666666,0.026620056445017703
9,26,3,2,0.125,2,2,0.0,0.0,0.0,0.16666666666666666,0.3958333333333333,0.01845822484583279
9,26,3,3,0.625,2,3,1.0,0.0,0.008501987924236343,0.08854166666666664,0.40625,0.004333647032261763
9,27,0,0,0.125,1,0,1.0,0.0,0.06038048485369206,0.062499999999999986,0.2552083333333333,0.05406833530245617
9,27,0,1,0.125,0,1,1.0,0.06038048485369206,0.0,0.11458333333333334,0.35416666666666663,0.049009878563799375
9,27,0,2,0.625,3,1,1.0,0.07055534498115633,0.0,-0.02083333333333333,0.22916666666666663,-0.027813533831482447
9,27,0,3,0.125,0,3,1.0,0.06038048485369206,0.07055534498115633,0.140625,0.34375,-0.0006078289377629152
9,27,1,0,0.125,0,0,0.0,0.0,0.0,0.16145833333333331,0.27604166666666663,0.05431126768440127
9,27,1,1,0.625,0,2,1.0,0.0,0.06265151020381099,0.05208333333333333,0.23958333333333331,0.013120939988988223
9,27,1,2,0.125,0,0,0.0,0.0,0.0,0.07812499999999999,0.46354166666666663,0.024514502964276326
9,27,1,3,0.125,2,3,1.0,0.06265151020381099,0.12266637163867875,0.14583333333333331,0.3125,0.016352517098236548
9,27,2,0,0.625,0,0,0.0,0.007593976803829394,0.007593976803829394,0.15624999999999997,0.2552083333333333,0.009395122178152276
9,27,2,1,0.125,1,1,0.0,0.0,0.0,0.23958333333333331,0.4114583333333333,0.04607666271641064
9,27,2,2,0.125,2,2,0.0,0.04688595103263182,0.04688595103263182,0.09374999999999999,0.39062499999999994,0.021570450859142075
9,27,2,3,0.125,0,3,1.0,0.007593976803829394,0.034489564618952445,-0.04166666666666668,0.3333333333333333,-0.00118860829575797
9,27,3,0,0.125,2,0,1.0,0.0,0.050315429965319694,0.08333333333333333,0.13020833333333331,0.01601973710555734
9,27,3,1,0.125,2,1,1.0,0.0,0.015130152242539663,0.10416666666666666,0.28125,0.04939390421618862
9,27,3,2,0.125,1,2,1.0,0.015130152242539663,0.0,0.078125,0.38541666666666663,0.022836474165716998
9,27,3,3,0.625,2,2,0.0,0.0,0.0,0.06770833333333331,0.21874999999999997,0.00933680218031668
10,8,0,0,0.625,3,0,1.0,0.02114367475447497,0.0,-0.057291666666666664,0.609375,0.022383084539335924
10,8,0,1,0.125,0,1,1.0,0.0,0.04933076572939675,0.14583333333333331,0.33854166666666663,0.016012580164127037
10,8,0,2,0.125,0,0,0.0,0.0,0.0,0.21875,0.2864583333333333,0.04216619451996616
10,8,0,3,0.125,0,3,1.0,0.0,0.02114367475447497,0.09374999999999999,0.3020833333333333,0.01977101733978095
10,8,1,0,0.125,0,0,0.0,0.036439243371672536,0.036439243371672536,0.010416666666666664,0.359375,0.0149909706819135
10,8,1,1,0.125,0,1,1.0,0.036439243371672536,0.08185539304192452,0.05208333333333332,0.27604166666666663,0.0015896921928163477
10,8,1,2,0.625,2,2,0.0,0.0,0.0,0.30729166666666663,0.3802083333333333,0.036299791265203905
10,8,1,3,0.125,2,3,1.0,0.0,0.036098418928033504,0.16666666666666666,0.22916666666666666,0.015843656085829307
10,8,2,0,0.125,0,0,0.0,0.0,0.0,0.10416666666666667,0.3125,0.03168791306115453
10,8,2,1,0.625,1,1,0.0,0.05538378357319046,0.05538378357319046,0.265625,0.38020833333333326,-0.01745431326257384
10,8,2,2,0.125,3,2,1.0,0.034478200256222655,0.04075380066339741,0.13020833333333331,0.27604166666666663,-0.00876070474506066
10,8,2,3,0.125,3,3,0.0,0.034478200256222655,0.034478200256222655,0.20833333333333331,0.30729166666666663,0.024219776608861262
10,8,3,0,0.125,1,0,1.0,0.0,0.08516764190353122,-0.125,0.27604166666666663,-0.03318033658233928
10,8,3,1,0.125,1,1,0.0,0.0,0.0,0.22916666666666666,0.390625,0.04630472661418316
10,8,3,2,0.125,1,1,0.0,0.0,0.0,0.04687499999999999,0.22916666666666666,-0.005665865266697195
10,8,3,3,0.625,2,3,1.0,0.08296218846492295,0.06075067474702209,0.12499999999999997,0.3177083333333333,0.01991159065445144
10,9,0,0,0.625,3,0,1.0,0.0,0.10732646310273772,-0.078125,0.3958333333333333,0.011204240375704683
10,9,0,1,0.125,2,1,1.0,0.08117580188893139,0.12803466664968094,0.052083333333333336,0.29166666666666663,-0.010013260384230192
10,9,0,2,0.125,2,2,0.0,0.08117580188893139,0.08117580188893139,0.35937499999999994,0.421875,0.0019346224847947542
10,9,0,3,0.125,3,3,0.0,0.0,0.0,0.25520833333333326,0.421875,0.053215928048285274
10,9,1,0,0.125,3,3,0.0,0.021986191758843227,0.021986191758843227,-0.02083333333333333,0.265625,-0.028066278895374573
10,9,1,1,0.125,3,1,1.0,0.021986191758843227,0.13005366718904088,-0.041666666666666664,0.28125,-0.0015614655491384443
10,9,1,2,0.625,2,2,0.0,0.0,0.0,0.23437499999999997,0.39583333333333326,0.04023741150483728
10,9,1,3,0.125,2,3,1.0,0.0,0.021986191758843227,0.15625,0.32812499999999994,0.029626987558936557
10,9,2,0,0.125,2,0,1.0,0.09287077247100607,0.0,-0.036458333333333336,0.5208333333333333,0.0688231070175785
10,9,2,1,0.625,0,0,0.0,0.0,0.0,0.09895833333333331,0.375,0.007119013295931152
10,9,2,2,0.125,0,1,1.0,0.0,0.08919077418533844,0.010416666666666657,0.17708333333333331,-0.0050527259594926165
10,9,2,3,0.125,3,3,0.0,0.05633874087564879,0.05633874087564879,0.29166666666666663,0.3958333333333333,0.02859541505231282
10,9,3,0,0.125,0,0,0.0,0.04967988726813104,0.04967988726813104,0.11458333333333331,0.35416666666666663,0.01692433469474552
10,9,3,1,0.125,1,1,0.0,0.037279409559211205,0.037279409559211205,0.43229166666666663,0.5520833333333333,0.019068925236723634
10,9,3,2,0.125,2,2,0.0,0.0,0.0,0.34375,0.49999999999999994,0.0278027568893255
10,9,3,3,0.625,2,3,1.0,0.0,0.040064274954018625,0.10416666666666667,0.1875,0.011285450644267909
10,10,0,0,0.625,0,0,0.0,0.06405839432494233,0.06405839432494233,0.16145833333333331,0.3020833333333333,-0.0061197640947442625
10,10,0,1,0.125,2,1,1.0,0.0,0.05223795066803752,0.005208333333333336,0.43749999999999994,-0.029016531868433327
10,10,0,2,0.125,2,2,0.0,0.0,0.0,0.16666666666666666,0.28125,0.03601472325297884
10,10,0,3,0.125,2,3,1.0,0.0,0.01700965714333047,-0.0625,0.13020833333333331,0.00813238840519207
10,10,1,0,0.125,0,0,0.0,0.0,0.0,0.171875,0.4895833333333333,0.06779126913381218
10,10,1,1,0.125,1,1,0.0,0.06004454358218769,0.06004454358218769,0.28125,0.40625,0.006150668640434925
10,10,1,2,0.625,3,2,1.0,0.047288734890399614,0.029185893121918494,0.22916666666666663,0.44791666666666663,0.05322520381764532
10,10,1,3,0.125,0,3,1.0,0.0,0.047288734890399614,0.16145833333333331,0.3489583333333333,0.018384026424923677
10,10,2,0,0.125,0,0,0.0,0.0,0.0,0.14583333333333331,0.546875,0.06559083568233201
10,10,2,1,0.625,1,1,0.0,0.025070799289974965,0.025070799289974965,0.20312499999999997,0.4427083333333333,0.044107394135265744
10,10,2,2,0.125,0,1,1.0,0.0,0.025070799289974965,0.140625,0.33854166666666663,0.03444483944272994
10,10,2,3,0.125,3,3,0.0,0.024337293837093724,0.024337293837093724,0.34375,0.49479166666666663,0.06333713017713848
10,10,3,0,0.125,0,0,0.0,0.0,0.0,0.005208333333333332,0.44270833333333326,0.0565808132818417
10,10,3,1,0.125,1,1,0.0,0.03921379718704926,0.03921379718704926,0.13020833333333331,0.45312499999999994,0.032484289423815316
10,10,3,2,0.125,3,2,1.0,0.001983828275008065,0.045735845839087866,0.36979166666666663,0.40104166666666663,0.04119129562348008
10,10,3,3,0.625,2,3,1.0,0.045735845839087866,0.001983828275008065,0.04166666666666666,0.19791666666666666,0.030216081405465372
10,11,0,0,0.625,0,0,0.0,0.0,0.0,0.05729166666666666,0.703125,0.032767547643658496
10,11,0,1,0.125,0,1,1.0,0.0,0.04437820143923346,0.06770833333333333,0.3177083333333333,0.00133921009596205
10,11,0,2,0.125,3,2,1.0,0.043977270931895227,0.011614201073374533,0.020833333333333322,0.171875,0.018028216156407567
10,11,0,3,0.125,3,3,0.0,0.043977270931895227,0.043977270931895227,0.15104166666666666,0.21354166666666666,-0.0068621565036191675
10,11,1,0,0.125,0,0,0.0,0.04636988544779913,0.04636988544779913,0.05729166666666665,0.29166666666666663,0.03404905011451933
10,11,1,1,0.125,2,1,1.0,0.0,0.10411056170916817,0.07291666666666666,0.3958333333333333,0.012919898401314158
10,11,1,2,0.625,2,2,0.0,0.0,0.0,0.38541666666666663,0.5572916666666666,0.06128911176222096
10,11,1,3,0.125,3,3,0.0,0.03594539667423377,0.03594539667423377,0.26041666666666663,0.33854166666666663,0.027471237979452327
10,11,2,0,0.125,0,0,0.0,0.0,0.0,0.17708333333333331,0.44791666666666663,0.032487792066547255
10,11,2,1,0.625,2,0,1.0,0.027797638608826974,0.0,-0.08333333333333333,0.25,-0.04208277472431824
10,11,2,2,0.125,2,2,0.0,0.027797638608826974,0.027797638608826974,0.4166666666666667,0.546875,0.03273993397236536
10,11,2,3,0.125,0,0,0.0,0.0,0.0,0.07291666666666666,0.18749999999999997,0.03254570654947464
10,11,3,0,0.125,3,0,1.0,0.0,0.07675537351722884,0.11979166666666666,0.515625,0.01810214857080749
10,11,3,1,0.125,1,1,0.0,0.06077855405108494,0.06077855405108494,0.16145833333333331,0.328125,0.009106828723719521
10,11,3,2,0.125,2,2,0.0,0.04879820236160799,0.04879820236160799,0.22395833333333331,0.375,0.049711801658089395
10,11,3,3,0.625,3,3,0.0,0.0,0.0,0.062499999999999986,0.23958333333333331,0.029189947115877808
10,12,0,0,0.625,3,0,1.0,0.0,0.030628906149724952,-0.07291666666666667,0.40104166666666663,0.009384383975388417
10,12,0,1,0.125,1,1,0.0,0.018034719704699248,0.018034719704699248,0.38020833333333326,0.6927083333333333,0.06180423888865698
10,12,0,2,0.125,0,1,1.0,0.030628906149724952,0.018034719704699248,0.19270833333333334,0.31770833333333326,0.008645519941567953
10,12,0,3,0.125,3,3,0.0,0.0,0.0,0.140625,0.23437499999999997,0.0124392323215396
10,12,1,0,0.125,0,0,0.0,0.022831457296934907,0.022831457296934907,0.19791666666666666,0.3333333333333333,0.013627521719259142
10,12,1,1,0.125,1,1,0.0,0.0318520503519011,0.0318520503519011,0.30729166666666663,0.40625,0.010087875094837665
10,12,1,2,0.625,2,2,0.0,0.008568163856610383,0.008568163856610383,0.11458333333333331,0.17187499999999997,0.0056143123870209255
10,12,1,3,0.125,3,2,1.0,0.0,0.008568163856610383,0.2864583333333333,0.4270833333333333,0.05876372439076569
10,12,2,0,0.125,0,0,0.0,0.0,0.0,0.16145833333333331,0.38541666666666663,0.028455022240952355
10,12,2,1,0.625,1,1,0.0,0.10933666343506775,0.10933666343506775,0.03125,0.5364583333333333,-0.03592519216737134
10,12,2,2,0.125,2,2,0.0,0.03566830955157747,0.03566830955157747,0.09895833333333331,0.21354166666666666,0.004908402755888907
10,12,2,3,0.125,0,2,1.0,0.0,0.03566830955157747,-0.005208333333333336,0.06249999999999999,-0.03941457674256877
10,12,3,0,0.125,0,0,0.0,0.08435268869128405,0.08435268869128405,0.2708333333333333,0.34375,-0.00015373799976920837
10,12,3,1,0.125,1,1,0.0,0.061634836504075474,0.061634836504075474,0.11979166666666664,0.453125,0.03416107289879552
10,12,3,2,0.125,3,2,1.0,0.03794858974320464,0.0,-0.07291666666666666,0.30729166666666663,0.03675639930865813
10,12,3,3,0.625,2,3,1.0,0.0,0.03794858974320464,0.1875,0.3125,0.03860120636108551
10,13,0,0,0.625,0,0,0.0,0.019390926643997983,0.019390926643997983,0.21875,0.3958333333333333,0.043128938675467604
10,13,0,1,0.125,1,1,0.0,0.052394292256443264,0.052394292256443264,0.020833333333333322,0.30729166666666663,-0.00834285586067885
10,13,0,2,0.125,2,2,0.0,0.0,0.0,0.37499999999999994,0.44791666666666663,0.02037534525128504
10,13,0,3,0.125,2,3,1.0,0.0,0.010786258002376828,0.06770833333333333,0.2708333333333333,0.005579150807410662
10,13,1,0,0.125,0,0,0.0,0.05776492258099766,0.05776492258099766,0.22916666666666663,0.5052083333333333,0.03794256276171653
10,13,1,1,0.125,1,1,0.0,0.0,0.0,0.22916666666666663,0.48958333333333326,0.06367434140624292
10,13,1,2,0.625,3,2,1.0,0.04430074195203686,0.06861093472703447,-0.07291666666666666,0.24479166666666663,0.002057964361625192
10,13,1,3,0.125,3,3,0.0,0.04430074195203686,0.04430074195203686,0.359375,0.41666666666666663,0.05639492789196481
10,13,2,0,0.125,3,0,1.0,0.023175464024411244,0.06304736501155306,-0.06770833333333334,0.18229166666666666,-0.036498291800833624
10,13,2,1,0.625,2,1,1.0,0.0,0.06844074431301539,0.05729166666666666,0.17708333333333331,-0.0028423742203355466
10,13,2,2,0.125,3,2,1.0,0.023175464024411244,0.0,0.13541666666666663,0.43749999999999994,0.052515786037157265
10,13,2,3,0.125,3,3,0.0,0.023175464024411244,0.023175464024411244,0.13541666666666666,0.23958333333333331,0.012890074472816036
10,13,3,0,0.125,3,0,1.0,0.0,0.0905644679355117,0.02083333333333333,0.32291666666666663,0.008521769457542436
10,13,3,1,0.125,3,1,1.0,0.0,0.18969831804800283,0.15104166666666666,0.30729166666666663,-0.01784000621916524
10,13,3,2,0.125,3,3,0.0,0.0,0.0,0.15625,0.25,-0.001487217950710211
10,13,3,3,0.625,3,3,0.0,0.0,0.0,0.23958333333333331,0.4270833333333333,0.0441149553318804
10,14,0,0,0.625,3,0,1.0,0.025960051445428664,0.035211109384514966,-0.09895833333333333,0.44791666666666663,-0.018503345669524624
10,14,0,1,0.125,1,1,0.0,0.0,0.0,0.2552083333333333,0.3645833333333333,-0.009977731329345626
10,14,0,2,0.125,1,1,0.0,0.0,0.0,-0.078125,0.17708333333333331,-0.014011515698781864
10,14,0,3,0.125,0,3,1.0,0.035211109384514966,0.025960051445428664,0.19791666666666666,0.25,-0.005489059371586028
10,14,1,0,0.125,2,0,1.0,0.020159320280742368,0.06987746140422953,0.07291666666666666,0.5364583333333333,0.02729897111699058
10,14,1,1,0.125,3,1,1.0,0.0,0.03773000610399957,0.010416666666666664,0.30729166666666663,0.021695944471734323
10,14,1,2,0.625,2,2,0.0,0.020159320280742368,0.020159320280742368,0.2604166666666667,0.390625,0.046961356500207864
10,14,1,3,0.125,3,3,0.0,0.0,0.0,0.234375,0.2708333333333333,0.02476468908383513
10,14,2,0,0.125,2,0,1.0,0.0,0.05048461055990637,0.05729166666666667,0.28125,0.018634611136154538
10,14,2,1,0.625,2,2,0.0,0.0,0.0,0.328125,0.5052083333333333,0.034676408142029026
10,14,2,2,0.125,2,2,0.0,0.0,0.0,0.140625,0.44270833333333326,0.04303297431351725
10,14,2,3,0.125,2,3,1.0,0.0,0.060171894137404175,0.08333333333333333,0.2552083333333333,0.01408012061078356
10,14,3,0,0.125,2,0,1.0,0.0,0.07474861355759499,0.02604166666666665,0.4895833333333333,0.041981512637764715
10,14,3,1,0.125,1,1,0.0,0.1042853429724559,0.1042853429724559,0.375,0.46354166666666663,0.008438394721945484
10,14,3,2,0.125,2,2,0.0,0.0,0.0,0.15624999999999997,0.34375,0.05637135472364504
10,14,3,3,0.625,2,2,0.0,0.0,0.0,0.234375,0.3020833333333333,0.003967654837716307
10,15,0,0,0.625,2,0,1.0,0.002002592122164637,0.0,0.06249999999999999,0.34375,-0.00827797407061346
10,15,0,1,0.125,3,1,1.0,0.017047273009813763,0.02508883508180848,0.265625,0.42708333333333326,0.009602926539908649
10,15,0,2,0.125,3,2,1.0,0.017047273009813763,0.002002592122164637,0.06770833333333333,0.28125,0.02062711665974394
10,15,0,3,0.125,2,3,1.0,0.002002592122164637,0.017047273009813763,-0.015625000000000014,0.19791666666666666,0.014543125633628232
10,15,1,0,0.125,0,0,0.0,0.0741311966256415,0.0741311966256415,0.2083333333333333,0.36979166666666663,0.007900365767409817
10,15,1,1,0.125,1,1,0.0,0.07114760786987401,0.07114760786987401,0.2708333333333333,0.40625,0.005445964415320717
10,15,1,2,0.625,2,2,0.0,0.0,0.0,0.38541666666666663,0.49479166666666663,0.0736709356853403
10,15,1,3,0.125,2,2,0.0,0.0,0.0,0.09895833333333331,0.16666666666666666,0.002823923337599346
10,15,2,0,0.125,3,0,1.0,0.0,0.10540245272855507,0.10416666666666667,0.3802083333333333,0.0030808978425073694
10,15,2,1,0.625,1,1,0.0,0.05541633605957691,0.05541633605957691,0.24999999999999997,0.4895833333333333,0.00804597400040293
10,15,2,2,0.125,1,2,1.0,0.05541633605957691,0.060804074652835896,0.08854166666666664,0.296875,0.022896967877231715
10,15,2,3,0.125,3,3,0.0,0.0,0.0,0.09895833333333333,0.22395833333333331,0.040797873181442665
10,15,3,0,0.125,3,0,1.0,0.0,0.09293754288296972,0.17708333333333331,0.41666666666666663,-0.007045359352183993
10,15,3,1,0.125,2,1,1.0,0.025294429707130833,0.1012569310481179,0.17708333333333331,0.3125,-0.014087577021817555
10,15,3,2,0.125,2,2,0.0,0.025294429707130833,0.025294429707130833,0.23958333333333331,0.3333333333333333,0.016046135146405186
10,15,3,3,0.625,2,3,1.0,0.025294429707130833,0.0,0.06770833333333333,0.17708333333333331,0.021221318671954172
10,16,0,0,0.625,0,0,0.0,0.11950077553855631,0.11950077553855631,0.046874999999999986,0.40625,0.004531782023344389
10,16,0,1,0.125,3,1,1.0,0.04421428588100065,0.11174642457175149,0.10416666666666666,0.375,-0.012115928501969088
10,16,0,2,0.125,2,2,0.0,0.0,0.0,0.3333333333333333,0.39583333333333326,0.04933438357310515
10,16,0,3,0.125,1,2,1.0,0.11174642457175149,0.0,0.14062499999999997,0.5052083333333333,0.0605549107530116
10,16,1,0,0.125,0,0,0.0,0.07361115031553514,0.07361115031553514,0.16666666666666666,0.34375,-0.006550702490132804
10,16,1,1,0.125,1,1,0.0,0.034715569292532944,0.034715569292532944,0.24999999999999994,0.46354166666666663,0.030606103732347137
10,16,1,2,0.625,1,2,1.0,0.034715569292532944,0.0,0.08333333333333331,0.33854166666666663,0.050062749451857645
10,16,1,3,0.125,3,3,0.0,0.06333924686222706,0.06333924686222706,0.3333333333333333,0.36458333333333326,0.024253711450692248
10,16,2,0,0.125,0,0,0.0,0.0,0.0,0.06770833333333333,0.3645833333333333,0.03185657443269368
10,16,2,1,0.625,1,1,0.0,0.053643504236054906,0.053643504236054906,0.109375,0.3020833333333333,-0.015967871168104532
10,16,2,2,0.125,0,2,1.0,0.0,0.022470259550339114,0.08333333333333331,0.2552083333333333,0.01861974535957316
10,16,2,3,0.125,3,3,0.0,0.031362160856542476,0.031362160856542476,0.3125,0.515625,0.05883210049228386
10,16,3,0,0.125,0,0,0.0,0.0202900683927434,0.0202900683927434,0.078125,0.41666666666666663,0.05968963360694212
10,16,3,1,0.125,2,1,1.0,0.0,0.040663449013823995,0.04166666666666666,0.2864583333333333,0.026433816313863292
10,16,3,2,0.125,2,2,0.0,0.0,0.0,0.265625,0.4895833333333333,0.05783563908575596
10,16,3,3,0.625,3,3,0.0,0.024679112460676375,0.024679112460676375,0.09895833333333333,0.23958333333333331,0.023679339655233174
10,17,0,0,0.625,2,0,1.0,0.0,0.0774472983091352,-0.13541666666666669,0.25,-0.004415059607092932
10,17,0,1,0.125,1,1,0.0,0.09438670248441047,0.09438670248441047,0.3802083333333333,0.515625,0.029426605572834007
10,17,0,2,0.125,1,2,1.0,0.09438670248441047,0.0,0.031249999999999997,0.35416666666666663,0.023254827887421045
10,17,0,3,0.125,2,2,0.0,0.0,0.0,0.10937499999999999,0.19270833333333334,3.1055975792869175e-05
10,17,1,0,0.125,0,0,0.0,0.07216487788156078,0.07216487788156078,0.13020833333333334,0.5729166666666666,0.012548386509074248
10,17,1,1,0.125,1,1,0.0,0.0,0.0,0.421875,0.6145833333333333,0.04969073583388891
10,17,1,2,0.625,2,2,0.0,0.01939839796251483,0.01939839796251483,0.203125,0.36979166666666663,0.04627790443774222
10,17,1,3,0.125,3,3,0.0,0.007641760781054843,0.007641760781054843,0.34375,0.49999999999999994,0.05702278225728368
10,17,2,0,0.125,3,0,1.0,0.01746089140042431,0.05539542487978727,0.036458333333333336,0.5416666666666666,-0.02569008053350664
10,17,2,1,0.625,1,1,0.0,0.06140255593735053,0.06140255593735053,0.015624999999999986,0.5052083333333333,-0.01354330565818324
10,17,2,2,0.125,3,2,1.0,0.01746089140042431,0.0,-0.015625000000000007,0.20833333333333331,0.0026613134340122105
10,17,2,3,0.125,3,3,0.0,0.01746089140042431,0.01746089140042431,0.109375,0.19791666666666666,-0.010829057694523976
10,17,3,0,0.125,3,3,0.0,0.0,0.0,0.08333333333333333,0.40104166666666663,0.008591976671683672
10,17,3,1,0.125,3,1,1.0,0.0,0.14810849799236056,0.07291666666666666,0.21354166666666663,-0.015694445937366495
10,17,3,2,0.125,2,2,0.0,0.08019848516339968,0.08019848516339968,0.26041666666666663,0.44791666666666663,0.03584133359187913
10,17,3,3,0.625,3,3,0.0,0.0,0.0,0.32291666666666663,0.44270833333333326,0.06583770160547076
10,18,0,0,0.625,1,0,1.0,0.05118088024776797,0.09735029247261343,0.015624999999999986,0.21875,-0.011531124431783515
10,18,0,1,0.125,2,1,1.0,0.0,0.05118088024776797,0.17708333333333331,0.421875,0.010621269297628107
10,18,0,2,0.125,2,2,0.0,0.0,0.0,0.02604166666666666,0.27604166666666663,0.016319564287007732
10,18,0,3,0.125,3,3,0.0,0.08293797296390024,0.08293797296390024,0.16666666666666669,0.28645833333333337,0.008495268870658542
10,18,1,0,0.125,0,0,0.0,0.015839933380903476,0.015839933380903476,0.12499999999999999,0.46874999999999994,0.04709226809799775
10,18,1,1,0.125,1,1,0.0,0.044509732170706764,0.044509732170706764,0.4114583333333333,0.5364583333333333,0.032115727346246084
10,18,1,2,0.625,2,2,0.0,0.0,0.0,0.22916666666666666,0.35416666666666663,0.05133308406316522
10,18,1,3,0.125,2,3,1.0,0.0,0.049391061755318086,0.171875,0.3177083333333333,0.03471372633068844
10,18,2,0,0.125,0,0,0.0,0.05627779464253892,0.05627779464253892,0.078125,0.3125,0.04365810529050635
10,18,2,1,0.625,2,1,1.0,0.036255343251637054,0.08090245130189222,0.17708333333333331,0.5,0.030312901802401794
10,18,2,2,0.125,3,2,1.0,0.0,0.036255343251637054,0.25,0.484375,0.0342246787572315
10,18,2,3,0.125,3,3,0.0,0.0,0.0,0.2864583333333333,0.5364583333333333,0.059424207058752856
10,18,3,0,0.125,0,0,0.0,0.0,0.0,0.24479166666666666,0.40625,0.04479620767615013
10,18,3,1,0.125,1,1,0.0,0.004061617833767073,0.004061617833767073,-0.015625000000000007,0.29166666666666663,-0.012444338220718856
10,18,3,2,0.125,0,1,1.0,0.0,0.004061617833767073,0.17708333333333331,0.2864583333333333,0.034611692300983765
10,18,3,3,0.625,3,3,0.0,0.014451885033373468,0.014451885033373468,0.19270833333333331,0.2864583333333333,0.02434096165154488
10,19,0,0,0.625,0,0,0.0,0.0,0.0,0.08333333333333333,0.4270833333333333,0.045277999140493186
10,19,0,1,0.125,1,1,0.0,0.010282372470908116,0.010282372470908116,0.5364583333333333,0.6666666666666666,0.05125108999491019
10,19,0,2,0.125,1,1,0.0,0.010282372470908116,0.010282372470908116,0.057291666666666664,0.20833333333333331,0.021255599254074314
10,19,0,3,0.125,3,3,0.0,0.016189619882047354,0.016189619882047354,0.14583333333333331,0.3333333333333333,0.02123316595590816
10,19,1,0,0.125,2,0,1.0,0.016829485454910004,0.051055914272490704,-0.0625,0.12499999999999999,-0.05535752242356918
10,19,1,1,0.125,1,1,0.0,0.0,0.0,0.07812499999999997,0.41666666666666663,0.021165564999431192
10,19,1,2,0.625,3,2,1.0,0.014125995564281901,0.016829485454910004,0.203125,0.3229166666666667,0.003721799621401907
10,19,1,3,0.125,1,1,0.0,0.0,0.0,0.17708333333333331,0.2708333333333333,0.022542501321751705
10,19,2,0,0.125,0,0,0.0,0.0001609812921785081,0.0001609812921785081,0.05208333333333333,0.48437499999999994,0.023473438786208837
10,19,2,1,0.625,0,1,1.0,0.0001609812921785081,0.09129438925824362,0.06770833333333331,0.4114583333333333,5.293543721860463e-05
10,19,2,2,0.125,3,3,0.0,0.0,0.0,0.14583333333333331,0.30729166666666663,0.018915001467456543
10,19,2,3,0.125,3,3,0.0,0.0,0.0,0.21354166666666666,0.43749999999999994,0.033808354311444494
10,19,3,0,0.125,0,0,0.0,0.05770916015053769,0.05770916015053769,0.05208333333333333,0.3125,0.01268986129283647
10,19,3,1,0.125,3,1,1.0,0.0,0.11117426289067343,-0.32291666666666663,0.453125,-0.053153026160929095
10,19,3,2,0.125,3,2,1.0,0.0,0.04628788784946358,-0.005208333333333336,0.11458333333333331,-0.004745099027929829
10,19,3,3,0.625,3,3,0.0,0.0,0.0,0.08333333333333333,0.22916666666666663,0.026175662182266683
10,20,0,0,0.625,1,0,1.0,0.0,0.05769621254721076,0.005208333333333332,0.375,-0.0015843271846347367
10,20,0,1,0.125,1,1,0.0,0.0,0.0,0.24479166666666666,0.41145833333333326,0.012876795666394297
10,20,0,2,0.125,2,2,0.0,5.518096647462445e-05,5.518096647462445e-05,0.30729166666666663,0.4583333333333333,0.03745093536637922
10,20,0,3,0.125,2,3,1.0,5.518096647462445e-05,0.05243565031431681,0.14583333333333331,0.328125,0.03685706128579928
10,20,1,0,0.125,0,0,0.0,0.03212397350031054,0.03212397350031054,0.2552083333333333,0.359375,0.02051912095687249
10,20,1,1,0.125,1,1,0.0,0.057518733283062354,0.057518733283062354,0.375,0.6354166666666666,0.02448309305404955
10,20,1,2,0.625,2,2,0.0,0.0,0.0,0.21875,0.35416666666666663,0.04343636299090986
10,20,1,3,0.125,0,3,1.0,0.03212397350031054,0.11288495787939665,0.18229166666666666,0.296875,0.022106116359356966
10,20,2,0,0.125,0,0,0.0,0.01564709045566956,0.01564709045566956,0.010416666666666657,0.41666666666666663,0.00817137897738124
10,20,2,1,0.625,3,1,1.0,0.0,0.08172767268440204,0.036458333333333336,0.2864583333333333,0.002208710709216797
10,20,2,2,0.125,3,3,0.0,0.0,0.0,-0.04166666666666667,0.14583333333333331,-0.003517694645714735
10,20,2,3,0.125,3,3,0.0,0.0,0.0,0.11979166666666666,0.2708333333333333,0.028588394860254152
10,20,3,0,0.125,1,1,0.0,0.0,0.0,-0.06770833333333334,0.22916666666666666,-0.04074555237935357
10,20,3,1,0.125,1,1,0.0,0.0,0.0,0.07291666666666666,0.3333333333333333,-0.005699969105994032
10,20,3,2,0.125,0,0,0.0,0.03773486336307139,0.03773486336307139,0.020833333333333322,0.10937499999999999,0.0027061657718197266
10,20,3,3,0.625,3,3,0.0,0.004833271645221349,0.004833271645221349,0.05729166666666666,0.16145833333333331,-0.002352364652433263
10,21,0,0,0.625,3,0,1.0,0.004941948113397834,0.00156067222997118,0.026041666666666657,0.38541666666666663,0.0365908116417709
10,21,0,1,0.125,1,1,0.0,0.0,0.0,0.3125,0.4895833333333333,0.02056106952669821
10,21,0,2,0.125,1,2,1.0,0.0,0.005580149204591864,0.2708333333333333,0.48958333333333326,0.036091624560311106
10,21,0,3,0.125,3,3,0.0,0.004941948113397834,0.004941948113397834,0.21874999999999997,0.29166666666666663,0.03625834057208914
10,21,1,0,0.125,3,0,1.0,0.08174240731106282,0.08588974136789852,0.08854166666666667,0.40625,0.041460959951913755
10,21,1,1,0.125,1,1,0.0,0.06837367263721224,0.06837367263721224,0.43229166666666663,0.484375,0.038576893961238146
10,21,1,2,0.625,2,2,0.0,0.0,0.0,0.26041666666666663,0.296875,0.05143059677459661
10,21,1,3,0.125,2,3,1.0,0.0,0.08174240731106282,0.22395833333333331,0.3229166666666667,0.032367332275948985
10,21,2,0,0.125,0,0,0.0,0.0,0.0,0.20833333333333331,0.40104166666666663,0.03378015193095797
10,21,2,1,0.625,1,1,0.0,0.022980556468860658,0.022980556468860658,0.53125,0.625,0.025694083455288383
10,21,2,2,0.125,3,2,1.0,0.013511928159265149,0.05108531758340555,-0.03125000000000001,0.19791666666666666,-0.01951783647655872
10,21,2,3,0.125,3,3,0.0,0.013511928159265149,0.013511928159265149,0.2708333333333333,0.41666666666666663,0.04651439414473917
10,21,3,0,0.125,0,2,1.0,0.06299066285731568,0.0011182417883362772,0.08333333333333331,0.35416666666666663,0.008692554216187882
10,21,3,1,0.125,3,1,1.0,0.0,0.06258776255309435,0.04166666666666666,0.3020833333333333,0.043362843422598045
10,21,3,2,0.125,2,2,0.0,0.0011182417883362772,0.0011182417883362772,0.18229166666666666,0.2864583333333333,0.01865801976539899
10,21,3,3,0.625,3,3,0.0,0.0,0.0,0.08854166666666666,0.33333333333333326,0.04556675112322747
10,22,0,0,0.625,1,0,1.0,0.057419259475200005,0.04319523100249237,-0.005208333333333332,0.3177083333333333,0.009176595555407664
10,22,0,1,0.125,0,1,1.0,0.04319523100249237,0.057419259475200005,0.05729166666666666,0.3802083333333333,0.009068053778467615
10,22,0,2,0.125,2,2,0.0,0.0,0.0,0.265625,0.3020833333333333,0.02087768944731459
10,22,0,3,0.125,2,1,1.0,0.0,0.057419259475200005,-0.07291666666666666,0.078125,-0.09331439653918941
10,22,1,0,0.125,2,0,1.0,0.0,0.05086132981794081,0.11458333333333334,0.4114583333333333,0.04856967654538202
10,22,1,1,0.125,1,1,0.0,0.11763444159222289,0.11763444159222289,0.21354166666666666,0.5364583333333333,0.009078306069452412
10,22,1,2,0.625,1,2,1.0,0.11763444159222289,0.0,-0.010416666666666678,0.3802083333333333,0.06031181476311805
10,22,1,3,0.125,0,3,1.0,0.05086132981794081,0.13899409298616291,0.14583333333333331,0.23958333333333331,0.004081438159622639
10,22,2,0,0.125,0,0,0.0,0.03571759565307428,0.03571759565307428,0.09895833333333331,0.27604166666666663,0.0351822483301949
10,22,2,1,0.625,3,3,0.0,0.0,0.0,0.20312499999999997,0.3333333333333333,0.008991568354389983
10,22,2,2,0.125,3,2,1.0,0.0,0.005579177396032309,0.16666666666666663,0.38541666666666663,0.05524169752235965
10,22,2,3,0.125,2,3,1.0,0.005579177396032309,0.0,0.07812499999999999,0.23958333333333331,0.02968078161869305
10,22,3,0,0.125,2,0,1.0,0.07654967627856558,0.0,0.05208333333333333,0.4427083333333333,0.050292154732450405
10,22,3,1,0.125,0,1,1.0,0.0,0.07655836127675728,0.265625,0.3958333333333333,0.03255752933535784
10,22,3,2,0.125,0,2,1.0,0.0,0.07654967627856558,-0.0625,0.11458333333333333,0.009086053571172096
10,22,3,3,0.625,3,3,0.0,0.06379097026044248,0.06379097026044248,0.14583333333333334,0.39583333333333326,0.024191713177699636
10,23,0,0,0.625,0,0,0.0,0.004538942575737143,0.004538942575737143,0.09895833333333331,0.46875,0.019534825863593484
10,23,0,1,0.125,0,1,1.0,0.004538942575737143,0.046365503327320715,0.2552083333333333,0.4375,0.047778911164726746
10,23,0,2,0.125,2,2,0.0,0.0,0.0,0.20833333333333331,0.39583333333333326,0.02812825308647923
10,23,0,3,0.125,2,3,1.0,0.0,0.060405150908159344,0.09374999999999999,0.19270833333333331,0.014517598015764875
10,23,1,0,0.125,0,0,0.0,0.00995663430474078,0.00995663430474078,0.19791666666666666,0.3958333333333333,0.030329793857475956
10,23,1,1,0.125,2,1,1.0,0.0,0.08085544002490848,-0.16666666666666669,0.34895833333333326,-0.038678686269189425
10,23,1,2,0.625,2,2,0.0,0.0,0.0,0.359375,0.49999999999999994,0.03792171654696236
10,23,1,3,0.125,0,0,0.0,0.00995663430474078,0.00995663430474078,0.09374999999999999,0.18229166666666663,-0.011681946311114595
10,23,2,0,0.125,0,0,0.0,0.0041408473315741046,0.0041408473315741046,0.16145833333333331,0.40625,0.017835690623826023
10,23,2,1,0.625,2,1,1.0,0.0,0.08122943570360384,-0.036458333333333336,0.3177083333333333,-0.017444652933416793
10,23,2,2,0.125,0,2,1.0,0.0041408473315741046,0.0,0.140625,0.4114583333333333,0.03615290614935046
10,23,2,3,0.125,3,3,0.0,0.0027597308620699312,0.0027597308620699312,0.18749999999999997,0.296875,0.04394746253594083
10,23,3,0,0.125,3,0,1.0,0.0,0.05444478614136518,-0.026041666666666668,0.26041666666666663,0.02515092185457459
10,23,3,1,0.125,3,1,1.0,0.0,0.06279321431023974,0.11979166666666666,0.234375,0.023610546969469175
10,23,3,2,0.125,3,3,0.0,0.0,0.0,0.08854166666666666,0.20833333333333331,-0.024593625383590178
10,23,3,3,0.625,3,3,0.0,0.0,0.0,0.12499999999999999,0.34375,0.020814920037058163
10,24,0,0,0.625,3,0,1.0,0.0,0.028029430280508583,0.015624999999999998,0.24479166666666663,-0.002075379997204181
10,24,0,1,0.125,0,3,1.0,0.028029430280508583,0.0,-0.03645833333333334,0.22395833333333331,0.015398868635438273
10,24,0,2,0.125,2,2,0.0,0.019992442991610265,0.019992442991610265,0.234375,0.24479166666666669,-0.0012217091619458117
10,24,0,3,0.125,3,3,0.0,0.0,0.0,0.19791666666666663,0.48437499999999994,0.01616534168229737
10,24,1,0,0.125,3,0,1.0,0.038668715714299695,0.01794622374973459,-0.010416666666666675,0.546875,0.03090842825708048
10,24,1,1,0.125,0,1,1.0,0.01794622374973459,0.16315794358358307,-0.02604166666666667,0.24999999999999997,-0.0386095578952577
10,24,1,2,0.625,0,2,1.0,0.01794622374973459,0.0,0.203125,0.5364583333333333,0.05027441015330828
10,24,1,3,0.125,3,3,0.0,0.038668715714299695,0.038668715714299695,0.19791666666666666,0.4270833333333333,0.018485125770117627
10,24,2,0,0.125,0,0,0.0,0.0,0.0,0.09374999999999997,0.30729166666666663,0.03543155962551679
10,24,2,1,0.625,1,1,0.0,0.004612981460155652,0.004612981460155652,0.328125,0.40625,0.03699023848131115
10,24,2,2,0.125,2,2,0.0,0.002815532849498162,0.002815532849498162,0.08854166666666667,0.3020833333333333,0.020324913512955886
10,24,2,3,0.125,0,2,1.0,0.0,0.002815532849498162,0.125,0.203125,0.026199510579844786
10,24,3,0,0.125,0,0,0.0,0.04166820247035613,0.04166820247035613,0.203125,0.35416666666666663,0.04691812822017363
10,24,3,1,0.125,2,1,1.0,0.0,0.13415113978301316,0.2708333333333333,0.453125,0.007062677223678157
10,24,3,2,0.125,2,2,0.0,0.0,0.0,0.3333333333333333,0.41666666666666663,0.05466984409278815
10,24,3,3,0.625,3,3,0.0,0.05877853587120202,0.05877853587120202,0.04166666666666666,0.140625,0.013492034169644713
10,25,0,0,0.625,3,0,1.0,0.0,0.0740171844140084,0.015624999999999997,0.29166666666666663,-0.0028471986736956054
10,25,0,1,0.125,1,1,0.0,0.05449319544990909,0.05449319544990909,0.17187499999999997,0.53125,0.004946520072309317
10,25,0,2,0.125,2,2,0.0,0.025094386773695992,0.025094386773695992,0.2239583333333333,0.453125,0.01745196870663687
10,25,0,3,0.125,3,3,0.0,0.0,0.0,0.015625,0.21875,0.0024839764728026
10,25,1,0,0.125,0,0,0.0,0.04385143923964732,0.04385143923964732,0.2395833333333333,0.40104166666666663,0.033129193380829695
10,25,1,1,0.125,1,1,0.0,0.07243881940650829,0.07243881940650829,0.3333333333333333,0.5833333333333333,0.001757952304817303
10,25,1,2,0.625,2,2,0.0,0.0,0.0,0.3645833333333333,0.46354166666666663,0.06363817387669812
10,25,1,3,0.125,2,2,0.0,0.0,0.0,0.10416666666666667,0.234375,0.02324848434401902
10,25,2,0,0.125,0,0,0.0,0.0,0.0,0.16666666666666666,0.421875,0.06668275759145194
10,25,2,1,0.625,1,1,0.0,0.08856557693003166,0.08856557693003166,0.22916666666666666,0.328125,0.015716350603800402
10,25,2,2,0.125,2,2,0.0,0.11323162770674013,0.11323162770674013,0.14583333333333331,0.21354166666666663,-0.011622549928277319
10,25,2,3,0.125,0,3,1.0,0.0,0.09166391282223468,0.10416666666666666,0.32291666666666663,0.021744685106149395
10,25,3,0,0.125,0,0,0.0,0.05127531108946884,0.05127531108946884,0.15625,0.328125,0.020204795666938256
10,25,3,1,0.125,2,1,1.0,0.0,0.05732792868324492,0.02604166666666667,0.375,-0.034469376270952534
10,25,3,2,0.125,2,2,0.0,0.0,0.0,0.265625,0.42187499999999994,0.0404898397285943
10,25,3,3,0.625,3,3,0.0,0.01568322638848288,0.01568322638848288,0.15624999999999997,0.2552083333333333,0.004948653959948443
10,26,0,0,0.625,2,0,1.0,0.011016176542269163,0.10501072156648883,0.005208333333333322,0.39583333333333326,-0.022411505507469204
10,26,0,1,0.125,3,2,1.0,0.0,0.011016176542269163,0.16145833333333331,0.3333333333333333,0.006515068359374605
10,26,0,2,0.125,2,2,0.0,0.011016176542269163,0.011016176542269163,0.203125,0.38541666666666663,0.03277064942343481
10,26,0,3,0.125,3,3,0.0,0.0,0.0,0.20833333333333331,0.34375,0.04389886115885733
10,26,1,0,0.125,0,0,0.0,0.06191657175135985,0.06191657175135985,0.16666666666666663,0.4114583333333333,-0.014979222692886799
10,26,1,1,0.125,3,1,1.0,0.0,0.0835504435634642,0.13020833333333331,0.27604166666666663,-0.011539199596536123
10,26,1,2,0.625,3,2,1.0,0.0,0.008032135339805208,0.140625,0.3125,0.03843954378182179
10,26,1,3,0.125,2,3,1.0,0.008032135339805208,0.0,0.21354166666666666,0.390625,0.062357525896291996
10,26,2,0,0.125,1,0,1.0,0.018571014884510878,0.09158428802669859,-0.06770833333333334,0.34375,-0.0022707884107451936
10,26,2,1,0.625,1,1,0.0,0.018571014884510878,0.018571014884510878,0.24479166666666666,0.328125,-0.010980033704900494
10,26,2,2,0.125,3,2,1.0,0.0,0.0501162494683334,0.12499999999999999,0.21354166666666666,-0.02406304151861504
10,26,2,3,0.125,2,3,1.0,0.0501162494683334,0.0,-0.03125,0.13020833333333331,-0.004128675747420236
10,26,3,0,0.125,0,0,0.0,0.09658806718447065,0.09658806718447065,0.17708333333333331,0.40624999999999994,0.017699936620618847
10,26,3,1,0.125,1,1,0.0,0.11860336048543377,0.11860336048543377,0.47916666666666663,0.578125,-0.010351620007921336
10,26,3,2,0.125,2,2,0.0,0.0,0.0,0.17708333333333331,0.3020833333333333,0.04690800808212985
10,26,3,3,0.625,2,3,1.0,0.0,0.08975315149269007,0.09895833333333331,0.25,0.016030998265212884
10,27,0,0,0.625,3,0,1.0,0.054165151585980606,0.003192323277166176,0.12499999999999997,0.41145833333333326,0.034947279046176234
10,27,0,1,0.125,1,1,0.0,0.0,0.0,0.46354166666666663,0.6979166666666666,0.049343223513532944
10,27,0,2,0.125,1,2,1.0,0.0,0.03994033980454045,0.171875,0.41145833333333326,0.023610098715346126
10,27,0,3,0.125,3,3,0.0,0.054165151585980606,0.054165151585980606,0.20312499999999997,0.44791666666666663,0.025265551507108422
10,27,1,0,0.125,3,0,1.0,0.0,0.054742694920822794,0.052083333333333336,0.33854166666666663,-0.008570596230165903
10,27,1,1,0.125,1,1,0.0,0.03240909347613584,0.03240909347613584,0.296875,0.5260416666666666,0.04369084248879413
10,27,1,2,0.625,1,2,1.0,0.03240909347613584,0.004567996488454518,0.062499999999999986,0.30729166666666663,0.041384598052028806
10,27,1,3,0.125,3,3,0.0,0.0,0.0,0.11979166666666666,0.2552083333333333,0.019460042833837624
10,27,2,0,0.125,2,0,1.0,0.0,0.032788784495779544,0.03125,0.44791666666666663,0.0033085898642844992
10,27,2,1,0.625,2,1,1.0,0.0,0.09452824784706884,0.19270833333333331,0.515625,0.03823062994413248
10,27,2,2,0.125,0,2,1.0,0.032788784495779544,0.0,0.2708333333333333,0.41666666666666663,0.07258078753993459
10,27,2,3,0.125,0,3,1.0,0.032788784495779544,0.07691642384903483,0.12499999999999999,0.29166666666666663,0.015346905433117682
10,27,3,0,0.125,0,0,0.0,0.025171578755592935,0.025171578755592935,0.06770833333333333,0.24999999999999997,0.01202691517498744
10,27,3,1,0.125,1,1,0.0,0.017984302974993135,0.017984302974993135,0.2708333333333333,0.35416666666666663,-0.0005722382047534398
10,27,3,2,0.125,3,2,1.0,0.0,0.030089453362778948,0.078125,0.234375,-0.0099313852130558
10,27,3,3,0.625,2,2,0.0,0.030089453362778948,0.030089453362778948,-0.026041666666666678,0.12499999999999997,0.01823483572233591
11,8,0,0,0.125,0,0,0.0,0.010902788167520841,0.010902788167520841,0.11458333333333331,0.27604166666666663,-0.007460348593252024
11,8,0,1,0.625,1,1,0.0,0.051095959370691224,0.051095959370691224,0.3333333333333333,0.4270833333333333,-0.04876337664184463
11,8,0,2,0.125,2,2,0.0,0.0,0.0,0.28645833333333326,0.4427083333333333,0.019355333786128536
11,8,0,3,0.125,1,1,0.0,0.051095959370691224,0.051095959370691224,-0.015625000000000003,0.15104166666666663,-0.0017299102099696505
11,8,1,0,0.125,1,0,1.0,0.022427625375023907,0.08883646551741958,0.15625,0.359375,0.006172571579377175
11,8,1,1,0.125,2,1,1.0,0.0,0.022427625375023907,0.0,0.041666666666666664,0.016631808221038324
11,8,1,2,0.625,2,2,0.0,0.0,0.0,0.22395833333333331,0.3489583333333333,0.03815028371698199
11,8,1,3,0.125,2,2,0.0,0.0,0.0,0.21354166666666666,0.21354166666666666,-0.013382853401103598
11,8,2,0,0.625,0,0,0.0,0.025381222226969882,0.025381222226969882,0.10937499999999999,0.2864583333333333,0.02960515056349871
11,8,2,1,0.125,1,1,0.0,0.0,0.0,0.14583333333333331,0.27604166666666663,0.03518536566353286
11,8,2,2,0.125,1,1,0.0,0.0,0.0,0.15104166666666666,0.22916666666666666,-0.01948257755644391
11,8,2,3,0.125,1,3,1.0,0.0,0.048024038635404,0.11458333333333331,0.16666666666666666,-0.005168723265959842
11,8,3,0,0.125,2,0,1.0,0.09273451623956444,0.020966847485032913,0.08854166666666666,0.375,0.02599674935620491
11,8,3,1,0.125,3,1,1.0,0.0,0.006033445596733855,0.09374999999999999,0.15104166666666666,0.020198847744943682
11,8,3,2,0.125,0,2,1.0,0.020966847485032913,0.09273451623956444,0.10416666666666666,0.2864583333333333,-0.013851323988657899
11,8,3,3,0.625,1,3,1.0,0.006033445596733855,0.0,0.21354166666666666,0.2864583333333333,0.04535853987129461
11,9,0,0,0.125,0,0,0.0,0.0,0.0,0.16145833333333334,0.34375,0.0453923687146898
11,9,0,1,0.625,1,1,0.0,0.013196188152562655,0.013196188152562655,0.21354166666666666,0.38020833333333326,0.026635227997083094
11,9,0,2,0.125,2,2,0.0,0.08180733677590148,0.08180733677590148,0.24479166666666666,0.30729166666666663,-0.010907062006548916
11,9,0,3,0.125,3,3,0.0,0.04959051584381868,0.04959051584381868,0.08854166666666666,0.24999999999999997,0.01669017670976154
11,9,1,0,0.125,0,0,0.0,0.0,0.0,0.078125,0.21354166666666666,0.013730203925735113
11,9,1,1,0.125,0,1,1.0,0.0,0.008149350213336737,-0.06770833333333333,0.359375,0.0034000266410326705
11,9,1,2,0.625,2,2,0.0,0.03317283701488924,0.03317283701488924,0.16666666666666663,0.28125,1.005761653066173e-05
11,9,1,3,0.125,3,3,0.0,0.013891504058326481,0.013891504058326481,0.005208333333333325,0.265625,-0.003423751201720151
11,9,2,0,0.625,0,0,0.0,0.0,0.0,0.13541666666666666,0.34375,0.04577946381814669
11,9,2,1,0.125,3,2,1.0,0.0394277130108093,0.07818257370380172,0.08333333333333333,0.21875,0.04566010447656379
11,9,2,2,0.125,1,0,1.0,0.03264176502344383,0.0,0.08333333333333334,0.23958333333333331,-0.012550805838830219
11,9,2,3,0.125,0,3,1.0,0.0,0.0394277130108093,0.22916666666666663,0.30729166666666663,0.01824081129663804
11,9,3,0,0.125,2,0,1.0,0.0,0.026820978087955416,0.08854166666666664,0.20833333333333331,-0.01500764535352432
11,9,3,1,0.125,3,1,1.0,0.011418979258291384,0.033419835499437334,0.05729166666666666,0.19270833333333331,0.0013744727225710363
11,9,3,2,0.125,2,2,0.0,0.0,0.0,0.39062499999999994,0.42708333333333326,0.03881227330161176
11,9,3,3,0.625,0,0,0.0,0.026820978087955416,0.026820978087955416,0.1875,0.2604166666666667,-0.0051283332353486005
11,10,0,0,0.125,2,0,1.0,0.03120705778083832,0.0,0.10416666666666666,0.29166666666666663,0.03519847975510307
11,10,0,1,0.625,3,0,1.0,0.00040919571189512727,0.0,0.026041666666666664,0.057291666666666664,-0.024637036309637133
11,10,0,2,0.125,2,2,0.0,0.03120705778083832,0.03120705778083832,0.40625,0.5364583333333333,0.03442201333345073
11,10,0,3,0.125,3,3,0.0,0.00040919571189512727,0.00040919571189512727,0.15104166666666666,0.24479166666666666,0.02203578107208363
11,10,1,0,0.125,0,0,0.0,0.0,0.0,0.20833333333333331,0.35416666666666663,0.021378203134644305
11,10,1,1,0.125,1,1,0.0,0.026739068386685272,0.026739068386685272,-0.09375,0.21874999999999997,0.007524896109907193
11,10,1,2,0.625,0,2,1.0,0.0,0.0896809919854141,0.07291666666666666,0.24999999999999997,-0.038038188017317995
11,10,1,3,0.125,0,3,1.0,0.0,0.08381750204385492,-0.03125,0.09895833333333331,-0.0014657822314773246
11,10,2,0,0.625,0,0,0.0,0.0,0.0,0.32291666666666663,0.4583333333333333,0.053698441376761614
11,10,2,1,0.125,1,1,0.0,0.00986019018701842,0.00986019018701842,0.32291666666666663,0.53125,0.043436842632406665
11,10,2,2,0.125,2,2,0.0,0.015927638215222986,0.015927638215222986,0.05208333333333333,0.22916666666666663,0.010541556642610899
11,10,2,3,0.125,1,0,1.0,0.00986019018701842,0.0,-0.078125,0.171875,0.005201459179132174
11,10,3,0,0.125,2,0,1.0,0.003039679891793004,0.016594869040936697,-0.109375,0.44270833333333326,0.013780187748065288
11,10,3,1,0.125,1,1,0.0,0.0,0.0,-0.005208333333333336,0.140625,-0.029456806074521454
11,10,3,2,0.125,0,2,1.0,0.016594869040936697,0.003039679891793004,-0.015624999999999997,0.4114583333333333,0.005506625229290161
11,10,3,3,0.625,1,1,0.0,0.0,0.0,0.19270833333333331,0.22916666666666666,0.011188023399676507
11,11,0,0,0.125,1,0,1.0,0.0,0.08350518232792883,-0.18229166666666669,0.22395833333333331,-0.008220112569199047
11,11,0,1,0.625,1,1,0.0,0.0,0.0,0.1875,0.36979166666666663,0.03805487940666685
11,11,0,2,0.125,2,2,0.0,0.020606748233742284,0.020606748233742284,0.09375,0.35416666666666663,0.009132200087693346
11,11,0,3,0.125,1,3,1.0,0.0,0.09151994669331068,-0.22916666666666666,0.27604166666666663,-0.00825388110138556
11,11,1,0,0.125,1,0,1.0,0.0,0.06825031889402221,0.04166666666666666,0.4427083333333333,0.014131138602383762
11,11,1,1,0.125,3,1,1.0,0.07488543340910502,0.0,-0.05208333333333333,0.328125,0.04841129010185779
11,11,1,2,0.625,1,2,1.0,0.0,0.07830599953385929,0.06249999999999999,0.23958333333333331,0.018039485688290505
11,11,1,3,0.125,2,1,1.0,0.07830599953385929,0.0,-0.109375,0.15625,0.019631889344634657
11,11,2,0,0.625,0,0,0.0,0.008430003514258877,0.008430003514258877,0.33333333333333326,0.6302083333333333,0.05601804327098737
11,11,2,1,0.125,1,1,0.0,0.0,0.0,0.2864583333333333,0.40104166666666663,0.05905080610771545
11,11,2,2,0.125,2,2,0.0,0.018393710826578313,0.018393710826578313,0.30729166666666663,0.5052083333333333,0.05021937537445117
11,11,2,3,0.125,3,3,0.0,0.06624865734055506,0.06624865734055506,0.4270833333333333,0.4583333333333333,0.016048067114574235
11,11,3,0,0.125,2,0,1.0,0.0,0.018682550165096623,-0.036458333333333336,0.15624999999999997,-0.015224804857238908
11,11,3,1,0.125,3,1,1.0,0.04076871326982562,0.03360287287775608,0.041666666666666664,0.22395833333333331,-0.006897127516884523
11,11,3,2,0.125,2,2,0.0,0.0,0.0,0.35416666666666663,0.5,0.047780103720872893
11,11,3,3,0.625,3,3,0.0,0.04076871326982562,0.04076871326982562,0.03125,0.057291666666666664,-0.0018630919970887908
11,12,0,0,0.125,0,0,0.0,0.059617003622969025,0.059617003622969025,0.171875,0.296875,-0.03046659478284735
11,12,0,1,0.625,1,1,0.0,0.0,0.0,0.20833333333333331,0.34375,0.01965964148155564
11,12,0,2,0.125,1,2,1.0,0.0,0.016449076357154174,0.10416666666666664,0.27604166666666663,0.018357580509473944
11,12,0,3,0.125,3,3,0.0,0.063916171546385,0.063916171546385,0.14062499999999997,0.2708333333333333,-0.008785528027298524
11,12,1,0,0.125,0,0,0.0,0.0,0.0,0.28125,0.40104166666666663,0.03344331165703847
11,12,1,1,0.125,2,1,1.0,0.012551465240599871,0.02836151021366605,0.07291666666666666,0.23958333333333334,0.02010143497068234
11,12,1,2,0.625,0,2,1.0,0.0,0.012551465240599871,0.09895833333333331,0.24479166666666666,0.005762110406086551
11,12,1,3,0.125,2,3,1.0,0.012551465240599871,0.02140074985377008,-0.09375,0.13541666666666666,0.004488672145963575
11,12,2,0,0.625,0,0,0.0,0.012786821863289652,0.012786821863289652,0.078125,0.3020833333333333,-0.008957705770935433
11,12,2,1,0.125,1,1,0.0,0.010963283641982416,0.010963283641982416,0.4427083333333333,0.53125,0.028123617969575767
11,12,2,2,0.125,3,2,1.0,0.0,0.0042995520347216265,0.24479166666666666,0.48958333333333326,0.04054532568273422
11,12,2,3,0.125,1,3,1.0,0.010963283641982416,0.0,0.015625,0.22916666666666663,0.021812368046090564
11,12,3,0,0.125,1,1,0.0,0.01634624407003503,0.01634624407003503,-0.005208333333333343,0.45833333333333326,0.003624433889547868
11,12,3,1,0.125,3,1,1.0,0.029146016154064924,0.01634624407003503,0.02083333333333333,0.5104166666666666,0.002995503849508578
11,12,3,2,0.125,2,2,0.0,0.0,0.0,0.09375,0.35416666666666663,0.03266069052327241
11,12,3,3,0.625,3,3,0.0,0.029146016154064924,0.029146016154064924,0.3125,0.32291666666666663,0.028023691354251805
11,13,0,0,0.125,1,0,1.0,0.0,0.0400544357481758,-0.11979166666666667,0.37499999999999994,0.008337495615621082
11,13,0,1,0.625,1,1,0.0,0.0,0.0,0.35416666666666663,0.44791666666666663,0.06105466160946585
11,13,0,2,0.125,2,2,0.0,0.08516075325967719,0.08516075325967719,0.35416666666666663,0.42708333333333326,0.01608878563709792
11,13,0,3,0.125,0,0,0.0,0.0400544357481758,0.0400544357481758,0.07291666666666667,0.30208333333333326,0.007895056061886738
11,13,1,0,0.125,1,0,1.0,0.0026540288866587214,0.041967478625561355,0.046874999999999986,0.41666666666666663,0.015038719901936923
11,13,1,1,0.125,1,1,0.0,0.0026540288866587214,0.0026540288866587214,0.21354166666666666,0.296875,0.03140006877942684
11,13,1,2,0.625,2,2,0.0,0.047019857523228986,0.047019857523228986,0.32812499999999994,0.47916666666666663,0.006370264746276914
11,13,1,3,0.125,3,3,0.0,0.0,0.0,0.19270833333333331,0.3125,0.026185524430292182
11,13,2,0,0.625,2,0,1.0,0.0,0.11195637746180201,0.07291666666666666,0.1875,-0.0015731176449357608
11,13,2,1,0.125,1,1,0.0,0.001478667020007235,0.001478667020007235,0.2708333333333333,0.3958333333333333,0.03698693903077821
11,13,2,2,0.125,2,2,0.0,0.0,0.0,0.10416666666666666,0.3333333333333333,0.025907260021005674
11,13,2,3,0.125,3,3,0.0,0.08524324003880372,0.08524324003880372,0.03645833333333333,0.14583333333333331,-0.035597792873786005
11,13,3,0,0.125,0,0,0.0,0.0,0.0,0.21354166666666666,0.359375,0.03348636664801003
11,13,3,1,0.125,3,1,1.0,0.05967279915153709,0.032732360762858584,-0.21875,0.13541666666666666,-0.00956945644647227
11,13,3,2,0.125,0,2,1.0,0.0,0.0605233517832824,0.07812499999999999,0.20312499999999997,-0.017542305921259924
11,13,3,3,0.625,3,3,0.0,0.05967279915153709,0.05967279915153709,0.078125,0.08854166666666666,0.02215538124257871
11,14,0,0,0.125,0,0,0.0,0.0,0.0,0.16145833333333331,0.41145833333333326,0.017510228615026522
11,14,0,1,0.625,1,1,0.0,0.004247179834714843,0.004247179834714843,0.19270833333333331,0.44791666666666663,0.021625492404668285
11,14,0,2,0.125,2,2,0.0,0.00727490002832204,0.00727490002832204,0.22916666666666666,0.3802083333333333,9.944965386077384e-05
11,14,0,3,0.125,3,3,0.0,0.07604061691090253,0.07604061691090253,0.11979166666666666,0.27604166666666663,-0.008813199952312995
11,14,1,0,0.125,0,0,0.0,0.0,0.0,0.24999999999999997,0.390625,0.047691544548854915
11,14,1,1,0.125,3,1,1.0,0.021872664210066672,0.07780941831102124,-0.09895833333333331,0.32291666666666663,0.006603100857909311
11,14,1,2,0.625,2,2,0.0,0.06337914041152395,0.06337914041152395,0.40625,0.515625,0.013897248400085204
11,14,1,3,0.125,3,3,0.0,0.021872664210066672,0.021872664210066672,0.34895833333333326,0.38541666666666663,0.032692748121016114
11,14,2,0,0.625,3,0,1.0,0.0,0.09238291327692004,-0.03645833333333332,0.359375,0.031184090519376477
11,14,2,1,0.125,3,3,0.0,0.0,0.0,0.06249999999999999,0.16145833333333331,0.01976119401367206
11,14,2,2,0.125,1,2,1.0,0.09116620045821237,0.10637754014496838,-0.14583333333333331,0.28125,-0.009378521614558894
11,14,2,3,0.125,3,3,0.0,0.0,0.0,0.42708333333333326,0.4427083333333333,0.03646711935051977
11,14,3,0,0.125,0,0,0.0,0.0,0.0,0.09895833333333333,0.23958333333333331,0.011752231990971765
11,14,3,1,0.125,3,1,1.0,0.0871336017905932,0.03364883076601202,-0.020833333333333332,0.11458333333333334,-0.0049200640173410765
11,14,3,2,0.125,2,2,0.0,0.04791650675861382,0.04791650675861382,-0.005208333333333343,0.15625,-0.01245643918340868
11,14,3,3,0.625,0,3,1.0,0.0,0.0871336017905932,0.01041666666666667,0.08333333333333333,-0.03388920227328883
11,15,0,0,0.125,1,0,1.0,0.0,0.054214890487597964,-0.07291666666666667,0.19270833333333331,-0.01451497726786742
11,15,0,1,0.625,1,1,0.0,0.0,0.0,0.04687499999999999,0.08333333333333333,0.0022290645551363646
11,15,0,2,0.125,3,2,1.0,0.038551309449078155,0.06866243400666365,-0.010416666666666671,0.109375,-0.029259215591404302
11,15,0,3,0.125,0,3,1.0,0.054214890487597964,0.038551309449078155,-0.046875,0.05208333333333333,-0.010172058080972622
11,15,1,0,0.125,1,0,1.0,0.0006859268091052861,0.0,0.16666666666666663,0.390625,0.028273355766236536
11,15,1,1,0.125,0,0,0.0,0.0,0.0,-0.052083333333333336,0.08854166666666666,-0.008269981098959123
11,15,1,2,0.625,3,2,1.0,0.01285364242112147,0.01537028348232447,0.13541666666666666,0.23958333333333331,-0.003662045241190468
11,15,1,3,0.125,1,3,1.0,0.0006859268091052861,0.01285364242112147,-0.20312499999999997,0.16666666666666666,-0.0014066972840576677
11,15,2,0,0.625,1,0,1.0,0.0042833398885973595,0.07931570412793347,0.13020833333333331,0.3802083333333333,0.031155013565919095
11,15,2,1,0.125,1,1,0.0,0.0042833398885973595,0.0042833398885973595,0.21875,0.41666666666666663,0.04841133892868671
11,15,2,2,0.125,3,3,0.0,0.0,0.0,0.06770833333333333,0.2864583333333333,-0.0021592034439153382
11,15,2,3,0.125,3,3,0.0,0.0,0.0,0.21874999999999997,0.35416666666666663,0.0290070820075014
11,15,3,0,0.125,0,0,0.0,0.04889263945330713,0.04889263945330713,0.020833333333333325,0.14062499999999997,0.004345784426888574
11,15,3,1,0.125,3,1,1.0,0.0,0.10585334287319854,0.10416666666666666,0.21354166666666666,-0.0017284439919025467
11,15,3,2,0.125,3,3,0.0,0.0,0.0,0.15104166666666669,0.265625,-0.021412826640349967
11,15,3,3,0.625,0,3,1.0,0.04889263945330713,0.0,0.171875,0.234375,0.044688487266067854
11,16,0,0,0.125,1,0,1.0,0.0,0.09296565948735155,0.06770833333333331,0.1875,-0.0018878806680045384
11,16,0,1,0.625,1,1,0.0,0.0,0.0,0.046875,0.171875,0.0361892749508819
11,16,0,2,0.125,1,2,1.0,0.0,0.025677780810527934,0.015624999999999986,0.22916666666666666,-0.003785741424330432
11,16,0,3,0.125,2,2,0.0,0.025677780810527934,0.025677780810527934,0.08333333333333331,0.140625,-0.027999884380510837
11,16,1,0,0.125,2,0,1.0,0.0,0.04555325480318795,-0.010416666666666664,0.30729166666666663,0.01668063428791355
11,16,1,1,0.125,1,0,1.0,0.0614986616196887,0.04555325480318795,0.13020833333333331,0.21354166666666663,-0.01670517963482249
11,16,1,2,0.625,2,2,0.0,0.0,0.0,0.46874999999999994,0.578125,0.08114116106575092
11,16,1,3,0.125,0,3,1.0,0.04555325480318795,0.06545231744989544,0.005208333333333329,0.296875,0.0015661483170789645
11,16,2,0,0.625,3,0,1.0,0.018995919258937455,0.0,0.05208333333333333,0.3489583333333333,0.01789816312719648
11,16,2,1,0.125,1,1,0.0,0.03763429946470345,0.03763429946470345,0.06770833333333333,0.06770833333333333,-0.025415417096394277
11,16,2,2,0.125,3,2,1.0,0.018995919258937455,0.06369106000549768,0.03125,0.17187499999999997,-0.023032536679535056
11,16,2,3,0.125,1,3,1.0,0.03763429946470345,0.018995919258937455,-0.05729166666666667,0.18749999999999997,-0.005416073867557194
11,16,3,0,0.125,0,0,0.0,0.06389967466333327,0.06389967466333327,0.2552083333333333,0.45312499999999994,0.006386622194339708
11,16,3,1,0.125,3,1,1.0,0.0,0.04682122507636888,-0.36979166666666663,0.26041666666666663,-0.028440671524387683
11,16,3,2,0.125,2,2,0.0,0.015030992302381557,0.015030992302381557,0.203125,0.28125,0.01146486370363731
11,16,3,3,0.625,3,1,1.0,0.0,0.04682122507636888,-0.08333333333333333,0.13541666666666666,0.017362067483579
11,17,0,0,0.125,0,0,0.0,0.0287575793148115,0.0287575793148115,0.02604166666666665,0.28125,0.009956665708364162
11,17,0,1,0.625,2,1,1.0,0.0,0.004828104124991406,-0.08854166666666666,0.22916666666666666,0.01344034751884298
11,17,0,2,0.125,0,2,1.0,0.0287575793148115,0.0,-0.020833333333333343,0.46875,0.05372506957071826
11,17,0,3,0.125,1,1,0.0,0.004828104124991406,0.004828104124991406,0.22916666666666669,0.36458333333333337,-0.013109633844193629
11,17,1,0,0.125,0,0,0.0,0.024296029196481606,0.024296029196481606,0.12499999999999997,0.2708333333333333,0.014103761788615873
11,17,1,1,0.125,1,1,0.0,0.0,0.0,0.3489583333333333,0.5052083333333333,0.05202787555709378
11,17,1,2,0.625,0,0,0.0,0.024296029196481606,0.024296029196481606,0.005208333333333336,0.47916666666666663,-0.013030908349467565
11,17,1,3,0.125,3,3,0.0,0.04355415369687088,0.04355415369687088,0.26041666666666663,0.28125,0.005571051921419687
11,17,2,0,0.625,1,0,1.0,0.019948625523505042,0.022696839874428554,-0.026041666666666668,0.3020833333333333,0.0008373975873863972
11,17,2,1,0.125,1,1,0.0,0.019948625523505042,0.019948625523505042,0.234375,0.35416666666666663,0.014465214001220934
11,17,2,2,0.125,2,2,0.0,0.0,0.0,0.22916666666666666,0.359375,0.027458417108555136
11,17,2,3,0.125,3,3,0.0,0.0773405278826021,0.0773405278826021,0.375,0.3802083333333333,-0.030033659137629117
11,17,3,0,0.125,2,0,1.0,0.027540355476585912,0.013591846909058916,0.08854166666666666,0.35416666666666663,0.03923522529918275
11,17,3,1,0.125,1,1,0.0,0.0260533936255838,0.0260533936255838,-0.10416666666666667,0.29166666666666663,0.013888892972154508
11,17,3,2,0.125,2,2,0.0,0.027540355476585912,0.027540355476585912,0.14583333333333331,0.23958333333333331,-0.005892468169253363
11,17,3,3,0.625,0,2,1.0,0.013591846909058916,0.027540355476585912,-0.140625,0.22916666666666666,0.00224070851527213
11,18,0,0,0.125,0,0,0.0,0.0,0.0,0.29687499999999994,0.46875,0.02803547170925862
11,18,0,1,0.625,1,1,0.0,0.09644520286618538,0.09644520286618538,0.10416666666666666,0.265625,-0.008142551560704555
11,18,0,2,0.125,2,2,0.0,0.02951187205956793,0.02951187205956793,0.37499999999999994,0.48437499999999994,0.03204165108996868
11,18,0,3,0.125,3,3,0.0,0.0667641751749334,0.0667641751749334,0.19791666666666663,0.3125,0.0061143790672619205
11,18,1,0,0.125,0,0,0.0,0.019317461132693448,0.019317461132693448,0.11458333333333333,0.49479166666666663,0.03341202025233286
11,18,1,1,0.125,1,1,0.0,0.006813294781304907,0.006813294781304907,0.22916666666666663,0.28125,0.004070282474087949
11,18,1,2,0.625,2,2,0.0,0.0,0.0,0.26041666666666663,0.53125,0.04855611712027313
11,18,1,3,0.125,1,1,0.0,0.006813294781304907,0.006813294781304907,0.3802083333333333,0.42187499999999994,0.030230560020947785
11,18,2,0,0.625,0,0,0.0,0.0,0.0,0.19270833333333331,0.515625,0.021353155206903396
11,18,2,1,0.125,1,1,0.0,0.0658339938536908,0.0658339938536908,0.3020833333333333,0.44791666666666663,0.03766870025351577
11,18,2,2,0.125,0,2,1.0,0.0,0.05573357363713986,0.12499999999999999,0.28125,0.011564898185519609
11,18,2,3,0.125,0,3,1.0,0.0,0.059672051850488045,0.14583333333333331,0.29166666666666663,-0.011817478584040964
11,18,3,0,0.125,0,0,0.0,0.0,0.0,0.3645833333333333,0.59375,0.06536405191424131
11,18,3,1,0.125,0,1,1.0,0.0,0.14113528515898197,-0.24999999999999997,0.07291666666666666,-0.03359231530676412
11,18,3,2,0.125,0,2,1.0,0.0,0.09147672674931759,0.05208333333333333,0.390625,0.010678890946390617
11,18,3,3,0.625,0,3,1.0,0.0,0.09070548656821595,0.005208333333333333,0.16145833333333331,0.009687105699235614
11,19,0,0,0.125,2,0,1.0,0.0,0.06639299439683713,0.14583333333333331,0.47395833333333326,0.03780835442992423
11,19,0,1,0.625,0,0,0.0,0.06639299439683713,0.06639299439683713,0.19270833333333331,0.328125,0.0371951918360204
11,19,0,2,0.125,2,2,0.0,0.0,0.0,0.44270833333333326,0.5572916666666666,0.0687727499874732
11,19,0,3,0.125,1,3,1.0,0.05267459682707365,0.06005801379351741,0.19791666666666666,0.29166666666666663,0.0005910588428741786
11,19,1,0,0.125,0,0,0.0,0.013371908192521653,0.013371908192521653,0.23437499999999997,0.49479166666666663,0.05774240766841126
11,19,1,1,0.125,0,1,1.0,0.013371908192521653,0.0,0.06249999999999999,0.29166666666666663,0.04256483278117019
11,19,1,2,0.625,1,2,1.0,0.0,0.10350061180032064,0.109375,0.19791666666666666,-0.02988859196939054
11,19,1,3,0.125,0,2,1.0,0.013371908192521653,0.10350061180032064,-0.010416666666666675,0.17708333333333331,0.02222661756154474
11,19,2,0,0.625,0,0,0.0,0.0661561106090249,0.0661561106090249,0.08854166666666666,0.33854166666666663,0.0032460368088320984
11,19,2,1,0.125,1,1,0.0,0.0,0.0,0.13020833333333331,0.22916666666666663,0.02262667021975024
11,19,2,2,0.125,1,1,0.0,0.0,0.0,-0.026041666666666685,0.13020833333333331,-0.047998170543510785
11,19,2,3,0.125,1,1,0.0,0.0,0.0,0.38541666666666663,0.44270833333333326,0.011877813185017932
11,19,3,0,0.125,0,0,0.0,0.0,0.0,0.16145833333333331,0.328125,0.018609820949317683
11,19,3,1,0.125,3,1,1.0,0.005363197641139517,0.051448091618377934,-0.09375,0.43229166666666663,-0.009664640736430098
11,19,3,2,0.125,0,2,1.0,0.0,0.050207969009854775,0.010416666666666664,0.22916666666666663,-0.016544945730845664
11,19,3,3,0.625,2,3,1.0,0.050207969009854775,0.005363197641139517,-0.010416666666666668,0.29166666666666663,0.02062501571223033
11,20,0,0,0.125,0,0,0.0,0.008321316773369947,0.008321316773369947,0.036458333333333315,0.390625,0.022444335173108437
11,20,0,1,0.625,3,1,1.0,0.0,0.046704869879573535,-0.026041666666666678,0.27083333333333326,-0.0005513444189926279
11,20,0,2,0.125,2,2,0.0,0.09860343446229435,0.09860343446229435,0.14583333333333331,0.30729166666666663,-0.004492723301499933
11,20,0,3,0.125,0,3,1.0,0.008321316773369947,0.0,0.296875,0.4114583333333333,0.018737756492909208
11,20,1,0,0.125,0,0,0.0,0.0,0.0,0.1875,0.421875,0.03567075978841649
11,20,1,1,0.125,3,1,1.0,0.09497731240738619,0.07762596866857802,-0.02083333333333333,0.44791666666666663,-0.003205917155347287
11,20,1,2,0.625,0,2,1.0,0.0,0.09780675197177595,-0.04687499999999999,0.18749999999999997,-0.010177215810168855
11,20,1,3,0.125,3,3,0.0,0.09497731240738619,0.09497731240738619,0.53125,0.53125,0.01801305596450515
11,20,2,0,0.625,2,0,1.0,0.004013901378918702,0.0,0.078125,0.265625,0.008429386057223506
11,20,2,1,0.125,1,1,0.0,0.0032082385279836867,0.0032082385279836867,0.38541666666666663,0.546875,0.03860519405959503
11,20,2,2,0.125,2,2,0.0,0.004013901378918702,0.004013901378918702,0.11458333333333333,0.3802083333333333,0.0046161023124258686
11,20,2,3,0.125,3,3,0.0,0.007241222417896279,0.007241222417896279,0.15625,0.27604166666666663,0.022102203626736868
11,20,3,0,0.125,0,0,0.0,0.0,0.0,0.3125,0.453125,0.0654174111486572
11,20,3,1,0.125,0,1,1.0,0.0,0.08290183581344697,0.125,0.38020833333333326,0.034401570891372926
11,20,3,2,0.125,3,2,1.0,0.07469836377982585,0.09357191366853164,0.140625,0.29166666666666663,-0.005497788013369781
11,20,3,3,0.625,0,3,1.0,0.0,0.07469836377982585,-0.046875,0.3177083333333333,0.008731178746485877
11,21,0,0,0.125,0,0,0.0,0.0,0.0,0.11979166666666666,0.21354166666666663,0.028445750651716457
11,21,0,1,0.625,1,1,0.0,0.04694883907410709,0.04694883907410709,0.32291666666666663,0.35416666666666663,0.019193904515598704
11,21,0,2,0.125,0,2,1.0,0.0,0.08809554778388518,0.10416666666666666,0.21354166666666666,-0.02687067632549343
11,21,0,3,0.125,1,1,0.0,0.04694883907410709,0.04694883907410709,0.03645833333333333,0.14583333333333331,0.01871814086671298
11,21,1,0,0.125,0,0,0.0,0.0,0.0,0.17708333333333331,0.33854166666666663,0.044132013519688006
11,21,1,1,0.125,1,1,0.0,0.012260891179979055,0.012260891179979055,0.140625,0.25,0.033125035715738126
11,21,1,2,0.625,1,0,1.0,0.012260891179979055,0.0,0.078125,0.13541666666666666,-0.012903580001105273
11,21,1,3,0.125,0,1,1.0,0.0,0.012260891179979055,0.0,0.1875,-0.0037497880115263046
11,21,2,0,0.625,3,0,1.0,0.0,0.07418258448857361,0.17187499999999997,0.36458333333333326,0.02130163666519902
11,21,2,1,0.125,2,2,0.0,0.04420658846922976,0.04420658846922976,0.2552083333333333,0.33854166666666663,0.009070878827486745
11,21,2,2,0.125,2,2,0.0,0.04420658846922976,0.04420658846922976,0.26041666666666663,0.546875,0.04586209608951068
11,21,2,3,0.125,2,3,1.0,0.04420658846922976,0.0,-0.05208333333333333,0.17708333333333331,0.04036619128806409
11,21,3,0,0.125,2,0,1.0,0.0062785519733732365,0.032321582188821904,0.18229166666666666,0.3645833333333333,0.030807423518420564
11,21,3,1,0.125,1,1,0.0,0.0,0.0,0.11979166666666666,0.3645833333333333,0.041402265369002614
11,21,3,2,0.125,1,2,1.0,0.0,0.0062785519733732365,0.140625,0.43229166666666663,-0.0010976264168736755
11,21,3,3,0.625,3,3,0.0,0.023423207713489644,0.023423207713489644,0.17708333333333331,0.27604166666666663,0.011144707179976695
11,22,0,0,0.125,0,0,0.0,0.0,0.0,0.1875,0.38020833333333326,0.01510401171874648
11,22,0,1,0.625,0,1,1.0,0.0,0.04698662593543715,-0.20833333333333334,0.11979166666666666,0.00028589026224552354
11,22,0,2,0.125,2,2,0.0,0.03207198756925016,0.03207198756925016,0.18229166666666663,0.3489583333333333,0.015120038125126389
11,22,0,3,0.125,0,3,1.0,0.0,0.02004608439882244,0.041666666666666664,0.25,-0.001953139862340011
11,22,1,0,0.125,2,0,1.0,0.0,0.009948578372263817,0.015624999999999993,0.32291666666666663,0.010332054087199397
11,22,1,1,0.125,1,1,0.0,0.02330125720989995,0.02330125720989995,0.14583333333333331,0.32291666666666663,-0.008036210657862853
11,22,1,2,0.625,2,2,0.0,0.0,0.0,0.32291666666666663,0.38541666666666663,0.024699439342900736
11,22,1,3,0.125,0,3,1.0,0.009948578372263817,0.04151350318396889,0.17708333333333331,0.2552083333333333,-0.022810563193889428
11,22,2,0,0.625,0,0,0.0,0.018127371520060387,0.018127371520060387,0.06770833333333333,0.140625,-0.008315752681888411
11,22,2,1,0.125,1,1,0.0,0.0,0.0,0.34375,0.4583333333333333,0.028219663475946434
11,22,2,2,0.125,2,2,0.0,0.011521883670313482,0.011521883670313482,0.03645833333333333,0.23958333333333331,-0.01882978728636754
11,22,2,3,0.125,1,3,1.0,0.0,0.03429283505583161,-0.026041666666666664,0.13020833333333331,0.007000461665237088
11,22,3,0,0.125,0,0,0.0,0.04466233979751348,0.04466233979751348,0.3645833333333333,0.5208333333333334,0.028078840106568994
11,22,3,1,0.125,1,1,0.0,0.00603118192504698,0.00603118192504698,0.13541666666666666,0.40104166666666663,0.027586551839517415
11,22,3,2,0.125,0,2,1.0,0.04466233979751348,0.048214814827968355,0.16145833333333331,0.29166666666666663,0.01137426035758438
11,22,3,3,0.625,3,3,0.0,0.0,0.0,0.1458333333333333,0.27604166666666663,0.044175913125021136
11,23,0,0,0.125,0,0,0.0,0.09450233934996369,0.09450233934996369,0.16666666666666666,0.34375,-0.021695256874146276
11,23,0,1,0.625,3,1,1.0,0.048363313118449436,0.0,0.16145833333333331,0.19791666666666663,0.03616218755220407
11,23,0,2,0.125,1,2,1.0,0.0,0.13340957444800186,-0.015625000000000007,0.17708333333333331,-0.028430928417038617
11,23,0,3,0.125,1,3,1.0,0.0,0.048363313118449436,0.16666666666666666,0.20833333333333331,0.027745157690105347
11,23,1,0,0.125,1,0,1.0,0.0,0.03210548851828082,0.15104166666666663,0.34375,0.033192546568898244
11,23,1,1,0.125,1,1,0.0,0.0,0.0,0.08854166666666666,0.265625,0.02603346249660106
11,23,1,2,0.625,1,2,1.0,0.0,0.12164013725924326,0.010416666666666657,0.32291666666666663,-0.012274971294136383
11,23,1,3,0.125,3,3,0.0,0.05706158269436598,0.05706158269436598,0.34374999999999994,0.38541666666666663,0.00021800521581252365
11,23,2,0,0.625,0,0,0.0,0.0,0.0,0.026041666666666657,0.40104166666666663,0.0405009080800455
11,23,2,1,0.125,1,1,0.0,0.027244057739679778,0.027244057739679778,0.14583333333333331,0.2864583333333333,0.01591792568684249
11,23,2,2,0.125,0,2,1.0,0.0,0.006814698262422619,0.08854166666666666,0.35416666666666663,0.02246397692945254
11,23,2,3,0.125,0,3,1.0,0.0,0.05441967630086354,-0.18229166666666666,0.24479166666666666,-0.0012802668011266843
11,23,3,0,0.125,2,0,1.0,0.03207583838743741,0.04361907260425961,0.20312499999999997,0.6666666666666666,0.004904989130434467
11,23,3,1,0.125,3,3,0.0,0.0,0.0,0.11458333333333333,0.18229166666666666,-0.01738152262598484
11,23,3,2,0.125,2,2,0.0,0.03207583838743741,0.03207583838743741,0.375,0.46874999999999994,0.05089518531251062
11,23,3,3,0.625,3,3,0.0,0.0,0.0,0.2552083333333333,0.328125,0.047688406746460264
11,24,0,0,0.125,0,0,0.0,0.016430602567191366,0.016430602567191366,0.11979166666666666,0.37499999999999994,0.03466366045799107
11,24,0,1,0.625,1,1,0.0,0.0327753985122093,0.0327753985122093,0.29166666666666663,0.40625,0.011810487642726594
11,24,0,2,0.125,2,2,0.0,0.005403642157079475,0.005403642157079475,0.16145833333333331,0.375,0.02463050426787559
11,24,0,3,0.125,1,3,1.0,0.0327753985122093,0.0,0.203125,0.3125,0.013642092811155358
11,24,1,0,0.125,0,0,0.0,0.05355030793621535,0.05355030793621535,0.125,0.5833333333333333,0.013252246745414264
11,24,1,1,0.125,1,1,0.0,0.0,0.0,0.22916666666666663,0.3645833333333333,0.049150028297616756
11,24,1,2,0.625,3,2,1.0,0.07688294427495314,0.08536314437427162,-0.015625000000000007,0.30729166666666663,-0.0045843559838526105
11,24,1,3,0.125,0,1,1.0,0.05355030793621535,0.0,0.20833333333333331,0.35416666666666663,0.007174419126218947
11,24,2,0,0.625,1,0,1.0,0.04019422516397289,0.034039443234769484,0.10937499999999999,0.4375,0.023770403489596477
11,24,2,1,0.125,3,1,1.0,0.0,0.04019422516397289,0.08854166666666666,0.19270833333333331,0.012972899559427948
11,24,2,2,0.125,1,2,1.0,0.04019422516397289,0.05820079364823491,0.10937499999999999,0.32291666666666663,0.011065005850050342
11,24,2,3,0.125,3,3,0.0,0.0,0.0,0.2708333333333333,0.30729166666666663,0.029241736435812408
11,24,3,0,0.125,3,0,1.0,0.0006235238923520403,0.0,0.11458333333333331,0.375,0.01238717977306928
11,24,3,1,0.125,1,1,0.0,0.03687852837653523,0.03687852837653523,0.33854166666666663,0.46874999999999994,0.00592992769861952
11,24,3,2,0.125,3,2,1.0,0.0006235238923520403,0.013489646161598465,0.14062499999999997,0.47395833333333326,0.0225332055037312
11,24,3,3,0.625,0,3,1.0,0.0,0.0006235238923520403,-0.05208333333333333,0.2552083333333333,0.026867247363921983
11,25,0,0,0.125,0,0,0.0,0.0,0.0,0.22916666666666666,0.42187499999999994,0.06748010251849448
11,25,0,1,0.625,3,0,1.0,0.024364267854004223,0.0,-0.23958333333333331,0.057291666666666664,0.0023721625693815095
11,25,0,2,0.125,2,2,0.0,0.04151143849522575,0.04151143849522575,0.17187499999999997,0.328125,0.008863683252423666
11,25,0,3,0.125,0,1,1.0,0.0,0.04992542974078597,0.041666666666666664,0.15624999999999997,0.012508399394285425
11,25,1,0,0.125,1,0,1.0,0.0,0.0970179905788509,0.06770833333333334,0.3489583333333333,0.029723079835394708
11,25,1,1,0.125,3,1,1.0,0.043806939839632825,0.0,-0.11458333333333333,0.3645833333333333,0.04512230572990187
11,25,1,2,0.625,1,2,1.0,0.0,0.05746465294568415,0.1875,0.4583333333333333,0.018981709326482438
11,25,1,3,0.125,3,3,0.0,0.043806939839632825,0.043806939839632825,0.07291666666666666,0.23437499999999997,0.03455228769224967
11,25,2,0,0.625,0,0,0.0,0.0,0.0,0.18749999999999997,0.5260416666666666,0.06198036820427862
11,25,2,1,0.125,1,0,1.0,0.11687435611284097,0.0,0.13020833333333331,0.14062499999999997,-0.020635686890934084
11,25,2,2,0.125,2,2,0.0,0.13267174401252502,0.13267174401252502,0.32812499999999994,0.36979166666666663,0.006298362136985248
11,25,2,3,0.125,1,2,1.0,0.11687435611284097,0.13267174401252502,-0.09895833333333334,0.08854166666666666,-0.00789460880832731
11,25,3,0,0.125,2,0,1.0,0.005392350043847721,0.05447899025535402,0.05729166666666667,0.12499999999999997,-0.017169292762997588
11,25,3,1,0.125,3,1,1.0,0.006446981139903496,0.0,0.09375,0.265625,0.03033851923938581
11,25,3,2,0.125,2,2,0.0,0.005392350043847721,0.005392350043847721,0.15624999999999997,0.2552083333333333,0.027964521284302987
11,25,3,3,0.625,1,3,1.0,0.0,0.006446981139903496,0.0,0.09374999999999999,0.007159908908571781
11,26,0,0,0.125,0,0,0.0,0.058651582999354135,0.058651582999354135,0.125,0.265625,0.023347257486090546
11,26,0,1,0.625,3,1,1.0,0.0,0.09273673295847079,-0.046875,0.421875,-0.009572126319759513
11,26,0,2,0.125,1,2,1.0,0.09273673295847079,0.07628886601877459,-0.020833333333333336,0.29166666666666663,-0.001242203572766755
11,26,0,3,0.125,3,3,0.0,0.0,0.0,0.375,0.421875,0.06964408603926804
11,26,1,0,0.125,0,0,0.0,0.0,0.0,0.12499999999999999,0.5729166666666666,0.048598945452219565
11,26,1,1,0.125,0,1,1.0,0.0,0.11319839220416762,0.09895833333333334,0.265625,0.002091365201930175
11,26,1,2,0.625,2,2,0.0,0.0864880946060965,0.0864880946060965,0.28125,0.5416666666666666,0.03148351334229128
11,26,1,3,0.125,0,0,0.0,0.0,0.0,0.24479166666666663,0.26041666666666663,0.03456275689225672
11,26,2,0,0.625,2,0,1.0,0.0,0.03886065943658604,-0.0625,0.22395833333333331,0.007337733909846794
11,26,2,1,0.125,2,1,1.0,0.0,0.029115806190544657,0.04166666666666666,0.16145833333333331,0.01146309570630838
11,26,2,2,0.125,0,2,1.0,0.03886065943658604,0.0,0.057291666666666664,0.3489583333333333,0.022504447157200427
11,26,2,3,0.125,3,3,0.0,0.09645546674327428,0.09645546674327428,0.4114583333333333,0.453125,-0.04810127296321584
11,26,3,0,0.125,0,0,0.0,0.0,0.0,0.05729166666666665,0.375,0.049424714874055656
11,26,3,1,0.125,0,0,0.0,0.0,0.0,0.015625,0.234375,-0.004435300635162867
11,26,3,2,0.125,1,2,1.0,0.05039623143380928,0.014076094018655436,0.02604166666666666,0.390625,0.037672573653839615
11,26,3,3,0.625,0,3,1.0,0.0,0.01198445419373835,0.005208333333333332,0.16666666666666663,0.012192264183385784
11,27,0,0,0.125,1,0,1.0,0.0,0.05352243563129351,-0.125,0.33854166666666663,0.005393060657497002
11,27,0,1,0.625,3,1,1.0,0.04175802125306369,0.0,-0.15104166666666669,0.19270833333333331,0.006477382287305927
11,27,0,2,0.125,1,2,1.0,0.0,0.01916025530739557,0.07291666666666666,0.328125,0.005763954070429761
11,27,0,3,0.125,0,3,1.0,0.05352243563129351,0.04175802125306369,0.015625,0.15624999999999997,0.03751588749716205
11,27,1,0,0.125,0,0,0.0,0.0,0.0,0.36458333333333326,0.484375,0.0799418064440393
11,27,1,1,0.125,3,1,1.0,0.055531723242921105,0.08506464884359771,0.15624999999999997,0.21354166666666663,-0.021455351279425112
11,27,1,2,0.625,0,2,1.0,0.0,0.10044160912850539,0.11979166666666666,0.3125,0.01705597884113632
11,27,1,3,0.125,1,1,0.0,0.08506464884359771,0.08506464884359771,0.2864583333333333,0.328125,-0.00025706715855149364
11,27,2,0,0.625,0,0,0.0,0.010503214522731064,0.010503214522731064,0.09895833333333334,0.22395833333333331,0.010345569235363304
11,27,2,1,0.125,1,1,0.0,0.0,0.0,0.16666666666666666,0.22395833333333331,0.0075049799782911444
11,27,2,2,0.125,2,2,0.0,0.0032800702791239422,0.0032800702791239422,0.08854166666666666,0.3333333333333333,0.014556441664830649
11,27,2,3,0.125,1,3,1.0,0.0,0.07272414252696653,0.125,0.1875,0.006027202682355309
11,27,3,0,0.125,0,0,0.0,0.06059690734709404,0.06059690734709404,0.15104166666666666,0.296875,0.011466774669339382
11,27,3,1,0.125,1,1,0.0,0.0073286796121393855,0.0073286796121393855,0.24479166666666663,0.41666666666666663,0.0003220205933671422
11,27,3,2,0.125,2,2,0.0,0.004261399314038322,0.004261399314038322,0.18229166666666666,0.28125,0.015350702364841847
11,27,3,3,0.625,1,3,1.0,0.0073286796121393855,0.0,-0.005208333333333336,0.15104166666666666,0.016365428469919407
