group,seed,state,client,weight,choice_committed,choice_curated,flip,regret_committed,regret_curated,credit_committed,credit_curated,credit_target
0,8,0,0,0.625,0,0,0.0,0.0012019230769230171,0.0012019230769230171,0.0,0.0,-0.00030048076923076925
0,8,0,1,0.125,0,0,0.0,0.0012019230769230171,0.0012019230769230171,0.0,0.0,0.00030048076923076925
0,8,0,2,0.125,0,0,0.0,0.0012019230769230171,0.0012019230769230171,0.0,0.0,-0.00030048076923076925
0,8,0,3,0.125,0,0,0.0,0.0012019230769230171,0.0012019230769230171,0.0,0.0,0.00030048076923076925
0,8,1,0,0.125,0,0,0.0,0.02291874327954635,0.02291874327954635,0.0,0.0,-0.006255655431837726
0,8,1,1,0.125,3,1,1.0,0.0,0.002776244567657904,0.005208333333333335,0.015625,0.0044194109892570195
0,8,1,2,0.125,0,0,0.0,0.02291874327954635,0.02291874327954635,0.03125,0.03125,-0.007829512959295955
0,8,1,3,0.625,3,3,0.0,0.0,0.0,0.020833333333333332,0.020833333333333332,0.005545146357963514
0,8,2,0,0.125,0,0,0.0,0.0,0.0,0.0,0.0,0.0
0,8,2,1,0.125,0,0,0.0,0.0,0.0,0.0,0.0,0.0
0,8,2,2,0.625,0,0,0.0,0.0,0.0,0.0,0.0,0.0
0,8,2,3,0.125,0,0,0.0,0.0,0.0,0.0,0.0,0.0
0,8,3,0,0.125,0,0,0.0,0.022517772655231916,0.022517772655231916,0.0,0.0,-0.007473494539659266
0,8,3,1,0.625,3,1,1.0,0.0,0.007131093358120788,-0.010416666666666666,0.0,0.0014661744507804397
0,8,3,2,0.125,0,0,0.0,0.022517772655231916,0.022517772655231916,0.036458333333333336,0.036458333333333336,-0.009661146609769066
0,8,3,3,0.125,3,3,0.0,0.0,0.0,0.020833333333333332,0.020833333333333332,0.004403255584975707
0,9,0,0,0.625,0,0,0.0,0.0012019230769230171,0.0012019230769230171,0.0,0.0,-0.00020032051282051281
0,9,0,1,0.125,0,0,0.0,0.0012019230769230171,0.0012019230769230171,0.0,0.0,0.0
0,9,0,2,0.125,0,0,0.0,0.0012019230769230171,0.0012019230769230171,0.0,0.0,-0.00020032051282051281
0,9,0,3,0.125,0,0,0.0,0.0012019230769230171,0.0012019230769230171,0.0,0.0,0.00040064102564102563
0,9,1,0,0.125,0,0,0.0,0.022697112073872594,0.022697112073872594,0.0,0.0,-0.004700063683163717
0,9,1,1,0.125,3,3,0.0,0.0,0.0,-0.010416666666666666,0.0,0.0010239622434872412
0,9,1,2,0.125,0,0,0.0,0.022697112073872594,0.022697112073872594,0.015625,0.015625,-0.00635930372428315
0,9,1,3,0.625,3,3,0.0,0.0,0.0,0.015625,0.015625,0.0059147941200464755
0,9,2,0,0.125,0,0,0.0,0.0,0.0,0.0,0.0,0.0
0,9,2,1,0.125,0,0,0.0,0.0,0.0,0.0,0.0,0.0
0,9,2,2,0.625,0,0,0.0,0.0,0.0,0.0,0.0,0.0
0,9,2,3,0.125,0,0,0.0,0.0,0.0,0.0,0.0,0.0
0,9,3,0,0.125,0,0,0.0,0.019671432817154777,0.019671432817154777,0.0,0.0,-0.004995235317778013
0,9,3,1,0.625,3,1,1.0,0.0,0.003532340426469549,0.010416666666666668,0.015625,0.003233295411549217
0,9,3,2,0.125,0,0,0.0,0.019671432817154777,0.019671432817154777,0.020833333333333332,0.020833333333333332,-0.006769413358056756
0,9,3,3,0.125,0,0,0.0,0.019671432817154777,0.019671432817154777,0.0,0.0,0.0044107422203724005
0,10,0,0,0.625,0,0,0.0,0.0012019230769230171,0.0012019230769230171,0.0,0.0,-0.00020032051282051281
0,10,0,1,0.125,0,0,0.0,0.0012019230769230171,0.0012019230769230171,0.0,0.0,0.0
0,10,0,2,0.125,0,0,0.0,0.0012019230769230171,0.0012019230769230171,0.0,0.0,-0.00020032051282051281
0,10,0,3,0.125,0,0,0.0,0.0012019230769230171,0.0012019230769230171,0.0,0.0,0.00040064102564102563
0,10,1,0,0.125,0,0,0.0,0.016528831619710194,0.016528831619710194,0.0,0.0,-0.0039911560861236135
0,10,1,1,0.125,3,3,0.0,0.0,0.0,0.0,0.0,0.0035087915083542648
0,10,1,2,0.125,0,0,0.0,0.016528831619710194,0.016528831619710194,0.015625,0.015625,-0.004645234096759002
0,10,1,3,0.625,0,0,0.0,0.016528831619710194,0.016528831619710194,0.0,0.0,0.004367287719545265
0,10,2,0,0.125,0,0,0.0,0.0,0.0,0.0,0.0,0.0
0,10,2,1,0.125,0,0,0.0,0.0,0.0,0.0,0.0,0.0
0,10,2,2,0.625,0,0,0.0,0.0,0.0,0.0,0.0,0.0
0,10,2,3,0.125,0,0,0.0,0.0,0.0,0.0,0.0,0.0
0,10,3,0,0.125,0,0,0.0,0.022544157322574088,0.022544157322574088,0.0,0.0,-0.0076532753326267735
0,10,3,1,0.625,3,1,1.0,0.0,0.003993320916633625,0.005208333333333335,0.015625,0.00189561077537314
0,10,3,2,0.125,0,0,0.0,0.022544157322574088,0.022544157322574088,0.036458333333333336,0.036458333333333336,-0.00978718287490668
0,10,3,3,0.125,3,3,0.0,0.0,0.0,0.020833333333333332,0.020833333333333332,0.003987088275226544
0,11,0,0,0.625,0,0,0.0,0.0012019230769230171,0.0012019230769230171,0.0,0.0,-0.00010016025641025641
0,11,0,1,0.125,0,0,0.0,0.0012019230769230171,0.0012019230769230171,0.0,0.0,-0.00010016025641025641
0,11,0,2,0.125,0,0,0.0,0.0012019230769230171,0.0012019230769230171,0.0,0.0,-0.00010016025641025641
0,11,0,3,0.125,0,0,0.0,0.0012019230769230171,0.0012019230769230171,0.0,0.0,0.00030048076923076925
0,11,1,0,0.125,0,0,0.0,0.018302820532924535,0.018302820532924535,0.0,0.0,-0.004913662563177569
0,11,1,1,0.125,1,1,0.0,0.002411744015255124,0.002411744015255124,0.015625,0.015625,0.0033384887254845055
0,11,1,2,0.125,0,0,0.0,0.018302820532924535,0.018302820532924535,0.020833333333333332,0.020833333333333332,-0.006687840603456312
0,11,1,3,0.625,0,0,0.0,0.018302820532924535,0.018302820532924535,0.0,0.0,0.004142403397236223
0,11,2,0,0.125,0,0,0.0,0.0,0.0,0.0,0.0,0.0
0,11,2,1,0.125,0,0,0.0,0.0,0.0,0.0,0.0,0.0
0,11,2,2,0.625,0,0,0.0,0.0,0.0,0.0,0.0,0.0
0,11,2,3,0.125,0,0,0.0,0.0,0.0,0.0,0.0,0.0
0,11,3,0,0.125,0,0,0.0,0.022139076359586896,0.022139076359586896,0.0,0.0,-0.006192601713916849
0,11,3,1,0.625,3,1,1.0,0.0,0.005610244739876702,0.010416666666666668,0.015625,0.002905248752695658
0,11,3,2,0.125,0,0,0.0,0.022139076359586896,0.022139076359586896,0.026041666666666664,0.026041666666666664,-0.0077224127065498565
0,11,3,3,0.125,3,3,0.0,0.0,0.0,0.020833333333333332,0.020833333333333332,0.005102369337972252
0,12,0,0,0.625,0,0,0.0,0.0012019230769230171,0.0012019230769230171,0.0,0.0,-0.00030048076923076925
0,12,0,1,0.125,0,0,0.0,0.0012019230769230171,0.0012019230769230171,0.0,0.0,0.00030048076923076925
0,12,0,2,0.125,0,0,0.0,0.0012019230769230171,0.0012019230769230171,0.0,0.0,-0.00030048076923076925
0,12,0,3,0.125,0,0,0.0,0.0012019230769230171,0.0012019230769230171,0.0,0.0,0.00030048076923076925
0,12,1,0,0.125,0,0,0.0,0.019504743609847663,0.019504743609847663,0.0,0.0,-0.0040544515228645
0,12,1,1,0.125,3,3,0.0,0.0,0.0,0.0,0.0,0.0034670181101808715
0,12,1,2,0.125,0,0,0.0,0.019504743609847663,0.019504743609847663,0.015625,0.015625,-0.004708529533499888
0,12,1,3,0.625,0,0,0.0,0.019504743609847663,0.019504743609847663,0.0,0.0,0.005295962946183515
0,12,2,0,0.125,0,0,0.0,0.0,0.0,0.0,0.0,0.0
0,12,2,1,0.125,0,0,0.0,0.0,0.0,0.0,0.0,0.0
0,12,2,2,0.625,0,0,0.0,0.0,0.0,0.0,0.0,0.0
0,12,2,3,0.125,0,0,0.0,0.0,0.0,0.0,0.0,0.0
0,12,3,0,0.125,0,0,0.0,0.021297653818375784,0.021297653818375784,0.0,0.0,-0.004951789738197456
0,12,3,1,0.625,3,1,1.0,0.0,0.0073061293838780905,0.010416666666666668,0.015625,0.0025608850057338775
0,12,3,2,0.125,0,0,0.0,0.021297653818375784,0.021297653818375784,0.015625,0.015625,-0.006725967778476198
0,12,3,3,0.125,0,0,0.0,0.021297653818375784,0.021297653818375784,0.0,0.0,0.004996261467026625
0,13,0,0,0.625,0,0,0.0,0.0012019230769230171,0.0012019230769230171,0.0,0.0,-0.00010016025641025641
0,13,0,1,0.125,0,0,0.0,0.0012019230769230171,0.0012019230769230171,0.0,0.0,-0.00010016025641025641
0,13,0,2,0.125,0,0,0.0,0.0012019230769230171,0.0012019230769230171,0.0,0.0,-0.00010016025641025641
0,13,0,3,0.125,0,0,0.0,0.0012019230769230171,0.0012019230769230171,0.0,0.0,0.00030048076923076925
0,13,1,0,0.125,0,0,0.0,0.01589107651766941,0.01589107651766941,0.0,0.0,-0.003530527281053364
0,13,1,1,0.125,3,3,0.0,0.0,0.0,0.0,0.0,0.0014128230852600357
0,13,1,2,0.125,0,0,0.0,0.01589107651766941,0.01589107651766941,0.005208333333333333,0.005208333333333333,-0.004184605291688752
0,13,1,3,0.625,0,0,0.0,0.01589107651766941,0.01589107651766941,0.0,0.0,0.004340075455575917
0,13,2,0,0.125,0,0,0.0,0.0,0.0,0.0,0.0,0.0
0,13,2,1,0.125,0,0,0.0,0.0,0.0,0.0,0.0,0.0
0,13,2,2,0.625,0,0,0.0,0.0,0.0,0.0,0.0,0.0
0,13,2,3,0.125,0,0,0.0,0.0,0.0,0.0,0.0,0.0
0,13,3,0,0.125,0,0,0.0,0.030163942471370997,0.030163942471370997,0.0,0.0,-0.008922566224829322
0,13,3,1,0.625,3,3,0.0,0.0,0.0,0.020833333333333336,0.03125,0.0032959889936632477
0,13,3,2,0.125,0,0,0.0,0.030163942471370997,0.030163942471370997,0.057291666666666664,0.057291666666666664,-0.012857824568145871
0,13,3,3,0.125,1,1,0.0,0.007531396513200894,0.007531396513200894,0.015625,0.015625,0.006207095523704537
0,14,0,0,0.625,0,0,0.0,0.001962234031905985,0.001962234031905985,0.0,0.0,-0.0002636797590691033
0,14,0,1,0.125,0,0,0.0,0.001962234031905985,0.001962234031905985,0.0,0.0,-6.33592462485905e-05
0,14,0,2,0.125,0,0,0.0,0.001962234031905985,0.001962234031905985,0.0,0.0,-0.0002636797590691033
0,14,0,3,0.125,0,0,0.0,0.001962234031905985,0.001962234031905985,0.0,0.0,0.0005907187643867972
0,14,1,0,0.125,0,0,0.0,0.020873355894077905,0.020873355894077905,0.0,0.0,-0.004931719057615412
0,14,1,1,0.125,3,1,1.0,0.0,0.006698381702266887,0.010416666666666668,0.015625,0.002642105605420386
0,14,1,2,0.125,0,0,0.0,0.020873355894077905,0.020873355894077905,0.020833333333333332,0.020833333333333332,-0.0067058970978941534
0,14,1,3,0.625,0,0,0.0,0.020873355894077905,0.020873355894077905,0.0,0.0,0.0048748995061760276
0,14,2,0,0.125,0,0,0.0,0.0,0.0,0.0,0.0,0.0
0,14,2,1,0.125,0,0,0.0,0.0,0.0,0.0,0.0,0.0
0,14,2,2,0.625,0,0,0.0,0.0,0.0,0.0,0.0,0.0
0,14,2,3,0.125,0,0,0.0,0.0,0.0,0.0,0.0,0.0
0,14,3,0,0.125,0,0,0.0,0.02330881420153219,0.02330881420153219,0.0,0.0,-0.008953644735498872
0,14,3,1,0.625,3,1,1.0,0.0004520748902397953,0.0,0.010416666666666668,0.015625,0.0033269164968121956
0,14,3,2,0.125,0,0,0.0,0.02330881420153219,0.02330881420153219,0.046875,0.046875,-0.012126996012465845
0,14,3,3,0.125,1,1,0.0,0.0,0.0,0.015625,0.015625,0.003576865892373294
0,15,0,0,0.625,0,0,0.0,0.0012019230769230171,0.0012019230769230171,0.0,0.0,-0.00030048076923076925
0,15,0,1,0.125,0,0,0.0,0.0012019230769230171,0.0012019230769230171,0.0,0.0,0.00030048076923076925
0,15,0,2,0.125,0,0,0.0,0.0012019230769230171,0.0012019230769230171,0.0,0.0,-0.00030048076923076925
0,15,0,3,0.125,0,0,0.0,0.0012019230769230171,0.0012019230769230171,0.0,0.0,0.00030048076923076925
0,15,1,0,0.125,0,0,0.0,0.020904201865344474,0.020904201865344474,0.0,0.0,-0.004291567582727321
0,15,1,1,0.125,3,1,1.0,0.0,0.006977243546549272,0.010416666666666668,0.015625,0.0031995851226365194
0,15,1,2,0.125,0,0,0.0,0.020904201865344474,0.020904201865344474,0.020833333333333332,0.020833333333333332,-0.004945645593362708
0,15,1,3,0.625,3,3,0.0,0.0,0.0,0.015625,0.015625,0.005525332971486295
0,15,2,0,0.125,0,0,0.0,0.0,0.0,0.0,0.0,0.0
0,15,2,1,0.125,0,0,0.0,0.0,0.0,0.0,0.0,0.0
0,15,2,2,0.625,0,0,0.0,0.0,0.0,0.0,0.0,0.0
0,15,2,3,0.125,0,0,0.0,0.0,0.0,0.0,0.0,0.0
0,15,3,0,0.125,0,0,0.0,0.02158970989314213,0.02158970989314213,0.0,0.0,-0.005377639548758981
0,15,3,1,0.625,3,3,0.0,0.0,0.0,-0.005208333333333333,0.0,0.0016803745934668448
0,15,3,2,0.125,0,0,0.0,0.02158970989314213,0.02158970989314213,0.015625,0.015625,-0.007078215568714392
0,15,3,3,0.125,3,3,0.0,0.0,0.0,0.015625,0.015625,0.004868084194207731
0,16,0,0,0.625,0,0,0.0,0.0012019230769230171,0.0012019230769230171,0.0,0.0,-0.00030048076923076925
0,16,0,1,0.125,0,0,0.0,0.0012019230769230171,0.0012019230769230171,0.0,0.0,0.00030048076923076925
0,16,0,2,0.125,0,0,0.0,0.0012019230769230171,0.0012019230769230171,0.0,0.0,-0.00030048076923076925
0,16,0,3,0.125,0,0,0.0,0.0012019230769230171,0.0012019230769230171,0.0,0.0,0.00030048076923076925
0,16,1,0,0.125,0,0,0.0,0.02365757853222894,0.02365757853222894,0.0,0.0,-0.007296974238093567
0,16,1,1,0.125,3,1,1.0,0.0,0.007766502014559529,-0.005208333333333331,0.015625,0.0020477180131491042
0,16,1,2,0.125,0,0,0.0,0.02365757853222894,0.02365757853222894,0.03645833333333333,0.03645833333333333,-0.008069125259073627
0,16,1,3,0.625,3,3,0.0,0.0,0.0,0.020833333333333332,0.020833333333333332,0.005638579037300984
0,16,2,0,0.125,0,0,0.0,0.0012019230769230171,0.0012019230769230171,0.0,0.0,-0.00010016025641025641
0,16,2,1,0.125,0,0,0.0,0.0012019230769230171,0.0012019230769230171,0.0,0.0,-0.00010016025641025641
0,16,2,2,0.625,0,0,0.0,0.0012019230769230171,0.0012019230769230171,0.0,0.0,-0.00010016025641025641
0,16,2,3,0.125,0,0,0.0,0.0012019230769230171,0.0012019230769230171,0.0,0.0,0.00030048076923076925
0,16,3,0,0.125,0,0,0.0,0.02805518723066769,0.02805518723066769,0.0,0.0,-0.008913585712018933
0,16,3,1,0.625,3,3,0.0,0.0,0.0,0.031249999999999997,0.036458333333333336,0.0031795166953255388
0,16,3,2,0.125,0,0,0.0,0.02805518723066769,0.02805518723066769,0.08333333333333333,0.08333333333333333,-0.013155264125976313
0,16,3,3,0.125,1,1,0.0,0.005342921884742502,0.005342921884742502,0.015625,0.015625,0.004960490656906355
0,17,0,0,0.625,0,0,0.0,0.0,0.0,0.0,0.0,0.0
0,17,0,1,0.125,0,0,0.0,0.0,0.0,0.0,0.0,0.0
0,17,0,2,0.125,0,0,0.0,0.0,0.0,0.0,0.0,0.0
0,17,0,3,0.125,0,0,0.0,0.0,0.0,0.0,0.0,0.0
0,17,1,0,0.125,0,0,0.0,0.01947269232779636,0.01947269232779636,0.0,0.0,-0.0037324990091726095
0,17,1,1,0.125,3,3,0.0,0.0,0.0,0.0,0.0,0.0012685852740299084
0,17,1,2,0.125,0,0,0.0,0.01947269232779636,0.01947269232779636,0.015625,0.015625,-0.004386577019807998
0,17,1,3,0.625,3,3,0.0,0.0,0.0,0.015625,0.015625,0.005648567678027622
0,17,2,0,0.125,0,0,0.0,0.0,0.0,0.0,0.0,0.0
0,17,2,1,0.125,0,0,0.0,0.0,0.0,0.0,0.0,0.0
0,17,2,2,0.625,0,0,0.0,0.0,0.0,0.0,0.0,0.0
0,17,2,3,0.125,0,0,0.0,0.0,0.0,0.0,0.0,0.0
0,17,3,0,0.125,0,0,0.0,0.02229614144955816,0.02229614144955816,0.0,0.0,-0.005563995492820705
0,17,3,1,0.625,3,1,1.0,0.0,0.008121167257747142,1.734723475976807e-18,0.015625,0.0023704505272549724
0,17,3,2,0.125,0,0,0.0,0.02229614144955816,0.02229614144955816,0.031249999999999997,0.031249999999999997,-0.007093806485453711
0,17,3,3,0.125,3,3,0.0,0.0,0.0,0.015625,0.015625,0.005404545285155072
0,18,0,0,0.625,0,0,0.0,0.001962234031905985,0.001962234031905985,0.0,0.0,-0.0002636797590691033
0,18,0,1,0.125,0,0,0.0,0.001962234031905985,0.001962234031905985,0.0,0.0,-6.33592462485905e-05
0,18,0,2,0.125,0,0,0.0,0.001962234031905985,0.001962234031905985,0.0,0.0,-0.0002636797590691033
0,18,0,3,0.125,0,0,0.0,0.001962234031905985,0.001962234031905985,0.0,0.0,0.0005907187643867972
0,18,1,0,0.125,0,0,0.0,0.019504743609847663,0.019504743609847663,0.0,0.0,-0.005463045348728388
0,18,1,1,0.125,1,1,0.0,0.0033656512191624355,0.0033656512191624355,0.015625,0.015625,0.0036435044633895885
0,18,1,2,0.125,0,0,0.0,0.019504743609847663,0.019504743609847663,0.020833333333333332,0.020833333333333332,-0.007066458361684726
0,18,1,3,0.625,0,0,0.0,0.019504743609847663,0.019504743609847663,0.0,0.0,0.004765388203110373
0,18,2,0,0.125,0,0,0.0,0.0,0.0,0.0,0.0,0.0
0,18,2,1,0.125,0,0,0.0,0.0,0.0,0.0,0.0,0.0
0,18,2,2,0.625,0,0,0.0,0.0,0.0,0.0,0.0,0.0
0,18,2,3,0.125,0,0,0.0,0.0,0.0,0.0,0.0,0.0
0,18,3,0,0.125,0,0,0.0,0.025163710954061225,0.025163710954061225,0.0,0.0,-0.0057514525918882535
0,18,3,1,0.625,3,1,1.0,0.0,0.00978681368532719,-0.010416666666666666,0.015625,0.002620061470532157
0,18,3,2,0.125,0,0,0.0,0.025163710954061225,0.025163710954061225,0.03645833333333333,0.03645833333333333,-0.00775864164167098
0,18,3,3,0.125,3,3,0.0,0.0,0.0,0.015625,0.015625,0.006769421719113925
0,19,0,0,0.625,0,0,0.0,0.0012019230769230171,0.0012019230769230171,0.0,0.0,-0.00010016025641025641
0,19,0,1,0.125,0,0,0.0,0.0012019230769230171,0.0012019230769230171,0.0,0.0,-0.00010016025641025641
0,19,0,2,0.125,0,0,0.0,0.0012019230769230171,0.0012019230769230171,0.0,0.0,-0.00010016025641025641
0,19,0,3,0.125,0,0,0.0,0.0012019230769230171,0.0012019230769230171,0.0,0.0,0.00030048076923076925
0,19,1,0,0.125,0,0,0.0,0.016139092390685228,0.016139092390685228,0.0,0.0,-0.003585660034237216
0,19,1,1,0.125,3,0,1.0,0.0,0.016139092390685228,-0.005208333333333333,0.0,0.001479736331781758
0,19,1,2,0.125,0,0,0.0,0.016139092390685228,0.016139092390685228,0.005208333333333333,0.005208333333333333,-0.003585660034237216
0,19,1,3,0.625,0,0,0.0,0.016139092390685228,0.016139092390685228,0.0,0.0,0.004489660659769597
0,19,2,0,0.125,0,0,0.0,0.0,0.0,0.0,0.0,0.0
0,19,2,1,0.125,0,0,0.0,0.0,0.0,0.0,0.0,0.0
0,19,2,2,0.625,0,0,0.0,0.0,0.0,0.0,0.0,0.0
0,19,2,3,0.125,0,0,0.0,0.0,0.0,0.0,0.0,0.0
0,19,3,0,0.125,0,0,0.0,0.01589107651766941,0.01589107651766941,0.0,0.0,-0.0034833010555484502
0,19,3,1,0.625,3,3,0.0,0.0,0.0,0.0,0.0,0.001418713331928971
0,19,3,2,0.125,0,0,0.0,0.01589107651766941,0.01589107651766941,0.005208333333333333,0.005208333333333333,-0.003683621568368963
0,19,3,3,0.125,0,0,0.0,0.01589107651766941,0.01589107651766941,0.0,0.0,0.004546286215065365
0,20,0,0,0.625,0,0,0.0,0.0012019230769230171,0.0012019230769230171,0.0,0.0,-0.00010016025641025641
0,20,0,1,0.125,0,0,0.0,0.0012019230769230171,0.0012019230769230171,0.0,0.0,-0.00010016025641025641
0,20,0,2,0.125,0,0,0.0,0.0012019230769230171,0.0012019230769230171,0.0,0.0,-0.00010016025641025641
0,20,0,3,0.125,0,0,0.0,0.0012019230769230171,0.0012019230769230171,0.0,0.0,0.00030048076923076925
0,20,1,0,0.125,0,0,0.0,0.014174974191811018,0.014174974191811018,0.0,0.0,-0.00211707538687051
0,20,1,1,0.125,3,0,1.0,0.0,0.014174974191811018,-0.005208333333333333,0.0,0.0008419892211952119
0,20,1,2,0.125,0,0,0.0,0.014174974191811018,0.014174974191811018,0.005208333333333333,0.005208333333333333,-0.002517716412511536
0,20,1,3,0.625,0,0,0.0,0.014174974191811018,0.014174974191811018,0.0,0.0,0.003792802578186834
0,20,2,0,0.125,0,0,0.0,0.0,0.0,0.0,0.0,0.0
0,20,2,1,0.125,0,0,0.0,0.0,0.0,0.0,0.0,0.0
0,20,2,2,0.625,0,0,0.0,0.0,0.0,0.0,0.0,0.0
0,20,2,3,0.125,0,0,0.0,0.0,0.0,0.0,0.0,0.0
0,20,3,0,0.125,0,0,0.0,0.023403543630288626,0.023403543630288626,0.0,0.0,-0.005222208720715594
0,20,3,1,0.625,3,1,1.0,0.0,0.009412019195790933,-0.005208333333333331,0.015625,0.002280001840112701
0,20,3,2,0.125,0,0,0.0,0.023403543630288626,0.023403543630288626,0.026041666666666664,0.026041666666666664,-0.006922784740671005
0,20,3,3,0.125,3,3,0.0,0.0,0.0,0.015625,0.015625,0.005744380577360748
0,21,0,0,0.625,0,0,0.0,0.0012019230769230171,0.0012019230769230171,0.0,0.0,-0.00030048076923076925
0,21,0,1,0.125,0,0,0.0,0.0012019230769230171,0.0012019230769230171,0.0,0.0,0.00030048076923076925
0,21,0,2,0.125,0,0,0.0,0.0012019230769230171,0.0012019230769230171,0.0,0.0,-0.00030048076923076925
0,21,0,3,0.125,0,0,0.0,0.0012019230769230171,0.0012019230769230171,0.0,0.0,0.00030048076923076925
0,21,1,0,0.125,0,0,0.0,0.016588602374034256,0.016588602374034256,0.0,0.0,-0.003365125659367233
0,21,1,1,0.125,3,3,0.0,0.0,0.0,0.0,0.0,0.000971868592367205
0,21,1,2,0.125,0,0,0.0,0.016588602374034256,0.016588602374034256,0.015625,0.015625,-0.0037362111995101503
0,21,1,3,0.625,0,0,0.0,0.016588602374034256,0.016588602374034256,0.0,0.0,0.004927545189587101
0,21,2,0,0.125,0,0,0.0,0.0,0.0,0.0,0.0,0.0
0,21,2,1,0.125,0,0,0.0,0.0,0.0,0.0,0.0,0.0
0,21,2,2,0.625,0,0,0.0,0.0,0.0,0.0,0.0,0.0
0,21,2,3,0.125,0,0,0.0,0.0,0.0,0.0,0.0,0.0
0,21,3,0,0.125,0,0,0.0,0.02294512794688852,0.02294512794688852,0.0,0.0,-0.005183318886712034
0,21,3,1,0.625,3,1,1.0,0.0,0.006806035556203294,0.005208333333333335,0.015625,0.0028757631255276247
0,21,3,2,0.125,0,0,0.0,0.02294512794688852,0.02294512794688852,0.026041666666666664,0.026041666666666664,-0.007042879440651979
0,21,3,3,0.125,3,3,0.0,0.0,0.0,0.015625,0.015625,0.005229824157923236
0,22,0,0,0.625,0,0,0.0,0.0017142181588901684,0.0017142181588901684,0.0,0.0,-0.0002430117696511139
0,22,0,1,0.125,0,0,0.0,0.0017142181588901684,0.0017142181588901684,0.0,0.0,-4.269125683060109e-05
0,22,0,2,0.125,0,0,0.0,0.0017142181588901684,0.0017142181588901684,0.0,0.0,-0.0002430117696511139
0,22,0,3,0.125,0,0,0.0,0.0017142181588901684,0.0017142181588901684,0.0,0.0,0.0005287147961328289
0,22,1,0,0.125,0,0,0.0,0.022715099301241826,0.022715099301241826,0.0,0.0,-0.004003740840459669
0,22,1,1,0.125,3,3,0.0,0.0,0.0,-0.005208333333333333,0.0,0.00033325341127476787
0,22,1,2,0.125,0,0,0.0,0.022715099301241826,0.022715099301241826,0.015625,0.015625,-0.004374826380602588
0,22,1,3,0.625,3,3,0.0,0.0,0.0,0.015625,0.015625,0.006331095650897199
0,22,2,0,0.125,0,0,0.0,0.0012019230769230171,0.0012019230769230171,0.0,0.0,-0.00010016025641025641
0,22,2,1,0.125,0,0,0.0,0.0012019230769230171,0.0012019230769230171,0.0,0.0,-0.00010016025641025641
0,22,2,2,0.625,0,0,0.0,0.0012019230769230171,0.0012019230769230171,0.0,0.0,-0.00010016025641025641
0,22,2,3,0.125,0,0,0.0,0.0012019230769230171,0.0012019230769230171,0.0,0.0,0.00030048076923076925
0,22,3,0,0.125,0,0,0.0,0.027047533432395854,0.027047533432395854,0.0,0.0,-0.00737938428695873
0,22,3,1,0.625,3,1,1.0,0.0,0.011156456914726443,-0.010416666666666666,0.015625,0.0024443512000968423
0,22,3,2,0.125,0,0,0.0,0.027047533432395854,0.027047533432395854,0.03645833333333333,0.03645833333333333,-0.00894745091605452
0,22,3,3,0.125,3,3,0.0,0.0,0.0,0.020833333333333332,0.020833333333333332,0.0069648766781505176
0,23,0,0,0.625,0,0,0.0,0.0017142181588901684,0.0017142181588901684,0.0,0.0,-0.0002430117696511139
0,23,0,1,0.125,0,0,0.0,0.0017142181588901684,0.0017142181588901684,0.0,0.0,-4.269125683060109e-05
0,23,0,2,0.125,0,0,0.0,0.0017142181588901684,0.0017142181588901684,0.0,0.0,-0.0002430117696511139
0,23,0,3,0.125,0,0,0.0,0.0017142181588901684,0.0017142181588901684,0.0,0.0,0.0005287147961328289
0,23,1,0,0.125,0,0,0.0,0.022697112073872594,0.022697112073872594,0.0,0.0,-0.004499503534916611
0,23,1,1,0.125,3,1,1.0,0.0,0.008705587639374901,0.005208333333333335,0.015625,0.0031194637260215244
0,23,1,2,0.125,0,0,0.0,0.022697112073872594,0.022697112073872594,0.015625,0.015625,-0.0051535815455519985
0,23,1,3,0.625,3,3,0.0,0.0,0.0,0.015625,0.015625,0.0060213262724798725
0,23,2,0,0.125,0,0,0.0,0.0,0.0,0.0,0.0,0.0
0,23,2,1,0.125,0,0,0.0,0.0,0.0,0.0,0.0,0.0
0,23,2,2,0.625,0,0,0.0,0.0,0.0,0.0,0.0,0.0
0,23,2,3,0.125,0,0,0.0,0.0,0.0,0.0,0.0,0.0
0,23,3,0,0.125,0,0,0.0,0.022544157322574088,0.022544157322574088,0.0,0.0,-0.004518948954727655
0,23,3,1,0.625,3,3,0.0,0.0,0.0,-0.015625,0.0,0.0005729389541145537
0,23,3,2,0.125,0,0,0.0,0.022544157322574088,0.022544157322574088,0.020833333333333332,0.020833333333333332,-0.006219524974683067
0,23,3,3,0.125,3,3,0.0,0.0,0.0,0.015625,0.015625,0.006044923931383017
0,24,0,0,0.625,0,0,0.0,0.001962234031905985,0.001962234031905985,0.0,0.0,-0.00036384001547935975
0,24,0,1,0.125,0,0,0.0,0.001962234031905985,0.001962234031905985,0.0,0.0,0.00023712152298217874
0,24,0,2,0.125,0,0,0.0,0.001962234031905985,0.001962234031905985,0.0,0.0,-0.00036384001547935975
0,24,0,3,0.125,0,0,0.0,0.001962234031905985,0.001962234031905985,0.0,0.0,0.0004905585079765408
0,24,1,0,0.125,0,0,0.0,0.022697112073872594,0.022697112073872594,0.0,0.0,-0.0066660622636921275
0,24,1,1,0.125,1,1,0.0,0.0,0.0,0.046875,0.046875,0.0052511892702184326
0,24,1,2,0.125,0,0,0.0,0.022697112073872594,0.022697112073872594,0.03125,0.03125,-0.007956927320657888
0,24,1,3,0.625,1,1,0.0,0.0,0.0,0.015625,0.015625,0.0052511892702184326
0,24,2,0,0.125,0,0,0.0,0.0012019230769230171,0.0012019230769230171,0.0,0.0,-0.00010016025641025641
0,24,2,1,0.125,0,0,0.0,0.0012019230769230171,0.0012019230769230171,0.0,0.0,-0.00010016025641025641
0,24,2,2,0.625,0,0,0.0,0.0012019230769230171,0.0012019230769230171,0.0,0.0,-0.00010016025641025641
0,24,2,3,0.125,0,0,0.0,0.0012019230769230171,0.0012019230769230171,0.0,0.0,0.00030048076923076925
0,24,3,0,0.125,0,0,0.0,0.031450887477820544,0.031450887477820544,0.0,0.0,-0.009110351072725715
0,24,3,1,0.625,3,1,1.0,0.0,0.00875377540394795,0.03645833333333333,0.041666666666666664,0.003225257682057405
0,24,3,2,0.125,0,0,0.0,0.031450887477820544,0.031450887477820544,0.078125,0.078125,-0.013119486484600184
0,24,3,3,0.125,3,3,0.0,0.0,0.0,0.03125,0.03125,0.0065438238423476906
0,25,0,0,0.625,0,0,0.0,0.0012019230769230171,0.0012019230769230171,0.0,0.0,-0.00030048076923076925
0,25,0,1,0.125,0,0,0.0,0.0012019230769230171,0.0012019230769230171,0.0,0.0,0.00030048076923076925
0,25,0,2,0.125,0,0,0.0,0.0012019230769230171,0.0012019230769230171,0.0,0.0,-0.00030048076923076925
0,25,0,3,0.125,0,0,0.0,0.0012019230769230171,0.0012019230769230171,0.0,0.0,0.00030048076923076925
0,25,1,0,0.125,0,0,0.0,0.022322089533232115,0.022322089533232115,0.0,0.0,-0.00604382872759871
0,25,1,1,0.125,3,1,1.0,0.0,0.008395131214436913,0.010416666666666668,0.015625,0.0017872225231339222
0,25,1,2,0.125,0,0,0.0,0.022322089533232115,0.022322089533232115,0.026041666666666664,0.026041666666666664,-0.007573639720231716
0,25,1,3,0.625,3,3,0.0,0.0,0.0,0.015625,0.015625,0.004912638599930615
0,25,2,0,0.125,0,0,0.0,0.0012019230769230171,0.0012019230769230171,0.0,0.0,-0.00010016025641025641
0,25,2,1,0.125,0,0,0.0,0.0012019230769230171,0.0012019230769230171,0.0,0.0,-0.00010016025641025641
0,25,2,2,0.625,0,0,0.0,0.0012019230769230171,0.0012019230769230171,0.0,0.0,-0.00010016025641025641
0,25,2,3,0.125,0,0,0.0,0.0012019230769230171,0.0012019230769230171,0.0,0.0,0.00030048076923076925
0,25,3,0,0.125,0,0,0.0,0.03227131163668229,0.03227131163668229,0.0,0.0,-0.010196663192186785
0,25,3,1,0.625,3,1,1.0,0.0,0.010196801392797883,0.010416666666666666,0.015625,0.0020487091068241603
0,25,3,2,0.125,0,0,0.0,0.03227131163668229,0.03227131163668229,0.11979166666666666,0.11979166666666666,-0.015346798685257984
0,25,3,3,0.125,3,3,0.0,0.0,0.0,0.015625,0.03125,0.005872158944568218
0,26,0,0,0.625,0,0,0.0,0.0012019230769230171,0.0012019230769230171,0.0,0.0,-0.00020032051282051281
0,26,0,1,0.125,0,0,0.0,0.0012019230769230171,0.0012019230769230171,0.0,0.0,0.0
0,26,0,2,0.125,0,0,0.0,0.0012019230769230171,0.0012019230769230171,0.0,0.0,-0.00020032051282051281
0,26,0,3,0.125,0,0,0.0,0.0012019230769230171,0.0012019230769230171,0.0,0.0,0.00040064102564102563
0,26,1,0,0.125,0,0,0.0,0.02288056183118603,0.02288056183118603,0.0,0.0,-0.005871748857296653
0,26,1,1,0.125,3,1,1.0,0.0,0.007429316418372411,0.010416666666666668,0.015625,0.003133273947099696
0,26,1,2,0.125,0,0,0.0,0.02288056183118603,0.02288056183118603,0.031249999999999997,0.031249999999999997,-0.007318887892257703
0,26,1,3,0.625,3,3,0.0,0.0,0.0,0.020833333333333332,0.020833333333333332,0.00593675175854151
0,26,2,0,0.125,0,0,0.0,0.0012019230769230171,0.0012019230769230171,0.0,0.0,-0.00010016025641025641
0,26,2,1,0.125,0,0,0.0,0.0012019230769230171,0.0012019230769230171,0.0,0.0,-0.00010016025641025641
0,26,2,2,0.625,0,0,0.0,0.0012019230769230171,0.0012019230769230171,0.0,0.0,-0.00010016025641025641
0,26,2,3,0.125,0,0,0.0,0.0012019230769230171,0.0012019230769230171,0.0,0.0,0.00030048076923076925
0,26,3,0,0.125,0,0,0.0,0.034718261380182414,0.034718261380182414,0.0,0.0,-0.009786773943482078
0,26,3,1,0.625,3,1,1.0,0.0,0.011368052470306811,0.05729166666666666,0.06770833333333333,0.0032168849950225055
0,26,3,2,0.125,0,0,0.0,0.034718261380182414,0.034718261380182414,0.10937499999999999,0.10937499999999999,-0.014492221876087025
0,26,3,3,0.125,3,3,0.0,0.0,0.0,0.03125,0.046875,0.007133268338783243
0,27,0,0,0.625,0,0,0.0,0.0012019230769230171,0.0012019230769230171,0.0,0.0,-0.00030048076923076925
0,27,0,1,0.125,0,0,0.0,0.0012019230769230171,0.0012019230769230171,0.0,0.0,0.00030048076923076925
0,27,0,2,0.125,0,0,0.0,0.0012019230769230171,0.0012019230769230171,0.0,0.0,-0.00030048076923076925
0,27,0,3,0.125,0,0,0.0,0.0012019230769230171,0.0012019230769230171,0.0,0.0,0.00030048076923076925
0,27,1,0,0.125,0,0,0.0,0.023455981272011983,0.023455981272011983,0.0,0.0,-0.005582652991069019
0,27,1,1,0.125,3,1,1.0,0.0,0.007564904754342572,1.734723475976807e-18,0.015625,0.0029482985173742027
0,27,1,2,0.125,0,0,0.0,0.023455981272011983,0.023455981272011983,0.031249999999999997,0.031249999999999997,-0.007757896512184904
0,27,1,3,0.625,3,3,0.0,0.0,0.0,0.015625,0.015625,0.0062716399419665714
0,27,2,0,0.125,0,0,0.0,0.0,0.0,0.0,0.0,0.0
0,27,2,1,0.125,0,0,0.0,0.0,0.0,0.0,0.0,0.0
0,27,2,2,0.625,0,0,0.0,0.0,0.0,0.0,0.0,0.0
0,27,2,3,0.125,0,0,0.0,0.0,0.0,0.0,0.0,0.0
0,27,3,0,0.125,0,0,0.0,0.023414775025578094,0.023414775025578094,0.0,0.0,-0.00624041018720056
0,27,3,1,0.625,3,1,1.0,0.0,0.005748586444647263,0.005208333333333335,0.015625,0.003442295357151478
0,27,3,2,0.125,0,0,0.0,0.023414775025578094,0.023414775025578094,0.03125,0.03125,-0.007770221179833566
0,27,3,3,0.125,3,3,0.0,0.0,0.0,0.015625,0.015625,0.005685529844018278
1,8,0,0,0.125,0,0,0.0,0.21672830242965913,0.21672830242965913,0.0,0.5625,-0.05286289301223746
1,8,0,1,0.125,1,1,0.0,0.039419177945550166,0.039419177945550166,0.5885416666666666,0.6354166666666666,0.09289027194955307
1,8,0,2,0.125,0,0,0.0,0.21672830242965913,0.21672830242965913,0.11458333333333333,0.3125,-0.01150917427691761
1,8,0,3,0.625,1,1,0.0,0.039419177945550166,0.039419177945550166,0.44270833333333326,0.48958333333333326,0.08386392018421482
1,8,1,0,0.625,0,0,0.0,0.06767536781671402,0.06767536781671402,0.6979166666666666,0.6979166666666666,0.034893918287433136
1,8,1,1,0.125,1,1,0.0,0.13696191875130626,0.13696191875130626,0.03125,0.23958333333333331,-0.03567023512374476
1,8,1,2,0.125,0,0,0.0,0.06767536781671402,0.06767536781671402,0.3177083333333333,0.5625,0.04416052603822518
1,8,1,3,0.125,1,1,0.0,0.13696191875130626,0.13696191875130626,0.005208333333333333,0.26041666666666663,-0.021156336067701634
1,8,2,0,0.125,0,0,0.0,0.1885766194678158,0.1885766194678158,0.046875,0.5,-0.04399693334681461
1,8,2,1,0.625,1,1,0.0,0.046876128991359955,0.046876128991359955,0.734375,0.734375,0.08086417112154795
1,8,2,2,0.125,0,0,0.0,0.1885766194678158,0.1885766194678158,0.19270833333333331,0.328125,-0.01818807425173745
1,8,2,3,0.125,1,1,0.0,0.046876128991359955,0.046876128991359955,0.49479166666666663,0.5260416666666666,0.07215500094298988
1,8,3,0,0.125,0,0,0.0,0.05334103014121616,0.05334103014121616,0.40104166666666663,0.5885416666666666,0.01487379107657198
1,8,3,1,0.125,1,1,0.0,0.07144249541735281,0.07144249541735281,0.10416666666666666,0.33854166666666663,-0.022409374268740984
1,8,3,2,0.625,0,0,0.0,0.05334103014121616,0.05334103014121616,0.45833333333333326,0.5052083333333333,0.025305558523630516
1,8,3,3,0.125,1,1,0.0,0.07144249541735281,0.07144249541735281,0.06249999999999999,0.3020833333333333,-0.006640305324509295
1,9,0,0,0.125,0,0,0.0,0.21336445134852056,0.21336445134852056,0.0,0.5625,-0.051098420462418234
1,9,0,1,0.125,1,1,0.0,0.04106097524255836,0.04106097524255836,0.6354166666666666,0.6666666666666666,0.09405350312135202
1,9,0,2,0.125,0,2,1.0,0.21336445134852056,0.16398873072834552,0.11458333333333333,0.3020833333333333,-0.008820125346477171
1,9,0,3,0.625,1,1,0.0,0.04106097524255836,0.04106097524255836,0.43229166666666663,0.47916666666666663,0.08420484777233576
1,9,1,0,0.625,0,0,0.0,0.05507861968277428,0.05507861968277428,0.6822916666666666,0.6822916666666666,0.03676504800339536
1,9,1,1,0.125,1,1,0.0,0.13618149656875367,0.13618149656875367,0.015625,0.24479166666666666,-0.03771434786231456
1,9,1,2,0.125,0,0,0.0,0.05507861968277428,0.05507861968277428,0.32291666666666663,0.546875,0.04366990015659193
1,9,1,3,0.125,0,1,1.0,0.05507861968277428,0.13618149656875367,0.0,0.26041666666666663,-0.022433041386785795
1,9,2,0,0.125,0,0,0.0,0.18932677766489142,0.18932677766489142,0.05208333333333333,0.5,-0.044357030815601606
1,9,2,1,0.625,1,1,0.0,0.04649790100069784,0.04649790100069784,0.734375,0.7395833333333333,0.08216024367004911
1,9,2,2,0.125,0,0,0.0,0.18932677766489142,0.18932677766489142,0.18229166666666666,0.3125,-0.016590878898837234
1,9,2,3,0.125,1,1,0.0,0.04649790100069784,0.04649790100069784,0.4739583333333333,0.515625,0.07150472118449573
1,9,3,0,0.125,0,0,0.0,0.08428518216442094,0.08428518216442094,0.40104166666666663,0.609375,0.010140522334907053
1,9,3,1,0.125,1,1,0.0,0.08624217401989653,0.08624217401989653,0.10937499999999999,0.32291666666666663,-0.023696750140178146
1,9,3,2,0.625,0,0,0.0,0.08428518216442094,0.08428518216442094,0.41666666666666663,0.45312499999999994,0.02771137421404946
1,9,3,3,0.125,1,1,0.0,0.08624217401989653,0.08624217401989653,0.06249999999999999,0.29166666666666663,-0.007430600206812519
1,10,0,0,0.125,0,0,0.0,0.2038406686839287,0.2038406686839287,0.0,0.47916666666666663,-0.0501914907682103
1,10,0,1,0.125,1,1,0.0,0.007526380201449467,0.007526380201449467,0.44270833333333326,0.625,0.10058291936907152
1,10,0,2,0.125,0,0,0.0,0.2038406686839287,0.2038406686839287,0.03645833333333333,0.3645833333333333,-0.03451975488370317
1,10,0,3,0.625,1,1,0.0,0.007526380201449467,0.007526380201449467,0.42708333333333326,0.5104166666666666,0.07775928367266766
1,10,1,0,0.625,0,0,0.0,0.10102025297032102,0.10102025297032102,0.5729166666666666,0.734375,0.019559636549476254
1,10,1,1,0.125,1,1,0.0,0.11125428448240082,0.11125428448240082,0.09895833333333333,0.29166666666666663,-0.024197615011962593
1,10,1,2,0.125,0,0,0.0,0.10102025297032102,0.10102025297032102,0.33854166666666663,0.41145833333333326,0.037091343068072734
1,10,1,3,0.125,1,1,0.0,0.11125428448240082,0.11125428448240082,0.041666666666666664,0.2864583333333333,-0.010997008335507225
1,10,2,0,0.125,0,0,0.0,0.19948904933740852,0.19948904933740852,0.015625,0.5364583333333333,-0.04605727988602489
1,10,2,1,0.625,1,1,0.0,0.04076212334031659,0.04076212334031659,0.703125,0.703125,0.08875043960613527
1,10,2,2,0.125,0,0,0.0,0.19948904933740852,0.19948904933740852,0.13020833333333331,0.3020833333333333,-0.01098403980107914
1,10,2,3,0.125,1,1,0.0,0.04076212334031659,0.04076212334031659,0.5208333333333333,0.5416666666666666,0.07649048611431188
1,10,3,0,0.125,0,0,0.0,0.09190551650728174,0.09190551650728174,0.3125,0.546875,-0.0033366670619233933
1,10,3,1,0.125,1,1,0.0,0.06036919289953124,0.06036919289953124,0.15104166666666666,0.4427083333333333,-0.011081550291076665
1,10,3,2,0.625,0,0,0.0,0.09190551650728174,0.09190551650728174,0.22395833333333331,0.3489583333333333,0.015832585083141233
1,10,3,3,0.125,1,1,0.0,0.06036919289953124,0.06036919289953124,0.10937499999999999,0.40625,-0.0017848234775287453
1,11,0,0,0.125,0,0,0.0,0.21010999818723775,0.21010999818723775,0.0,0.5,-0.05412509578974384
1,11,0,1,0.125,1,1,0.0,0.011487841937593335,0.011487841937593335,0.47916666666666663,0.6510416666666666,0.09995569782273425
1,11,0,2,0.125,0,0,0.0,0.21010999818723775,0.21010999818723775,0.05208333333333333,0.3333333333333333,-0.02927160344089285
1,11,0,3,0.625,1,1,0.0,0.011487841937593335,0.011487841937593335,0.44270833333333326,0.5260416666666666,0.0792878152987676
1,11,1,0,0.625,0,0,0.0,0.07983409679051645,0.07983409679051645,0.6145833333333333,0.7552083333333333,0.023233375328844567
1,11,1,1,0.125,1,1,0.0,0.10399333239651876,0.10399333239651876,0.07291666666666666,0.296875,-0.024551702344491864
1,11,1,2,0.125,0,0,0.0,0.07983409679051645,0.07983409679051645,0.33854166666666663,0.47395833333333326,0.036195520210935625
1,11,1,3,0.125,1,1,0.0,0.10399333239651876,0.10399333239651876,0.041666666666666664,0.3020833333333333,-0.011250412602772604
1,11,2,0,0.125,0,0,0.0,0.19164518033142003,0.19164518033142003,0.041666666666666664,0.5,-0.0462533953164658
1,11,2,1,0.625,1,1,0.0,0.043825719032413835,0.043825719032413835,0.71875,0.71875,0.08391314291411146
1,11,2,2,0.125,0,0,0.0,0.19164518033142003,0.19164518033142003,0.18229166666666666,0.359375,-0.02324976753992586
1,11,2,3,0.125,1,1,0.0,0.043825719032413835,0.043825719032413835,0.49479166666666663,0.5104166666666666,0.0762345103141292
1,11,3,0,0.125,0,0,0.0,0.09707659217033227,0.09707659217033227,0.3125,0.5364583333333333,-0.001923151122594194
1,11,3,1,0.125,1,1,0.0,0.0674910832397907,0.0674910832397907,0.14583333333333331,0.4270833333333333,-0.014891748522585851
1,11,3,2,0.625,0,0,0.0,0.09707659217033227,0.09707659217033227,0.28125,0.3333333333333333,0.018081858503601844
1,11,3,3,0.125,1,1,0.0,0.0674910832397907,0.0674910832397907,0.09895833333333331,0.3958333333333333,-0.0023991983942732407
1,12,0,0,0.125,0,0,0.0,0.21628211915875817,0.21628211915875817,0.0,0.515625,-0.05629419269201043
1,12,0,1,0.125,1,1,0.0,0.021012490625378466,0.021012490625378466,0.5260416666666666,0.6614583333333333,0.09868486396276964
1,12,0,2,0.125,0,0,0.0,0.21628211915875817,0.21628211915875817,0.06770833333333333,0.3177083333333333,-0.026399495349442397
1,12,0,3,0.625,1,1,0.0,0.021012490625378466,0.021012490625378466,0.43749999999999994,0.5260416666666666,0.08084163817976131
1,12,1,0,0.625,0,0,0.0,0.05459858605337353,0.05459858605337353,0.640625,0.7291666666666666,0.02841352260868116
1,12,1,1,0.125,1,1,0.0,0.11064973589945615,0.11064973589945615,0.03645833333333333,0.2708333333333333,-0.03138444260674187
1,12,1,2,0.125,0,0,0.0,0.05459858605337353,0.05459858605337353,0.3177083333333333,0.4375,0.0357129830203216
1,12,1,3,0.125,1,1,0.0,0.11064973589945615,0.11064973589945615,0.020833333333333332,0.2708333333333333,-0.017420002105957958
1,12,2,0,0.125,0,0,0.0,0.19855291689032128,0.19855291689032128,0.020833333333333332,0.5260416666666666,-0.04727888575502458
1,12,2,1,0.625,1,1,0.0,0.042059621367184774,0.042059621367184774,0.7135416666666666,0.7135416666666666,0.08906561929483751
1,12,2,2,0.125,0,0,0.0,0.19855291689032128,0.19855291689032128,0.14583333333333331,0.328125,-0.016221842096463362
1,12,2,3,0.125,1,1,0.0,0.042059621367184774,0.042059621367184774,0.46875,0.48958333333333326,0.077598894747675
1,12,3,0,0.125,0,0,0.0,0.06264057814802704,0.06264057814802704,0.3125,0.5,0.005992281564124129
1,12,3,1,0.125,1,1,0.0,0.06365677967751449,0.06365677967751449,0.13020833333333331,0.36979166666666663,-0.02048464965170131
1,12,3,2,0.625,0,0,0.0,0.06264057814802704,0.06264057814802704,0.3489583333333333,0.3802083333333333,0.018914373281044863
1,12,3,3,0.125,1,1,0.0,0.06365677967751449,0.06365677967751449,0.06249999999999999,0.34375,-0.006068025901801567
1,13,0,0,0.125,0,0,0.0,0.21392465420840834,0.21392465420840834,0.0,0.5104166666666666,-0.048914462514798085
1,13,0,1,0.125,1,1,0.0,0.044456759013179026,0.044456759013179026,0.6458333333333333,0.6614583333333333,0.09499313575569776
1,13,0,2,0.125,0,0,0.0,0.21392465420840834,0.21392465420840834,0.11458333333333333,0.3125,-0.015880919304244383
1,13,0,3,0.625,1,1,0.0,0.044456759013179026,0.044456759013179026,0.43229166666666663,0.47395833333333326,0.08382013579561083
1,13,1,0,0.625,0,0,0.0,0.06465829377516541,0.06465829377516541,0.6510416666666666,0.7135416666666666,0.037245288426589286
1,13,1,1,0.125,1,1,0.0,0.1342466222137354,0.1342466222137354,0.026041666666666664,0.22395833333333331,-0.03681642400546274
1,13,1,2,0.125,0,0,0.0,0.06465829377516541,0.06465829377516541,0.32291666666666663,0.53125,0.044122550972888655
1,13,1,3,0.125,1,1,0.0,0.1342466222137354,0.1342466222137354,0.020833333333333332,0.26041666666666663,-0.021700068836502794
1,13,2,0,0.125,0,0,0.0,0.177033392424444,0.177033392424444,0.09895833333333333,0.5052083333333333,-0.03705201595143767
1,13,2,1,0.625,1,1,0.0,0.045839419050183294,0.045839419050183294,0.609375,0.75,0.06390099877176984
1,13,2,2,0.125,0,0,0.0,0.177033392424444,0.177033392424444,0.19791666666666666,0.296875,-0.008606999554132543
1,13,2,3,0.125,1,1,0.0,0.045839419050183294,0.045839419050183294,0.36979166666666663,0.578125,0.060882660198759916
1,13,3,0,0.125,0,0,0.0,0.10484819216150854,0.10484819216150854,0.484375,0.6614583333333333,0.013671801571896266
1,13,3,1,0.125,1,1,0.0,0.1018822464299104,0.1018822464299104,0.09375,0.32291666666666663,-0.021234978079247055
1,13,3,2,0.625,0,0,0.0,0.10484819216150854,0.10484819216150854,0.41145833333333326,0.46354166666666663,0.03502439273792891
1,13,3,3,0.125,1,1,0.0,0.1018822464299104,0.1018822464299104,0.06249999999999999,0.29166666666666663,-0.0073554111733658036
1,14,0,0,0.125,0,0,0.0,0.2154859058849503,0.2154859058849503,0.0,0.5,-0.05232675133922429
1,14,0,1,0.125,1,1,0.0,0.0249675030873715,0.0249675030873715,0.5729166666666666,0.6822916666666666,0.10045870373786679
1,14,0,2,0.125,0,0,0.0,0.2154859058849503,0.2154859058849503,0.06770833333333333,0.3645833333333333,-0.03220404168461168
1,14,0,3,0.625,1,1,0.0,0.0249675030873715,0.0249675030873715,0.44791666666666663,0.5208333333333333,0.0818856994870163
1,14,1,0,0.625,0,0,0.0,0.07286422139027682,0.07286422139027682,0.609375,0.7395833333333333,0.026101685576922343
1,14,1,1,0.125,1,1,0.0,0.11050328081629446,0.11050328081629446,0.057291666666666664,0.28125,-0.027651757622205623
1,14,1,2,0.125,0,0,0.0,0.07286422139027682,0.07286422139027682,0.33333333333333326,0.43749999999999994,0.0364234138089704
1,14,1,3,0.125,1,1,0.0,0.11050328081629446,0.11050328081629446,0.03645833333333333,0.27604166666666663,-0.01401968416111608
1,14,2,0,0.125,0,0,0.0,0.1924685471323529,0.1924685471323529,0.03125,0.5,-0.041312039108440037
1,14,2,1,0.625,1,1,0.0,0.04364083976685185,0.04364083976685185,0.7395833333333333,0.7395833333333333,0.08874785288263733
1,14,2,2,0.125,0,0,0.0,0.1924685471323529,0.1924685471323529,0.15104166666666666,0.32291666666666663,-0.013204563075807665
1,14,2,3,0.125,1,1,0.0,0.04364083976685185,0.04364083976685185,0.5,0.5260416666666666,0.07737033369054229
1,14,3,0,0.125,0,0,0.0,0.07876658373660372,0.07876658373660372,0.296875,0.5104166666666666,-0.004989414041796197
1,14,3,1,0.125,1,1,0.0,0.043020536492110684,0.043020536492110684,0.17708333333333331,0.43229166666666663,-0.007197989421434313
1,14,3,2,0.625,0,0,0.0,0.07876658373660372,0.07876658373660372,0.3333333333333333,0.38541666666666663,0.011582387364931664
1,14,3,3,0.125,1,1,0.0,0.043020536492110684,0.043020536492110684,0.140625,0.359375,0.0017208445829226858
1,15,0,0,0.125,0,0,0.0,0.21521443966991438,0.21521443966991438,0.0,0.5,-0.04975563535067977
1,15,0,1,0.125,1,1,0.0,0.025914255565557154,0.025914255565557154,0.578125,0.65625,0.1002593360527467
1,15,0,2,0.125,0,0,0.0,0.21521443966991438,0.21521443966991438,0.08333333333333333,0.3802083333333333,-0.027795099620714313
1,15,0,3,0.625,1,1,0.0,0.025914255565557154,0.025914255565557154,0.44270833333333326,0.5260416666666666,0.08341488241872304
1,15,1,0,0.625,0,0,0.0,0.07557510946648005,0.07557510946648005,0.7395833333333333,0.7395833333333333,0.033765573946648406
1,15,1,1,0.125,1,1,0.0,0.1347304355850436,0.1347304355850436,0.041666666666666664,0.24999999999999997,-0.033193716749118946
1,15,1,2,0.125,0,0,0.0,0.07557510946648005,0.07557510946648005,0.30729166666666663,0.5625,0.04385330104007215
1,15,1,3,0.125,1,1,0.0,0.1347304355850436,0.1347304355850436,0.026041666666666664,0.25,-0.019936266184289085
1,15,2,0,0.125,0,0,0.0,0.18485231658821533,0.18485231658821533,0.05208333333333333,0.5,-0.04213347151803754
1,15,2,1,0.625,1,1,0.0,0.0449162633423682,0.0449162633423682,0.7395833333333333,0.7552083333333333,0.07992573618171087
1,15,2,2,0.125,0,0,0.0,0.18485231658821533,0.18485231658821533,0.19791666666666666,0.3125,-0.016475500989654425
1,15,2,3,0.125,1,1,0.0,0.0449162633423682,0.0449162633423682,0.48437499999999994,0.5520833333333333,0.07102572244672516
1,15,3,0,0.125,0,0,0.0,0.09891299190112313,0.09891299190112313,0.46875,0.609375,0.009790380915076984
1,15,3,1,0.125,1,1,0.0,0.09857318382030722,0.09857318382030722,0.11458333333333331,0.33854166666666663,-0.02501532658952468
1,15,3,2,0.625,0,0,0.0,0.09891299190112313,0.09891299190112313,0.39583333333333326,0.42187499999999994,0.030767088452459963
1,15,3,3,0.125,1,1,0.0,0.09857318382030722,0.09857318382030722,0.057291666666666664,0.2864583333333333,-0.008160646529422678
1,16,0,0,0.125,0,0,0.0,0.2125605416958115,0.2125605416958115,0.0,0.5,-0.05040135493049896
1,16,0,1,0.125,1,1,0.0,0.018150208221003994,0.018150208221003994,0.5572916666666666,0.6822916666666666,0.1019977753356248
1,16,0,2,0.125,0,0,0.0,0.2125605416958115,0.2125605416958115,0.05729166666666666,0.3489583333333333,-0.030918124023467677
1,16,0,3,0.625,1,1,0.0,0.018150208221003994,0.018150208221003994,0.44791666666666663,0.53125,0.08230516341688915
1,16,1,0,0.625,0,0,0.0,0.06463231007709935,0.06463231007709935,0.65625,0.765625,0.02686267038134032
1,16,1,1,0.125,1,1,0.0,0.10843184674276429,0.10843184674276429,0.057291666666666664,0.296875,-0.02847830363342817
1,16,1,2,0.125,0,0,0.0,0.06463231007709935,0.06463231007709935,0.328125,0.48437499999999994,0.03729719413130529
1,16,1,3,0.125,1,1,0.0,0.10843184674276429,0.10843184674276429,0.03125,0.27604166666666663,-0.01463122478708721
1,16,2,0,0.125,0,0,0.0,0.19404659970873311,0.19404659970873311,0.020833333333333332,0.5,-0.04317301297191091
1,16,2,1,0.625,1,1,0.0,0.04332660544350997,0.04332660544350997,0.7447916666666666,0.7447916666666666,0.08841750176958793
1,16,2,2,0.125,0,0,0.0,0.19404659970873311,0.19404659970873311,0.15104166666666666,0.34375,-0.01691451940660717
1,16,2,3,0.125,1,1,0.0,0.04332660544350997,0.04332660544350997,0.49479166666666663,0.5052083333333333,0.07743192422147072
1,16,3,0,0.125,0,0,0.0,0.093519522839695,0.093519522839695,0.359375,0.5260416666666666,0.0023272647736479156
1,16,3,1,0.125,1,1,0.0,0.07539367855324708,0.07539367855324708,0.13541666666666666,0.38541666666666663,-0.018941668843434907
1,16,3,2,0.625,0,0,0.0,0.093519522839695,0.093519522839695,0.32291666666666663,0.35416666666666663,0.021773934424265423
1,16,3,3,0.125,1,1,0.0,0.07539367855324708,0.07539367855324708,0.08854166666666666,0.328125,-0.005475153317730468
1,17,0,0,0.125,0,0,0.0,0.20809599196695305,0.20809599196695305,0.0,0.49479166666666663,-0.050562493772747095
1,17,0,1,0.125,1,1,0.0,0.013666342560710532,0.013666342560710532,0.49999999999999994,0.6458333333333333,0.10102481316924107
1,17,0,2,0.125,0,0,0.0,0.20809599196695305,0.20809599196695305,0.046875,0.3489583333333333,-0.03207219599914371
1,17,0,3,0.625,1,1,0.0,0.013666342560710532,0.013666342560710532,0.44270833333333326,0.5260416666666666,0.07832771629290133
1,17,1,0,0.625,0,0,0.0,0.06176068781276489,0.06176068781276489,0.5677083333333333,0.7291666666666666,0.024573267840480015
1,17,1,1,0.125,1,1,0.0,0.10658436118559389,0.10658436118559389,0.05208333333333333,0.296875,-0.0288436643182691
1,17,1,2,0.125,0,0,0.0,0.06176068781276489,0.06176068781276489,0.33854166666666663,0.44270833333333326,0.034277798256399074
1,17,1,3,0.125,1,1,0.0,0.10658436118559389,0.10658436118559389,0.03125,0.28125,-0.014589131000622934
1,17,2,0,0.125,0,0,0.0,0.19670579207713218,0.19670579207713218,0.010416666666666666,0.5104166666666666,-0.04398665838760545
1,17,2,1,0.625,1,1,0.0,0.03959202298766018,0.03959202298766018,0.703125,0.703125,0.09029637012318238
1,17,2,2,0.125,0,0,0.0,0.19670579207713218,0.19670579207713218,0.11979166666666666,0.32291666666666663,-0.01273315963934949
1,17,2,3,0.125,1,1,0.0,0.03959202298766018,0.03959202298766018,0.5052083333333333,0.53125,0.0790791832834486
1,17,3,0,0.125,0,0,0.0,0.09341508805763277,0.09341508805763277,0.3125,0.5208333333333333,0.0009283864697132039
1,17,3,1,0.125,1,1,0.0,0.07109598376837267,0.07109598376837267,0.13020833333333331,0.4270833333333333,-0.0163803026097655
1,17,3,2,0.625,0,0,0.0,0.09341508805763277,0.09341508805763277,0.30729166666666663,0.3333333333333333,0.019123782273737143
1,17,3,3,0.125,1,1,0.0,0.07109598376837267,0.07109598376837267,0.08854166666666666,0.39062499999999994,-0.0037862767302353963
1,18,0,0,0.125,0,0,0.0,0.20909015521589247,0.20909015521589247,0.0,0.53125,-0.05464724078902494
1,18,0,1,0.125,1,1,0.0,0.012704359751519623,0.012704359751519623,0.5364583333333333,0.6614583333333333,0.10013437120714411
1,18,0,2,0.125,0,0,0.0,0.20909015521589247,0.20909015521589247,0.057291666666666664,0.328125,-0.024455331704503862
1,18,0,3,0.625,1,1,0.0,0.012704359751519623,0.012704359751519623,0.43229166666666663,0.5208333333333333,0.08032889347074729
1,18,1,0,0.625,0,0,0.0,0.09690588347027929,0.09690588347027929,0.6822916666666666,0.765625,0.024502288556610442
1,18,1,1,0.125,1,1,0.0,0.12844946344369967,0.12844946344369967,0.06249999999999999,0.23437499999999997,-0.031265297576742256
1,18,1,2,0.125,0,0,0.0,0.09690588347027929,0.09690588347027929,0.29166666666666663,0.41666666666666663,0.0405503621953844
1,18,1,3,0.125,1,1,0.0,0.12844946344369967,0.12844946344369967,0.041666666666666664,0.24479166666666666,-0.0169390697440449
1,18,2,0,0.125,0,0,0.0,0.2004405433886548,0.2004405433886548,0.020833333333333332,0.5,-0.04874359632294568
1,18,2,1,0.625,1,1,0.0,0.04136487540925937,0.04136487540925937,0.7083333333333333,0.7239583333333333,0.09081025778364397
1,18,2,2,0.125,0,0,0.0,0.2004405433886548,0.2004405433886548,0.140625,0.3177083333333333,-0.01966951170024102
1,18,2,3,0.125,1,1,0.0,0.04136487540925937,0.04136487540925937,0.48958333333333326,0.49999999999999994,0.07964614555267613
1,18,3,0,0.125,0,0,0.0,0.09860103533332343,0.09860103533332343,0.3125,0.5625,-0.001011210736272342
1,18,3,1,0.125,1,1,0.0,0.07143318760507589,0.07143318760507589,0.15104166666666666,0.4114583333333333,-0.015420201129172868
1,18,3,2,0.625,0,0,0.0,0.09860103533332343,0.09860103533332343,0.3125,0.359375,0.02078801110244
1,18,3,3,0.125,1,1,0.0,0.07143318760507589,0.07143318760507589,0.10937499999999999,0.328125,-0.002983476218014448
1,19,0,0,0.125,0,0,0.0,0.2010941629141379,0.2010941629141379,0.0,0.5,-0.04196218330801757
1,19,0,1,0.125,1,1,0.0,0.01857292229156504,0.01857292229156504,0.59375,0.65625,0.10236558047302924
1,19,0,2,0.125,0,0,0.0,0.2010941629141379,0.2010941629141379,0.06770833333333333,0.38541666666666663,-0.025376821714619913
1,19,0,3,0.625,1,1,0.0,0.01857292229156504,0.01857292229156504,0.43229166666666663,0.5052083333333333,0.08146163635584043
1,19,1,0,0.625,0,0,0.0,0.07651482982228608,0.07651482982228608,0.7291666666666666,0.734375,0.03138714319098794
1,19,1,1,0.125,1,1,0.0,0.12888672115393518,0.12888672115393518,0.046875,0.24999999999999997,-0.0331358260249035
1,19,1,2,0.125,0,0,0.0,0.07651482982228608,0.07651482982228608,0.30729166666666663,0.5104166666666666,0.0421971660429647
1,19,1,3,0.125,1,1,0.0,0.12888672115393518,0.12888672115393518,0.03125,0.26041666666666663,-0.018651966746885008
1,19,2,0,0.125,0,0,0.0,0.18316918190798298,0.18316918190798298,0.05208333333333333,0.5052083333333333,-0.036302821075389
1,19,2,1,0.625,1,1,0.0,0.04780702534875103,0.04780702534875103,0.6979166666666666,0.7447916666666666,0.07453875582839876
1,19,2,2,0.125,0,0,0.0,0.18316918190798298,0.18316918190798298,0.19791666666666666,0.3177083333333333,-0.005629189331903659
1,19,2,3,0.125,1,1,0.0,0.04780702534875103,0.04780702534875103,0.43229166666666663,0.5520833333333333,0.06896298981257346
1,19,3,0,0.125,0,0,0.0,0.0889473980890838,0.0889473980890838,0.40104166666666663,0.5885416666666666,0.007814510293431925
1,19,3,1,0.125,1,1,0.0,0.08652208321580601,0.08652208321580601,0.11458333333333331,0.3177083333333333,-0.022923463530933042
1,19,3,2,0.625,0,0,0.0,0.0889473980890838,0.0889473980890838,0.36979166666666663,0.3802083333333333,0.027074850843673937
1,19,3,3,0.125,1,1,0.0,0.08652208321580601,0.08652208321580601,0.06249999999999999,0.29166666666666663,-0.00784894107651551
1,20,0,0,0.125,0,0,0.0,0.21714870433752342,0.21714870433752342,0.0,0.5,-0.055245212303376194
1,20,0,1,0.125,1,1,0.0,0.02480224088469729,0.02480224088469729,0.5677083333333333,0.6770833333333333,0.10070206189064379
1,20,0,2,0.125,0,0,0.0,0.21714870433752342,0.21714870433752342,0.06770833333333333,0.3333333333333333,-0.02706609417616091
1,20,0,3,0.625,1,1,0.0,0.02480224088469729,0.02480224088469729,0.44791666666666663,0.5260416666666666,0.08315110474862794
1,20,1,0,0.625,0,0,0.0,0.08424862655580845,0.08424862655580845,0.6666666666666666,0.7708333333333333,0.025286124446266905
1,20,1,1,0.125,1,1,0.0,0.11123049815520314,0.11123049815520314,0.06770833333333333,0.28125,-0.026027252823675105
1,20,1,2,0.125,0,0,0.0,0.08424862655580845,0.08424862655580845,0.33333333333333326,0.44270833333333326,0.038659611377509596
1,20,1,3,0.125,1,1,0.0,0.11123049815520314,0.11123049815520314,0.041666666666666664,0.28125,-0.011610817783399108
1,20,2,0,0.125,0,0,0.0,0.18864293450906255,0.18864293450906255,0.046875,0.5208333333333333,-0.04152912607837062
1,20,2,1,0.625,1,1,0.0,0.045504353743371695,0.045504353743371695,0.734375,0.75,0.08466055734723135
1,20,2,2,0.125,0,0,0.0,0.18864293450906255,0.18864293450906255,0.171875,0.328125,-0.009947177108605001
1,20,2,3,0.125,1,1,0.0,0.045504353743371695,0.045504353743371695,0.49479166666666663,0.5520833333333333,0.07398710239985584
1,20,3,0,0.125,0,0,0.0,0.09526183123413923,0.09526183123413923,0.359375,0.515625,0.0009900894319502546
1,20,3,1,0.125,1,1,0.0,0.07704007757216902,0.07704007757216902,0.14583333333333331,0.3958333333333333,-0.018730057151733266
1,20,3,2,0.625,0,0,0.0,0.09526183123413923,0.09526183123413923,0.3177083333333333,0.35416666666666663,0.0210150034879025
1,20,3,3,0.125,1,1,0.0,0.07704007757216902,0.07704007757216902,0.09375,0.3333333333333333,-0.005458209891917938
1,21,0,0,0.125,0,0,0.0,0.20918488595482576,0.20918488595482576,0.0,0.5572916666666666,-0.05401127224454909
1,21,0,1,0.125,1,1,0.0,0.037448114181109826,0.037448114181109826,0.640625,0.671875,0.0923122083905909
1,21,0,2,0.125,0,0,0.0,0.20918488595482576,0.20918488595482576,0.125,0.3020833333333333,-0.009508173484621346
1,21,0,3,0.625,1,1,0.0,0.037448114181109826,0.037448114181109826,0.4739583333333333,0.5,0.0803209059219918
1,21,1,0,0.625,0,0,0.0,0.07733766245501539,0.07733766245501539,0.7291666666666666,0.734375,0.03096394859416547
1,21,1,1,0.125,1,1,0.0,0.13052400875956205,0.13052400875956205,0.05208333333333333,0.2552083333333333,-0.03353021918654906
1,21,1,2,0.125,0,0,0.0,0.07733766245501539,0.07733766245501539,0.30729166666666663,0.5416666666666666,0.042670170365630575
1,21,1,3,0.125,1,1,0.0,0.13052400875956205,0.13052400875956205,0.026041666666666664,0.26041666666666663,-0.019149751664230684
1,21,2,0,0.125,0,0,0.0,0.18914750682255177,0.18914750682255177,0.046875,0.5208333333333333,-0.0414417238423839
1,21,2,1,0.625,1,1,0.0,0.04647694223234877,0.04647694223234877,0.71875,0.734375,0.08201182918232766
1,21,2,2,0.125,0,0,0.0,0.18914750682255177,0.18914750682255177,0.1875,0.32291666666666663,-0.00958146972380698
1,21,2,3,0.125,1,1,0.0,0.04647694223234877,0.04647694223234877,0.47916666666666663,0.5520833333333333,0.07332952198573317
1,21,3,0,0.125,0,0,0.0,0.1039109218727341,0.1039109218727341,0.453125,0.625,0.006459780040317847
1,21,3,1,0.125,1,1,0.0,0.09162832582345704,0.09162832582345704,0.12499999999999999,0.34375,-0.023776643330689476
1,21,3,2,0.625,0,0,0.0,0.1039109218727341,0.1039109218727341,0.359375,0.39062499999999994,0.027254768438044356
1,21,3,3,0.125,1,1,0.0,0.09162832582345704,0.09162832582345704,0.08333333333333333,0.3125,-0.0075929021215591155
1,22,0,0,0.125,0,0,0.0,0.21636400386355548,0.21636400386355548,0.0,0.5052083333333333,-0.05144135252008837
1,22,0,1,0.125,1,1,0.0,0.04018730960954975,0.04018730960954975,0.6041666666666666,0.6510416666666666,0.09532488384309523
1,22,0,2,0.125,0,0,0.0,0.21636400386355548,0.21636400386355548,0.11458333333333333,0.32291666666666663,-0.021539163366716973
1,22,0,3,0.625,1,1,0.0,0.04018730960954975,0.04018730960954975,0.4375,0.515625,0.08471942838920124
1,22,1,0,0.625,0,0,0.0,0.049553999691462236,0.049553999691462236,0.65625,0.7135416666666666,0.038787262236229275
1,22,1,1,0.125,1,1,0.0,0.13625078136658986,0.13625078136658986,0.005208333333333333,0.26041666666666663,-0.03637354559155958
1,22,1,2,0.125,0,0,0.0,0.049553999691462236,0.049553999691462236,0.32291666666666663,0.5729166666666666,0.04725518355665716
1,22,1,3,0.125,0,1,1.0,0.049553999691462236,0.13625078136658986,0.0,0.2708333333333333,-0.022393656813445066
1,22,2,0,0.125,0,0,0.0,0.19077096407524635,0.19077096407524635,0.05208333333333333,0.515625,-0.04569043161073925
1,22,2,1,0.625,1,1,0.0,0.04585030147292357,0.04585030147292357,0.7447916666666666,0.75,0.07934470540287625
1,22,2,2,0.125,0,0,0.0,0.19077096407524635,0.19077096407524635,0.19270833333333331,0.30729166666666663,-0.011142379974083785
1,22,2,3,0.125,1,1,0.0,0.04585030147292357,0.04585030147292357,0.46354166666666663,0.5416666666666666,0.07048400536881402
1,22,3,0,0.125,0,0,0.0,0.09031591139060091,0.09031591139060091,0.5,0.5989583333333333,0.016351459129533983
1,22,3,1,0.125,1,1,0.0,0.10229186871663709,0.10229186871663709,0.078125,0.3125,-0.025266646211243735
1,22,3,2,0.625,0,0,0.0,0.09031591139060091,0.09031591139060091,0.34375,0.390625,0.03250677405530602
1,22,3,3,0.125,1,1,0.0,0.10229186871663709,0.10229186871663709,0.041666666666666664,0.296875,-0.00971831519485231
1,23,0,0,0.125,0,0,0.0,0.21919806147760224,0.21919806147760224,0.0,0.578125,-0.05593829579863421
1,23,0,1,0.125,1,1,0.0,0.04490184248065743,0.04490184248065743,0.6041666666666666,0.65625,0.09419883240555456
1,23,0,2,0.125,0,0,0.0,0.21919806147760224,0.21919806147760224,0.11979166666666666,0.3020833333333333,-0.010917855149705944
1,23,0,3,0.625,1,1,0.0,0.04490184248065743,0.04490184248065743,0.46875,0.515625,0.08489409813730585
1,23,1,0,0.625,0,0,0.0,0.054324196226195,0.054324196226195,0.6927083333333333,0.7135416666666666,0.036861661173629406
1,23,1,1,0.125,1,1,0.0,0.12988593710245822,0.12988593710245822,0.015625,0.265625,-0.03439587938441898
1,23,1,2,0.125,0,0,0.0,0.054324196226195,0.054324196226195,0.328125,0.5729166666666666,0.04491890014081571
1,23,1,3,0.125,1,1,0.0,0.12988593710245822,0.12988593710245822,0.010416666666666666,0.265625,-0.020027841101663158
1,23,2,0,0.125,0,0,0.0,0.1932019618248258,0.1932019618248258,0.046875,0.515625,-0.045727487933276995
1,23,2,1,0.625,1,1,0.0,0.044750308518302084,0.044750308518302084,0.734375,0.75,0.0837955878491234
1,23,2,2,0.125,0,0,0.0,0.1932019618248258,0.1932019618248258,0.18229166666666666,0.32291666666666663,-0.014514658726495329
1,23,2,3,0.125,1,1,0.0,0.044750308518302084,0.044750308518302084,0.484375,0.53125,0.07323728797313396
1,23,3,0,0.125,0,0,0.0,0.07867512563997381,0.07867512563997381,0.4427083333333333,0.6041666666666666,0.014224862779634133
1,23,3,1,0.125,1,1,0.0,0.09055392321269717,0.09055392321269717,0.08854166666666666,0.3125,-0.025239712854846497
1,23,3,2,0.625,0,0,0.0,0.07867512563997381,0.07867512563997381,0.42708333333333326,0.46354166666666663,0.029458686130594436
1,23,3,3,0.125,1,1,0.0,0.09055392321269717,0.09055392321269717,0.06249999999999999,0.28125,-0.00922246207499106
1,24,0,0,0.125,0,0,0.0,0.2183440136164857,0.2183440136164857,0.0,0.5,-0.05376060673236499
1,24,0,1,0.125,1,1,0.0,0.026725238304005527,0.026725238304005527,0.5520833333333333,0.6770833333333333,0.10024255954091776
1,24,0,2,0.125,0,0,0.0,0.2183440136164857,0.2183440136164857,0.08854166666666666,0.3802083333333333,-0.033350119119908414
1,24,0,3,0.625,1,1,0.0,0.026725238304005527,0.026725238304005527,0.44791666666666663,0.53125,0.0827963804203565
1,24,1,0,0.625,0,0,0.0,0.0745263403248333,0.0745263403248333,0.734375,0.765625,0.02904612581193463
1,24,1,1,0.125,1,1,0.0,0.1228611646648633,0.1228611646648633,0.05208333333333333,0.23958333333333331,-0.0304080692540871
1,24,1,2,0.125,0,0,0.0,0.0745263403248333,0.0745263403248333,0.3177083333333333,0.53125,0.040756928441903297
1,24,1,3,0.125,1,1,0.0,0.1228611646648633,0.1228611646648633,0.03125,0.26041666666666663,-0.016804350604936482
1,24,2,0,0.125,0,0,0.0,0.18754539215225569,0.18754539215225569,0.046875,0.5,-0.038888804472253735
1,24,2,1,0.625,1,1,0.0,0.04698139233651344,0.04698139233651344,0.7395833333333333,0.7552083333333333,0.08147433864507266
1,24,2,2,0.125,0,0,0.0,0.18754539215225569,0.18754539215225569,0.19270833333333331,0.3177083333333333,-0.012590869935356155
1,24,2,3,0.125,1,1,0.0,0.04698139233651344,0.04698139233651344,0.48437499999999994,0.5416666666666666,0.07300174039878905
1,24,3,0,0.125,0,0,0.0,0.09452412506486108,0.09452412506486108,0.4114583333333333,0.6145833333333333,0.006787724756817944
1,24,3,1,0.125,1,1,0.0,0.08231473084557006,0.08231473084557006,0.11979166666666666,0.3489583333333333,-0.02202549388488467
1,24,3,2,0.625,0,0,0.0,0.09452412506486108,0.09452412506486108,0.33854166666666663,0.35416666666666663,0.025869483348215126
1,24,3,3,0.125,1,1,0.0,0.08231473084557006,0.08231473084557006,0.08854166666666666,0.3020833333333333,-0.005445071883297431
1,25,0,0,0.125,0,0,0.0,0.21228481814767441,0.21228481814767441,0.0,0.53125,-0.05390429301444094
1,25,0,1,0.125,1,1,0.0,0.018140857323188486,0.018140857323188486,0.546875,0.6145833333333333,0.09938235454845526
1,25,0,2,0.125,0,2,1.0,0.21228481814767441,0.1813972458285391,0.06249999999999999,0.3020833333333333,-0.020099970520205162
1,25,0,3,0.625,1,1,0.0,0.018140857323188486,0.018140857323188486,0.44791666666666663,0.5260416666666666,0.08186304378697243
1,25,1,0,0.625,0,0,0.0,0.07590527397053304,0.07590527397053304,0.6979166666666666,0.7864583333333333,0.026917857790403177
1,25,1,1,0.125,1,1,0.0,0.12156604640195268,0.12156604640195268,0.046875,0.265625,-0.03191569736316354
1,25,1,2,0.125,0,0,0.0,0.07590527397053304,0.07590527397053304,0.30729166666666663,0.4375,0.03970938335563686
1,25,1,3,0.125,1,1,0.0,0.12156604640195268,0.12156604640195268,0.03125,0.2708333333333333,-0.016052196549921044
1,25,2,0,0.125,0,0,0.0,0.20175388231104352,0.20175388231104352,0.026041666666666664,0.5729166666666666,-0.052046201374294186
1,25,2,1,0.625,1,1,0.0,0.04214267782566716,0.04214267782566716,0.7239583333333333,0.7291666666666666,0.08731241414419791
1,25,2,2,0.125,0,0,0.0,0.20175388231104352,0.20175388231104352,0.15104166666666666,0.2864583333333333,-0.010344959219513264
1,25,2,3,0.125,1,1,0.0,0.04214267782566716,0.04214267782566716,0.515625,0.5364583333333333,0.0766740517598696
1,25,3,0,0.125,0,0,0.0,0.0766949980874373,0.0766949980874373,0.34375,0.5,0.005891448702592468
1,25,3,1,0.125,1,1,0.0,0.07050355003994202,0.07050355003994202,0.13020833333333331,0.375,-0.021355782592150763
1,25,3,2,0.625,0,0,0.0,0.0766949980874373,0.0766949980874373,0.33854166666666663,0.359375,0.021830629825574283
1,25,3,3,0.125,1,1,0.0,0.07050355003994202,0.07050355003994202,0.06770833333333333,0.32291666666666663,-0.0052072989363473095
1,26,0,0,0.125,0,0,0.0,0.20640976617913986,0.20640976617913986,0.0,0.5,-0.04331613453935115
1,26,0,1,0.125,1,1,0.0,0.03963511283290899,0.03963511283290899,0.6510416666666666,0.6666666666666666,0.09431864867966443
1,26,0,2,0.125,0,0,0.0,0.20640976617913986,0.20640976617913986,0.109375,0.328125,-0.01597392244295391
1,26,0,3,0.625,1,1,0.0,0.03963511283290899,0.03963511283290899,0.453125,0.49479166666666663,0.08502022116006347
1,26,1,0,0.625,0,0,0.0,0.060668752839647344,0.060668752839647344,0.7291666666666666,0.7604166666666666,0.036154222247789136
1,26,1,1,0.125,1,1,0.0,0.12963823312663225,0.12963823312663225,0.020833333333333332,0.234375,-0.0348064265612099
1,26,1,2,0.125,0,0,0.0,0.060668752839647344,0.060668752839647344,0.30729166666666663,0.5364583333333333,0.04193653040179986
1,26,1,3,0.125,1,1,0.0,0.12963823312663225,0.12963823312663225,0.010416666666666666,0.26041666666666663,-0.020676549820329244
1,26,2,0,0.125,0,0,0.0,0.18874706120915946,0.18874706120915946,0.03125,0.5208333333333333,-0.041832269176683076
1,26,2,1,0.625,1,1,0.0,0.0432795541859512,0.0432795541859512,0.7239583333333333,0.7395833333333333,0.0811638180535614
1,26,2,2,0.125,0,0,0.0,0.18874706120915946,0.18874706120915946,0.171875,0.30729166666666663,-0.008884169790281365
1,26,2,3,0.125,1,1,0.0,0.0432795541859512,0.0432795541859512,0.49479166666666663,0.5520833333333333,0.07175594007225236
1,26,3,0,0.125,0,0,0.0,0.06893648845515976,0.06893648845515976,0.38541666666666663,0.578125,0.012485387102186588
1,26,3,1,0.125,1,1,0.0,0.08205548837889265,0.08205548837889265,0.10937499999999999,0.3125,-0.02330561951416071
1,26,3,2,0.625,0,0,0.0,0.06893648845515976,0.06893648845515976,0.44791666666666663,0.46875,0.027347995748883865
1,26,3,3,0.125,1,1,0.0,0.08205548837889265,0.08205548837889265,0.06249999999999999,0.29166666666666663,-0.007922118116156899
1,27,0,0,0.125,0,0,0.0,0.21471892308050244,0.21471892308050244,0.0,0.5208333333333333,-0.0505162151419009
1,27,0,1,0.125,1,1,0.0,0.03753655191277727,0.03753655191277727,0.609375,0.6614583333333333,0.09584007757357635
1,27,0,2,0.125,0,0,0.0,0.21471892308050244,0.21471892308050244,0.11458333333333333,0.3125,-0.019654793440192504
1,27,0,3,0.625,1,1,0.0,0.03753655191277727,0.03753655191277727,0.44270833333333326,0.49999999999999994,0.08503721592727202
1,27,1,0,0.625,0,0,0.0,0.0766176179599195,0.0766176179599195,0.6979166666666666,0.6979166666666666,0.03101689603775018
1,27,1,1,0.125,1,1,0.0,0.12540775710285545,0.12540775710285545,0.046875,0.26041666666666663,-0.03072688450725169
1,27,1,2,0.125,0,0,0.0,0.0766176179599195,0.0766176179599195,0.3177083333333333,0.546875,0.04288605195540391
1,27,1,3,0.125,1,1,0.0,0.12540775710285545,0.12540775710285545,0.03125,0.26041666666666663,-0.017141755596582944
1,27,2,0,0.125,0,0,0.0,0.19567490755609496,0.19567490755609496,0.046875,0.5833333333333333,-0.047594114716612096
1,27,2,1,0.625,1,1,0.0,0.046770198451684286,0.046770198451684286,0.75,0.7604166666666666,0.07859723760459517
1,27,2,2,0.125,0,0,0.0,0.19567490755609496,0.19567490755609496,0.19270833333333331,0.29166666666666663,-0.0005883671024569134
1,27,2,3,0.125,1,1,0.0,0.046770198451684286,0.046770198451684286,0.46875,0.5885416666666666,0.06978066370692981
1,27,3,0,0.125,0,0,0.0,0.07611988525174151,0.07611988525174151,0.38541666666666663,0.6354166666666666,0.009110947768036684
1,27,3,1,0.125,1,1,0.0,0.07239579998082946,0.07239579998082946,0.13020833333333331,0.33854166666666663,-0.019685379693761038
1,27,3,2,0.625,0,0,0.0,0.07611988525174151,0.07611988525174151,0.43229166666666663,0.45833333333333326,0.02580323076122654
1,27,3,3,0.125,1,1,0.0,0.07239579998082946,0.07239579998082946,0.078125,0.2864583333333333,-0.004779708668090106
2,8,0,0,0.625,0,0,0.0,0.0012773964949313044,0.0012773964949313044,0.17708333333333331,0.17708333333333331,0.008347588931814526
2,8,0,1,0.125,0,0,0.0,0.0012773964949313044,0.0012773964949313044,0.08333333333333333,0.265625,0.00756937518822628
2,8,0,2,0.125,2,2,0.0,0.16289477212544667,0.16289477212544667,0.7552083333333333,0.7552083333333333,-0.027458207144331122
2,8,0,3,0.125,0,0,0.0,0.0012773964949313044,0.0012773964949313044,0.08854166666666666,0.11979166666666666,0.012322536070906219
2,8,1,0,0.125,0,0,0.0,0.0008915940257954169,0.0008915940257954169,0.17708333333333331,0.17708333333333331,0.007026779802436066
2,8,1,1,0.125,0,0,0.0,0.0008915940257954169,0.0008915940257954169,0.08333333333333333,0.24479166666666666,0.007261807890360235
2,8,1,2,0.625,2,2,0.0,0.1487102801974728,0.1487102801974728,0.7916666666666666,0.7916666666666666,-0.024339675079640525
2,8,1,3,0.125,0,0,0.0,0.0008915940257954169,0.0008915940257954169,0.09895833333333333,0.11458333333333333,0.011645583098246561
2,8,2,0,0.125,1,0,1.0,0.0025332611601881494,0.0,0.010416666666666668,0.5625,0.12085862414413005
2,8,2,1,0.625,0,0,0.0,0.0,0.0,0.578125,0.625,0.12409483393455135
2,8,2,2,0.125,0,2,1.0,0.0,0.34890340282585425,0.0,0.75,-0.11878960882608527
2,8,2,3,0.125,0,0,0.0,0.0,0.0,0.265625,0.43229166666666663,0.08062369551888174
2,8,3,0,0.125,0,0,0.0,0.010690513362264786,0.010690513362264786,0.38541666666666663,0.3958333333333333,0.013337427459983283
2,8,3,1,0.125,0,0,0.0,0.010690513362264786,0.010690513362264786,0.08333333333333333,0.5833333333333333,0.012719591992788586
2,8,3,2,0.125,2,2,0.0,0.21509100621952554,0.21509100621952554,0.65625,0.75,-0.04209411448126719
2,8,3,3,0.625,0,0,0.0,0.010690513362264786,0.010690513362264786,0.15104166666666669,0.18229166666666666,0.012390084437998624
2,9,0,0,0.625,0,0,0.0,0.0006198179102521184,0.0006198179102521184,0.17708333333333331,0.17708333333333331,0.007461337270378712
2,9,0,1,0.125,0,0,0.0,0.0006198179102521184,0.0006198179102521184,0.08333333333333333,0.234375,0.007787656129071017
2,9,0,2,0.125,2,2,0.0,0.15392552828459116,0.15392552828459116,0.8333333333333333,0.8333333333333333,-0.024660619961002377
2,9,0,3,0.125,0,0,0.0,0.0006198179102521184,0.0006198179102521184,0.09895833333333333,0.125,0.013486005024482684
2,9,1,0,0.125,0,0,0.0,0.0006814549911198231,0.0006814549911198231,0.17708333333333331,0.18229166666666666,0.006088263013026669
2,9,1,1,0.125,0,0,0.0,0.0006814549911198231,0.0006814549911198231,0.08333333333333333,0.22395833333333331,0.006484805953526387
2,9,1,2,0.625,2,2,0.0,0.1386585699448537,0.1386585699448537,0.7864583333333333,0.7864583333333333,-0.02123990336640056
2,9,1,3,0.125,0,0,0.0,0.0006814549911198231,0.0006814549911198231,0.09375,0.11458333333333333,0.011984283472253509
2,9,2,0,0.125,1,0,1.0,0.006094941516038621,0.0,0.03125,0.5520833333333333,0.12082552997658047
2,9,2,1,0.625,0,0,0.0,0.0,0.0,0.59375,0.6197916666666666,0.12304192317164031
2,9,2,2,0.125,0,2,1.0,0.0,0.3501178019834095,0.0,0.75,-0.11823053280957185
2,9,2,3,0.125,0,0,0.0,0.0,0.0,0.26041666666666663,0.4270833333333333,0.08351359831088621
2,9,3,0,0.125,0,0,0.0,0.007862248340544165,0.007862248340544165,0.27604166666666663,0.27604166666666663,0.012964878741655719
2,9,3,1,0.125,0,0,0.0,0.007862248340544165,0.007862248340544165,0.08333333333333333,0.5104166666666666,0.013124941068055836
2,9,3,2,0.125,2,2,0.0,0.2111560602672901,0.2111560602672901,0.6822916666666666,0.75,-0.038700395237645846
2,9,3,3,0.625,0,0,0.0,0.007862248340544165,0.007862248340544165,0.15104166666666669,0.17708333333333334,0.009974088292588036
2,10,0,0,0.625,0,0,0.0,0.0009070867600728949,0.0009070867600728949,0.17708333333333331,0.17708333333333331,0.00631079337739869
2,10,0,1,0.125,0,0,0.0,0.0009070867600728949,0.0009070867600728949,0.08333333333333333,0.2708333333333333,0.0068537542149300305
2,10,0,2,0.125,2,2,0.0,0.15011975870723404,0.15011975870723404,0.765625,0.765625,-0.024302460971662006
2,10,0,3,0.125,0,0,0.0,0.0009070867600728949,0.0009070867600728949,0.09895833333333333,0.11458333333333333,0.012541392020617602
2,10,1,0,0.125,0,0,0.0,0.0007430920719877498,0.0007430920719877498,0.17708333333333331,0.17708333333333331,0.007071102592645407
2,10,1,1,0.125,0,0,0.0,0.0007430920719877498,0.0007430920719877498,0.08333333333333333,0.25,0.006646935467778116
2,10,1,2,0.625,2,2,0.0,0.14101324733537235,0.14101324733537235,0.765625,0.765625,-0.022622248936465653
2,10,1,3,0.125,0,0,0.0,0.0007430920719877498,0.0007430920719877498,0.09895833333333333,0.109375,0.01176254149201278
2,10,2,0,0.125,0,0,0.0,0.0,0.0,0.03125,0.5260416666666666,0.11947339652857439
2,10,2,1,0.625,0,0,0.0,0.0,0.0,0.6041666666666666,0.640625,0.12414848652983748
2,10,2,2,0.125,0,2,1.0,0.0,0.3509472373538986,0.0,0.75,-0.1173154104061719
2,10,2,3,0.125,0,0,0.0,0.0,0.0,0.29166666666666663,0.44791666666666663,0.08063820860814558
2,10,3,0,0.125,0,0,0.0,0.0095454290876269,0.0095454290876269,0.38541666666666663,0.38541666666666663,0.013209726582811325
2,10,3,1,0.125,0,0,0.0,0.0095454290876269,0.0095454290876269,0.08333333333333333,0.5729166666666666,0.01339878386349435
2,10,3,2,0.125,2,2,0.0,0.21356272457911885,0.21356272457911885,0.6770833333333333,0.75,-0.04089465618604259
2,10,3,3,0.625,0,0,0.0,0.0095454290876269,0.0095454290876269,0.16666666666666669,0.19270833333333331,0.012668122951816976
2,11,0,0,0.625,0,0,0.0,0.0006814549911198231,0.0006814549911198231,0.171875,0.17708333333333331,0.006087039586359585
2,11,0,1,0.125,0,0,0.0,0.0006814549911198231,0.0006814549911198231,0.08333333333333333,0.23958333333333331,0.005923740421050811
2,11,0,2,0.125,2,2,0.0,0.1361559096669448,0.1361559096669448,0.7708333333333333,0.7708333333333333,-0.0211247456179237
2,11,0,3,0.125,0,0,0.0,0.0006814549911198231,0.0006814549911198231,0.09895833333333333,0.11458333333333333,0.011849022064748246
2,11,1,0,0.125,0,0,0.0,0.0006814549911198231,0.0006814549911198231,0.16666666666666666,0.17708333333333331,0.0060279423317586185
2,11,1,1,0.125,0,0,0.0,0.0006814549911198231,0.0006814549911198231,0.08333333333333333,0.21875,0.005627815238802164
2,11,1,2,0.625,2,2,0.0,0.13311117548671358,0.13311117548671358,0.7291666666666666,0.7291666666666666,-0.020581927464413403
2,11,1,3,0.125,0,0,0.0,0.0006814549911198231,0.0006814549911198231,0.08854166666666666,0.109375,0.011303999622458876
2,11,2,0,0.125,1,0,1.0,0.0038530142612668294,0.0,0.03125,0.5208333333333333,0.11809225609741705
2,11,2,1,0.625,0,0,0.0,0.0,0.0,0.6041666666666666,0.6302083333333333,0.12127239422103767
2,11,2,2,0.125,0,2,1.0,0.0,0.3489542545462493,0.0,0.75,-0.11720839196912446
2,11,2,3,0.125,0,0,0.0,0.0,0.0,0.3125,0.453125,0.08180980396591502
2,11,3,0,0.125,0,0,0.0,0.007863828662075134,0.007863828662075134,0.26041666666666663,0.26041666666666663,0.011099159705662786
2,11,3,1,0.125,0,0,0.0,0.007863828662075134,0.007863828662075134,0.08333333333333333,0.46874999999999994,0.01152766691228
2,11,3,2,0.125,2,2,0.0,0.20562867208479302,0.20562867208479302,0.6927083333333333,0.75,-0.03697202855687491
2,11,3,3,0.625,0,0,0.0,0.007863828662075134,0.007863828662075134,0.11979166666666667,0.15104166666666666,0.009810505090255115
2,12,0,0,0.625,0,0,0.0,0.0009070867600728949,0.0009070867600728949,0.17708333333333331,0.17708333333333331,0.005815488727879388
2,12,0,1,0.125,0,0,0.0,0.0009070867600728949,0.0009070867600728949,0.08333333333333333,0.25,0.005502896017840935
2,12,0,2,0.125,2,2,0.0,0.1427014140809454,0.1427014140809454,0.7760416666666666,0.7760416666666666,-0.021989360635896123
2,12,0,3,0.125,0,0,0.0,0.0009070867600728949,0.0009070867600728949,0.09375,0.11458333333333333,0.012472543703434622
2,12,1,0,0.125,0,0,0.0,0.0007430920719877498,0.0007430920719877498,0.17708333333333331,0.17708333333333331,0.006524951368277695
2,12,1,1,0.125,0,0,0.0,0.0007430920719877498,0.0007430920719877498,0.08333333333333333,0.24479166666666663,0.006819204018950684
2,12,1,2,0.625,2,2,0.0,0.14266022458137262,0.14266022458137262,0.78125,0.78125,-0.022532102615157854
2,12,1,3,0.125,0,0,0.0,0.0007430920719877498,0.0007430920719877498,0.09375,0.11458333333333333,0.012271909612853174
2,12,2,0,0.125,1,0,1.0,0.010672523399264944,0.0,0.026041666666666668,0.5416666666666666,0.12047592690300156
2,12,2,1,0.625,0,0,0.0,0.0,0.0,0.6041666666666666,0.6354166666666666,0.12411576428759324
2,12,2,2,0.125,0,2,1.0,0.0,0.35061295802867765,0.0,0.75,-0.11492212635228886
2,12,2,3,0.125,0,0,0.0,0.0,0.0,0.28125,0.43229166666666663,0.07851455314789549
2,12,3,0,0.125,0,0,0.0,0.010797110016954159,0.010797110016954159,0.3802083333333333,0.39583333333333326,0.013687945004488809
2,12,3,1,0.125,0,0,0.0,0.010797110016954159,0.010797110016954159,0.08333333333333333,0.5625,0.01364862846362199
2,12,3,2,0.125,2,2,0.0,0.22138050106242863,0.22138050106242863,0.65625,0.75,-0.04249617923429498
2,12,3,3,0.625,0,0,0.0,0.010797110016954159,0.010797110016954159,0.16666666666666669,0.19791666666666666,0.014339303060608634
2,13,0,0,0.625,0,0,0.0,0.00016009165740960007,0.00016009165740960007,0.16145833333333331,0.171875,0.005890167152571939
2,13,0,1,0.125,0,0,0.0,0.00016009165740960007,0.00016009165740960007,0.08333333333333333,0.18229166666666666,0.005827500807393151
2,13,0,2,0.125,2,2,0.0,0.11973482377907618,0.11973482377907618,0.7135416666666666,0.7135416666666666,-0.018982158346902027
2,13,0,3,0.125,0,0,0.0,0.00016009165740960007,0.00016009165740960007,0.078125,0.09895833333333333,0.009499288571963783
2,13,1,0,0.125,0,0,0.0,0.00016009165740960007,0.00016009165740960007,0.16145833333333331,0.171875,0.0055173539465689135
2,13,1,1,0.125,0,0,0.0,0.00016009165740960007,0.00016009165740960007,0.08333333333333333,0.17708333333333331,0.005717516837657651
2,13,1,2,0.625,2,2,0.0,0.11800670606989505,0.11800670606989505,0.703125,0.7135416666666666,-0.018488084933535005
2,13,1,3,0.125,0,0,0.0,0.00016009165740960007,0.00016009165740960007,0.07291666666666666,0.09895833333333333,0.009172167741007261
2,13,2,0,0.125,1,0,1.0,0.006622699541126598,0.0,0.020833333333333336,0.515625,0.11521105257005254
2,13,2,1,0.625,0,0,0.0,0.0,0.0,0.47395833333333326,0.6510416666666666,0.11945624372190108
2,13,2,2,0.125,0,2,1.0,0.0,0.34270333381866613,0.0,0.75,-0.11145965832447546
2,13,2,3,0.125,0,0,0.0,0.0,0.0,0.25,0.421875,0.08003124033806501
2,13,3,0,0.125,0,0,0.0,0.006595502678487186,0.006595502678487186,0.24479166666666666,0.24479166666666666,0.008407774215856787
2,13,3,1,0.125,0,0,0.0,0.006595502678487186,0.006595502678487186,0.08333333333333333,0.375,0.008655740571671238
2,13,3,2,0.125,2,2,0.0,0.18784507022102398,0.18784507022102398,0.7239583333333333,0.734375,-0.03387802153070128
2,13,3,3,0.625,0,0,0.0,0.006595502678487186,0.006595502678487186,0.07291666666666666,0.11979166666666666,0.007951704867407356
2,14,0,0,0.625,0,0,0.0,0.00016009165740960007,0.00016009165740960007,0.15104166666666666,0.16666666666666666,0.006710887270095958
2,14,0,1,0.125,0,0,0.0,0.00016009165740960007,0.00016009165740960007,0.08333333333333333,0.21875,0.0059227160023717414
2,14,0,2,0.125,2,2,0.0,0.13394091119300544,0.13394091119300544,0.734375,0.734375,-0.021555683349679063
2,14,0,3,0.125,0,0,0.0,0.00016009165740960007,0.00016009165740960007,0.09375,0.10416666666666666,0.010935070481187642
2,14,1,0,0.125,0,0,0.0,0.00016009165740960007,0.00016009165740960007,0.16145833333333331,0.171875,0.006332660448834775
2,14,1,1,0.125,0,0,0.0,0.00016009165740960007,0.00016009165740960007,0.08333333333333333,0.1875,0.006362903040065617
2,14,1,2,0.625,2,2,0.0,0.12744711173597567,0.12744711173597567,0.734375,0.734375,-0.02049169456253052
2,14,1,3,0.125,0,0,0.0,0.00016009165740960007,0.00016009165740960007,0.08854166666666666,0.10416666666666666,0.009932395639342097
2,14,2,0,0.125,1,0,1.0,0.00939620224355342,0.0,0.06770833333333334,0.49999999999999994,0.11625138449137969
2,14,2,1,0.625,0,0,0.0,0.0,0.0,0.42708333333333326,0.625,0.11751033464459591
2,14,2,2,0.125,0,2,1.0,0.0,0.34641269104136185,0.0,0.75,-0.11230652018355976
2,14,2,3,0.125,0,0,0.0,0.0,0.0,0.265625,0.44791666666666663,0.08410411914618042
2,14,3,0,0.125,0,0,0.0,0.005429501849331109,0.005429501849331109,0.234375,0.234375,0.008462158661669163
2,14,3,1,0.125,0,0,0.0,0.005429501849331109,0.005429501849331109,0.08333333333333333,0.39062499999999994,0.008743072134653043
2,14,3,2,0.125,2,2,0.0,0.1870849171107289,0.1870849171107289,0.7239583333333333,0.7395833333333333,-0.03386530573351184
2,14,3,3,0.625,0,0,0.0,0.005429501849331109,0.005429501849331109,0.07291666666666666,0.11458333333333333,0.0076168810347517785
2,15,0,0,0.625,0,0,0.0,0.00016009165740960007,0.00016009165740960007,0.15625,0.16666666666666666,0.006430513138031805
2,15,0,1,0.125,0,0,0.0,0.00016009165740960007,0.00016009165740960007,0.08333333333333333,0.21354166666666666,0.00688150442558044
2,15,0,2,0.125,2,2,0.0,0.1457191354317423,0.1457191354317423,0.734375,0.734375,-0.024015017251896822
2,15,0,3,0.125,0,0,0.0,0.00016009165740960007,0.00016009165740960007,0.09895833333333333,0.11458333333333333,0.012341667859516335
2,15,1,0,0.125,0,0,0.0,0.00016009165740960007,0.00016009165740960007,0.16145833333333331,0.16666666666666666,0.006263973333560949
2,15,1,1,0.125,0,0,0.0,0.00016009165740960007,0.00016009165740960007,0.08333333333333333,0.203125,0.0067062317366499355
2,15,1,2,0.625,2,2,0.0,0.13252539525219698,0.13252539525219698,0.7291666666666666,0.7291666666666666,-0.02125839841817872
2,15,1,3,0.125,0,0,0.0,0.00016009165740960007,0.00016009165740960007,0.09895833333333333,0.10416666666666666,0.010748623301947764
2,15,2,0,0.125,1,0,1.0,0.007379912917507947,0.0,0.026041666666666668,0.546875,0.12107939666579862
2,15,2,1,0.625,0,0,0.0,0.0,0.0,0.59375,0.625,0.12181010638501726
2,15,2,2,0.125,0,2,1.0,0.0,0.3493829210029443,0.0,0.75,-0.11742793277874178
2,15,2,3,0.125,0,0,0.0,0.0,0.0,0.296875,0.44791666666666663,0.08329319125318044
2,15,3,0,0.125,0,0,0.0,0.007095429755242355,0.007095429755242355,0.24479166666666666,0.24479166666666666,0.009974842531757254
2,15,3,1,0.125,0,0,0.0,0.007095429755242355,0.007095429755242355,0.08333333333333333,0.4114583333333333,0.010016202392953831
2,15,3,2,0.125,2,2,0.0,0.20064130561622068,0.20064130561622068,0.6927083333333333,0.75,-0.03597064462161959
2,15,3,3,0.625,0,0,0.0,0.007095429755242355,0.007095429755242355,0.11979166666666667,0.15104166666666666,0.00804303648093212
2,16,0,0,0.625,0,0,0.0,0.0012312521483408556,0.0012312521483408556,0.17708333333333331,0.17708333333333331,0.007179174143670207
2,16,0,1,0.125,0,0,0.0,0.0012312521483408556,0.0012312521483408556,0.08333333333333333,0.2552083333333333,0.007145600637162821
2,16,0,2,0.125,2,2,0.0,0.15735155628365793,0.15735155628365793,0.7916666666666666,0.7916666666666666,-0.025444685921301908
2,16,0,3,0.125,0,0,0.0,0.0012312521483408556,0.0012312521483408556,0.09375,0.11979166666666666,0.013851352996924316
2,16,1,0,0.125,0,0,0.0,0.0006814549911198231,0.0006814549911198231,0.17708333333333331,0.17708333333333331,0.006398231641504938
2,16,1,1,0.125,0,0,0.0,0.0006814549911198231,0.0006814549911198231,0.08333333333333333,0.234375,0.006968031478921079
2,16,1,2,0.625,2,2,0.0,0.1512743581039211,0.1512743581039211,0.7916666666666666,0.7916666666666666,-0.023812101185714717
2,16,1,3,0.125,0,0,0.0,0.0006814549911198231,0.0006814549911198231,0.09895833333333333,0.11979166666666666,0.013824924218562552
2,16,2,0,0.125,1,0,1.0,0.012293679478823538,0.0,0.026041666666666668,0.546875,0.12212260661217207
2,16,2,1,0.625,0,0,0.0,0.0,0.0,0.578125,0.6354166666666666,0.12489309292965571
2,16,2,2,0.125,0,2,1.0,0.0,0.3537616070285576,0.0,0.75,-0.11889694725315111
2,16,2,3,0.125,0,0,0.0,0.0,0.0,0.26041666666666663,0.4270833333333333,0.08547468303809783
2,16,3,0,0.125,0,0,0.0,0.006827984388059871,0.006827984388059871,0.32291666666666663,0.32291666666666663,0.011761121486923019
2,16,3,1,0.125,0,0,0.0,0.006827984388059871,0.006827984388059871,0.08333333333333333,0.5364583333333333,0.011734490544164478
2,16,3,2,0.125,2,2,0.0,0.20710614296709812,0.20710614296709812,0.6927083333333333,0.75,-0.0385134713405047
2,16,3,3,0.625,0,0,0.0,0.006827984388059871,0.006827984388059871,0.16666666666666669,0.18229166666666669,0.008013553747641828
2,17,0,0,0.625,0,0,0.0,0.0006814549911198231,0.0006814549911198231,0.16666666666666666,0.17708333333333331,0.006145185633415887
2,17,0,1,0.125,0,0,0.0,0.0006814549911198231,0.0006814549911198231,0.08333333333333333,0.23958333333333331,0.006042972332114261
2,17,0,2,0.125,2,2,0.0,0.14201703136953814,0.14201703136953814,0.75,0.75,-0.022635835709754693
2,17,0,3,0.125,0,0,0.0,0.0006814549911198231,0.0006814549911198231,0.09895833333333333,0.11458333333333333,0.012586792694648186
2,17,1,0,0.125,0,0,0.0,0.00022172873827752682,0.00022172873827752682,0.17708333333333331,0.18229166666666666,0.0055127330417948685
2,17,1,1,0.125,0,0,0.0,0.00022172873827752682,0.00022172873827752682,0.08333333333333333,0.20833333333333331,0.005541462532992119
2,17,1,2,0.625,2,2,0.0,0.12772784781828117,0.12772784781828117,0.7291666666666666,0.7291666666666666,-0.01981298125488049
2,17,1,3,0.125,0,0,0.0,0.00022172873827752682,0.00022172873827752682,0.09375,0.11458333333333333,0.010767763586183495
2,17,2,0,0.125,1,0,1.0,0.003991893559382675,0.0,0.015625000000000003,0.5104166666666666,0.1164090562144525
2,17,2,1,0.625,0,0,0.0,0.0,0.0,0.6302083333333333,0.6510416666666666,0.12312110350333078
2,17,2,2,0.125,0,2,1.0,0.0,0.3474100450485126,0.0,0.75,-0.11687519760254117
2,17,2,3,0.125,0,0,0.0,0.0,0.0,0.296875,0.4427083333333333,0.08209297964155929
2,17,3,0,0.125,0,0,0.0,0.006485257808156231,0.006485257808156231,0.26041666666666663,0.26041666666666663,0.012987767693753798
2,17,3,1,0.125,0,0,0.0,0.006485257808156231,0.006485257808156231,0.08333333333333333,0.47395833333333326,0.013117196254363235
2,17,3,2,0.125,2,2,0.0,0.20782618639038186,0.20782618639038186,0.6875,0.75,-0.03841822702670394
2,17,3,3,0.625,0,0,0.0,0.006485257808156231,0.006485257808156231,0.13541666666666669,0.16145833333333331,0.009160352468627241
2,18,0,0,0.625,0,0,0.0,0.0006198179102521184,0.0006198179102521184,0.15104166666666666,0.16666666666666666,0.0058991937210935074
2,18,0,1,0.125,0,0,0.0,0.0006198179102521184,0.0006198179102521184,0.08333333333333333,0.22916666666666663,0.005840996382092256
2,18,0,2,0.125,2,2,0.0,0.13931597021639985,0.13931597021639985,0.734375,0.734375,-0.02239065822760917
2,18,0,3,0.125,0,0,0.0,0.0006198179102521184,0.0006198179102521184,0.09895833333333333,0.11458333333333333,0.011952684204548491
2,18,1,0,0.125,0,0,0.0,0.0006198179102521184,0.0006198179102521184,0.17708333333333331,0.17708333333333331,0.006959951473124374
2,18,1,1,0.125,0,0,0.0,0.0006198179102521184,0.0006198179102521184,0.08333333333333333,0.22916666666666663,0.006506674404562072
2,18,1,2,0.625,2,2,0.0,0.14462983495512094,0.14462983495512094,0.75,0.75,-0.023492507048630127
2,18,1,3,0.125,0,0,0.0,0.0006198179102521184,0.0006198179102521184,0.09895833333333333,0.11458333333333333,0.012349907363970878
2,18,2,0,0.125,1,0,1.0,0.008723016117371807,0.0,0.03125,0.5104166666666666,0.11802242872416242
2,18,2,1,0.625,0,0,0.0,0.0,0.0,0.6302083333333333,0.6666666666666666,0.12189242825377619
2,18,2,2,0.125,0,2,1.0,0.0,0.34924691789090445,0.0,0.75,-0.11672042291556045
2,18,2,3,0.125,0,0,0.0,0.0,0.0,0.3125,0.4583333333333333,0.08365270401827712
2,18,3,0,0.125,0,0,0.0,0.00704676621639333,0.00704676621639333,0.23958333333333331,0.24479166666666666,0.010103692729443075
2,18,3,1,0.125,0,0,0.0,0.00704676621639333,0.00704676621639333,0.08333333333333333,0.4270833333333333,0.01035275972240668
2,18,3,2,0.125,2,2,0.0,0.20371459429582023,0.20371459429582023,0.7083333333333333,0.7291666666666666,-0.0377216034234888
2,18,3,3,0.625,0,0,0.0,0.00704676621639333,0.00704676621639333,0.13541666666666669,0.16666666666666666,0.008477390698499284
2,19,0,0,0.625,0,0,0.0,0.00016009165740960007,0.00016009165740960007,0.15625,0.16666666666666666,0.0057093775050746235
2,19,0,1,0.125,0,0,0.0,0.00016009165740960007,0.00016009165740960007,0.08333333333333333,0.17708333333333331,0.0056811746372310784
2,19,0,2,0.125,2,2,0.0,0.12076921983612343,0.12076921983612343,0.71875,0.7291666666666666,-0.018965714582795834
2,19,0,3,0.125,0,0,0.0,0.00016009165740960007,0.00016009165740960007,0.08854166666666666,0.10416666666666666,0.00964978992533425
2,19,1,0,0.125,0,0,0.0,0.00016009165740960007,0.00016009165740960007,0.15625,0.16666666666666666,0.005179929222161246
2,19,1,1,0.125,0,0,0.0,0.00016009165740960007,0.00016009165740960007,0.07291666666666666,0.17708333333333331,0.005571580617410185
2,19,1,2,0.625,2,2,0.0,0.11631239890806921,0.11631239890806921,0.703125,0.7135416666666666,-0.018366458487148317
2,19,1,3,0.125,0,0,0.0,0.00016009165740960007,0.00016009165740960007,0.07291666666666666,0.09895833333333333,0.008888777494178655
2,19,2,0,0.125,1,0,1.0,0.011313636740003963,0.0,0.041666666666666664,0.5052083333333333,0.1150355009428434
2,19,2,1,0.625,0,0,0.0,0.0,0.0,0.45833333333333326,0.6458333333333333,0.11831697029718376
2,19,2,2,0.125,0,2,1.0,0.0,0.34684039227010444,0.0,0.75,-0.11328638132353819
2,19,2,3,0.125,0,0,0.0,0.0,0.0,0.234375,0.41666666666666663,0.08109212312887296
2,19,3,0,0.125,0,0,0.0,0.00572523341408826,0.00572523341408826,0.24479166666666666,0.24479166666666666,0.008862638257330965
2,19,3,1,0.125,0,0,0.0,0.00572523341408826,0.00572523341408826,0.08333333333333333,0.359375,0.008778312336343519
2,19,3,2,0.125,2,2,0.0,0.1893745294252786,0.1893745294252786,0.7291666666666666,0.7447916666666666,-0.034204985898966006
2,19,3,3,0.625,0,0,0.0,0.00572523341408826,0.00572523341408826,0.07291666666666666,0.11979166666666666,0.006782513912101607
2,20,0,0,0.625,0,0,0.0,0.0009070867600728949,0.0009070867600728949,0.17708333333333331,0.17708333333333331,0.007334707484943281
2,20,0,1,0.125,0,0,0.0,0.0009070867600728949,0.0009070867600728949,0.08333333333333333,0.234375,0.0070642835274035125
2,20,0,2,0.125,2,2,0.0,0.15756543870695094,0.15756543870695094,0.8072916666666666,0.8072916666666666,-0.025383332720629564
2,20,0,3,0.125,0,0,0.0,0.0009070867600728949,0.0009070867600728949,0.09895833333333333,0.125,0.013792394036909527
2,20,1,0,0.125,0,0,0.0,0.0006814549911198231,0.0006814549911198231,0.171875,0.17708333333333331,0.006300483198375957
2,20,1,1,0.125,0,0,0.0,0.0006814549911198231,0.0006814549911198231,0.08333333333333333,0.22916666666666663,0.0063102094781114365
2,20,1,2,0.625,2,2,0.0,0.14301621877709314,0.14301621877709314,0.765625,0.765625,-0.022594071446823266
2,20,1,3,0.125,0,0,0.0,0.0006814549911198231,0.0006814549911198231,0.09895833333333333,0.11458333333333333,0.012780072305438667
2,20,2,0,0.125,1,0,1.0,0.008215078700720801,0.0,0.026041666666666668,0.5260416666666666,0.11989130634560072
2,20,2,1,0.625,0,0,0.0,0.0,0.0,0.5989583333333333,0.6145833333333333,0.12107872512178042
2,20,2,2,0.125,0,2,1.0,0.0,0.35087929095625603,0.0,0.75,-0.11651093560932467
2,20,2,3,0.125,0,0,0.0,0.0,0.0,0.296875,0.4427083333333333,0.08090413335951023
2,20,3,0,0.125,0,0,0.0,0.009384394251463979,0.009384394251463979,0.33854166666666663,0.33854166666666663,0.013131076645554716
2,20,3,1,0.125,0,0,0.0,0.009384394251463979,0.009384394251463979,0.08333333333333333,0.5260416666666666,0.012541508588923493
2,20,3,2,0.125,2,2,0.0,0.20610542070128723,0.20610542070128723,0.6822916666666666,0.75,-0.03811544690706004
2,20,3,3,0.625,0,0,0.0,0.009384394251463979,0.009384394251463979,0.16666666666666669,0.17708333333333334,0.009374926823091243
2,21,0,0,0.625,0,0,0.0,0.0006198179102521184,0.0006198179102521184,0.17708333333333331,0.17708333333333331,0.006183856597793294
2,21,0,1,0.125,0,0,0.0,0.0006198179102521184,0.0006198179102521184,0.08333333333333333,0.20833333333333331,0.005850006776206446
2,21,0,2,0.125,2,2,0.0,0.14165226166611122,0.14165226166611122,0.7760416666666666,0.7760416666666666,-0.022127599349083524
2,21,0,3,0.125,0,0,0.0,0.0006198179102521184,0.0006198179102521184,0.09895833333333333,0.11458333333333333,0.01255397741907991
2,21,1,0,0.125,0,0,0.0,0.0006198179102521184,0.0006198179102521184,0.16666666666666666,0.171875,0.0052937862300483935
2,21,1,1,0.125,0,0,0.0,0.0006198179102521184,0.0006198179102521184,0.08333333333333333,0.21875,0.005493448047485486
2,21,1,2,0.625,2,2,0.0,0.12371478190316021,0.12371478190316021,0.71875,0.71875,-0.018527554157043297
2,21,1,3,0.125,0,0,0.0,0.0006198179102521184,0.0006198179102521184,0.08854166666666666,0.10416666666666666,0.010269203206967661
2,21,2,0,0.125,1,0,1.0,0.008887370481878043,0.0,0.026041666666666668,0.5104166666666666,0.1187709849087337
2,21,2,1,0.625,0,0,0.0,0.0,0.0,0.6041666666666666,0.640625,0.12103716993494108
2,21,2,2,0.125,0,2,1.0,0.0,0.3487372959013433,0.0,0.75,-0.11838019991667165
2,21,2,3,0.125,0,0,0.0,0.0,0.0,0.296875,0.44791666666666663,0.08312365009249127
2,21,3,0,0.125,0,0,0.0,0.007119280623183233,0.007119280623183233,0.29166666666666663,0.29166666666666663,0.012130465962770532
2,21,3,1,0.125,0,0,0.0,0.007119280623183233,0.007119280623183233,0.08333333333333333,0.5104166666666666,0.012323616033480558
2,21,3,2,0.125,2,2,0.0,0.20667839940256527,0.20667839940256527,0.6875,0.75,-0.037584709891118014
2,21,3,3,0.625,0,0,0.0,0.007119280623183233,0.007119280623183233,0.13541666666666669,0.16666666666666666,0.008973072313484732
2,22,0,0,0.625,0,0,0.0,0.0008454496792051902,0.0008454496792051902,0.17708333333333331,0.17708333333333331,0.005876252138986144
2,22,0,1,0.125,0,0,0.0,0.0008454496792051902,0.0008454496792051902,0.08333333333333333,0.2552083333333333,0.006136900058512052
2,22,0,2,0.125,2,2,0.0,0.14735665546734744,0.14735665546734744,0.7395833333333333,0.7395833333333333,-0.023670873235010353
2,22,0,3,0.125,0,0,0.0,0.0008454496792051902,0.0008454496792051902,0.09895833333333333,0.11979166666666666,0.012823114070261299
2,22,1,0,0.125,0,0,0.0,0.0009070867600728949,0.0009070867600728949,0.17708333333333331,0.17708333333333331,0.0062775975365446865
2,22,1,1,0.125,0,0,0.0,0.0009070867600728949,0.0009070867600728949,0.08333333333333333,0.25,0.006287890904771233
2,22,1,2,0.625,2,2,0.0,0.14674721064985086,0.14674721064985086,0.8020833333333333,0.8020833333333333,-0.023100621276753813
2,22,1,3,0.125,0,0,0.0,0.0009070867600728949,0.0009070867600728949,0.09895833333333333,0.11979166666666666,0.012972875429206415
2,22,2,0,0.125,1,0,1.0,0.005718682557518506,0.0,0.015625,0.546875,0.1214713044281487
2,22,2,1,0.625,0,0,0.0,0.0,0.0,0.5885416666666666,0.609375,0.122782345012623
2,22,2,2,0.125,0,2,1.0,0.0,0.3504576628387589,0.0,0.75,-0.11698379041428957
2,22,2,3,0.125,0,0,0.0,0.0,0.0,0.265625,0.43229166666666663,0.08181785537633741
2,22,3,0,0.125,0,0,0.0,0.010152472521508304,0.010152472521508304,0.375,0.38541666666666663,0.013671737834384912
2,22,3,1,0.125,0,0,0.0,0.010152472521508304,0.010152472521508304,0.08333333333333333,0.546875,0.012279842381034495
2,22,3,2,0.125,2,2,0.0,0.21530301238943744,0.21530301238943744,0.671875,0.75,-0.04073665081073459
2,22,3,3,0.625,0,0,0.0,0.010152472521508304,0.010152472521508304,0.16666666666666669,0.19791666666666666,0.013026358100915764
2,23,0,0,0.625,0,0,0.0,0.0005581808293841917,0.0005581808293841917,0.17708333333333331,0.17708333333333331,0.007124257322912014
2,23,0,1,0.125,0,0,0.0,0.0005581808293841917,0.0005581808293841917,0.08333333333333333,0.234375,0.007149615386639225
2,23,0,2,0.125,2,2,0.0,0.1475761189650604,0.1475761189650604,0.7916666666666666,0.7916666666666666,-0.023584308914155354
2,23,0,3,0.125,0,0,0.0,0.0005581808293841917,0.0005581808293841917,0.09895833333333333,0.11458333333333333,0.012730850680634502
2,23,1,0,0.125,0,0,0.0,0.0006198179102521184,0.0006198179102521184,0.16145833333333331,0.16666666666666666,0.006430181318092545
2,23,1,1,0.125,0,0,0.0,0.0006198179102521184,0.0006198179102521184,0.08333333333333333,0.21875,0.0056156862725910365
2,23,1,2,0.625,2,2,0.0,0.1344703715459361,0.1344703715459361,0.7239583333333333,0.7239583333333333,-0.021447452939157126
2,23,1,3,0.125,0,0,0.0,0.0006198179102521184,0.0006198179102521184,0.09375,0.10416666666666666,0.010978616438837449
2,23,2,0,0.125,1,0,1.0,0.007101923615784433,0.0,0.020833333333333336,0.53125,0.12036466505314007
2,23,2,1,0.625,0,0,0.0,0.0,0.0,0.5989583333333333,0.6302083333333333,0.12149608505000346
2,23,2,2,0.125,0,2,1.0,0.0,0.34907735398673323,0.0,0.75,-0.11519915047528115
2,23,2,3,0.125,0,0,0.0,0.0,0.0,0.296875,0.44791666666666663,0.08047835164448477
2,23,3,0,0.125,0,0,0.0,0.007205764801923031,0.007205764801923031,0.26041666666666663,0.26041666666666663,0.009018890893248636
2,23,3,1,0.125,0,0,0.0,0.007205764801923031,0.007205764801923031,0.08333333333333333,0.47395833333333326,0.010439910187723903
2,23,3,2,0.125,2,2,0.0,0.19754471643084864,0.19754471643084864,0.6927083333333333,0.7447916666666666,-0.03608783906137318
2,23,3,3,0.625,0,0,0.0,0.007205764801923031,0.007205764801923031,0.13541666666666669,0.16666666666666666,0.008448750402246066
2,24,0,0,0.625,0,0,0.0,0.0005212842909372295,0.0005212842909372295,0.17708333333333331,0.17708333333333331,0.006828573076785556
2,24,0,1,0.125,0,0,0.0,0.0005212842909372295,0.0005212842909372295,0.08333333333333333,0.2552083333333333,0.006819295076698416
2,24,0,2,0.125,2,2,0.0,0.15214868738202303,0.15214868738202303,0.7864583333333333,0.7864583333333333,-0.024908034708164425
2,24,0,3,0.125,0,0,0.0,0.0005212842909372295,0.0005212842909372295,0.09895833333333333,0.11458333333333333,0.013164091975156654
2,24,1,0,0.125,0,0,0.0,0.0006814549911198231,0.0006814549911198231,0.17708333333333331,0.17708333333333331,0.006616033884275413
2,24,1,1,0.125,0,0,0.0,0.0006814549911198231,0.0006814549911198231,0.08333333333333333,0.265625,0.006482692987943525
2,24,1,2,0.625,2,2,0.0,0.1393923452467386,0.1393923452467386,0.75,0.75,-0.022204298182291315
2,24,1,3,0.125,0,0,0.0,0.0006814549911198231,0.0006814549911198231,0.09375,0.109375,0.01167663307622211
2,24,2,0,0.125,1,0,1.0,0.0077590019680192635,0.0,0.015625,0.5520833333333333,0.12146223781484895
2,24,2,1,0.625,0,0,0.0,0.0,0.0,0.5885416666666666,0.6145833333333333,0.12365338140039128
2,24,2,2,0.125,0,2,1.0,0.0,0.34800232366803485,0.0,0.75,-0.1162018431721774
2,24,2,3,0.125,0,0,0.0,0.0,0.0,0.28125,0.4427083333333333,0.07857524486377301
2,24,3,0,0.125,0,0,0.0,0.010066792421337123,0.010066792421337123,0.38541666666666663,0.38541666666666663,0.012831169950838507
2,24,3,1,0.125,0,0,0.0,0.010066792421337123,0.010066792421337123,0.08333333333333333,0.5729166666666666,0.012506903778239237
2,24,3,2,0.125,2,2,0.0,0.21319932609675718,0.21319932609675718,0.6770833333333333,0.75,-0.04138743780717476
2,24,3,3,0.625,0,0,0.0,0.010066792421337123,0.010066792421337123,0.16666666666666669,0.18229166666666669,0.0121414854967884
2,25,0,0,0.625,0,0,0.0,0.00016009165740960007,0.00016009165740960007,0.15104166666666666,0.16666666666666666,0.00579373806266406
2,25,0,1,0.125,0,0,0.0,0.00016009165740960007,0.00016009165740960007,0.08333333333333333,0.203125,0.005265186639728402
2,25,0,2,0.125,2,2,0.0,0.12620933718642857,0.12620933718642857,0.7291666666666666,0.7291666666666666,-0.019641172202442832
2,25,0,3,0.125,0,0,0.0,0.00016009165740960007,0.00016009165740960007,0.10416666666666666,0.109375,0.010595237904026642
2,25,1,0,0.125,0,0,0.0,0.00016009165740960007,0.00016009165740960007,0.15625,0.16666666666666666,0.005417824667995722
2,25,1,1,0.125,0,0,0.0,0.00016009165740960007,0.00016009165740960007,0.08333333333333333,0.18229166666666666,0.005422943608385324
2,25,1,2,0.625,2,2,0.0,0.11885281818813986,0.11885281818813986,0.7083333333333333,0.7083333333333333,-0.018620906656752506
2,25,1,3,0.125,0,0,0.0,0.00016009165740960007,0.00016009165740960007,0.078125,0.09895833333333333,0.009669854622612032
2,25,2,0,0.125,1,0,1.0,0.01166653455742539,0.0,0.07291666666666667,0.5052083333333333,0.11475653051026666
2,25,2,1,0.625,0,0,0.0,0.0,0.0,0.5677083333333333,0.6666666666666666,0.11980747869819103
2,25,2,2,0.125,0,2,1.0,0.0,0.3456817308932718,0.0,0.75,-0.11313569835943904
2,25,2,3,0.125,0,0,0.0,0.0,0.0,0.265625,0.4375,0.08123526193458235
2,25,3,0,0.125,0,0,0.0,0.004188435600422702,0.004188435600422702,0.234375,0.234375,0.008765471085298415
2,25,3,1,0.125,0,0,0.0,0.004188435600422702,0.004188435600422702,0.08333333333333333,0.36979166666666663,0.00847020441513444
2,25,3,2,0.125,2,2,0.0,0.18416168374860187,0.18416168374860187,0.7291666666666666,0.7447916666666666,-0.032042053847920124
2,25,3,3,0.625,0,0,0.0,0.004188435600422702,0.004188435600422702,0.07291666666666666,0.11458333333333333,0.00772983154996288
2,26,0,0,0.625,0,0,0.0,0.0006198179102521184,0.0006198179102521184,0.17708333333333331,0.17708333333333331,0.0068622758976901056
2,26,0,1,0.125,0,0,0.0,0.0006198179102521184,0.0006198179102521184,0.08333333333333333,0.25,0.006444089500657429
2,26,0,2,0.125,2,2,0.0,0.1473752277385283,0.1473752277385283,0.7916666666666666,0.7916666666666666,-0.023248918803704412
2,26,0,3,0.125,0,0,0.0,0.0006198179102521184,0.0006198179102521184,0.09895833333333333,0.11458333333333333,0.013026515790280593
2,26,1,0,0.125,0,0,0.0,0.0006814549911198231,0.0006814549911198231,0.171875,0.17708333333333331,0.005662593713831433
2,26,1,1,0.125,0,0,0.0,0.0006814549911198231,0.0006814549911198231,0.08333333333333333,0.23437499999999997,0.005566798270312769
2,26,1,2,0.625,2,2,0.0,0.13599241851017496,0.13599241851017496,0.7604166666666666,0.7604166666666666,-0.020748709892894422
2,26,1,3,0.125,0,0,0.0,0.0006814549911198231,0.0006814549911198231,0.09375,0.109375,0.012192737282117309
2,26,2,0,0.125,0,0,0.0,0.0,0.0,0.046875,0.5260416666666666,0.11811091427354035
2,26,2,1,0.625,0,0,0.0,0.0,0.0,0.609375,0.6354166666666666,0.1219182837022578
2,26,2,2,0.125,0,2,1.0,0.0,0.34873647771736216,0.0,0.75,-0.11665141518780378
2,26,2,3,0.125,0,0,0.0,0.0,0.0,0.296875,0.44791666666666663,0.08139558304298083
2,26,3,0,0.125,0,0,0.0,0.0066884288535153935,0.0066884288535153935,0.26041666666666663,0.26041666666666663,0.011320735027881518
2,26,3,1,0.125,0,0,0.0,0.0066884288535153935,0.0066884288535153935,0.08333333333333333,0.484375,0.011884653467070133
2,26,3,2,0.125,2,2,0.0,0.2041252750937359,0.2041252750937359,0.6927083333333333,0.75,-0.03678148213818702
2,26,3,3,0.625,0,0,0.0,0.0066884288535153935,0.0066884288535153935,0.13541666666666669,0.16666666666666666,0.008600015094101264
2,27,0,0,0.625,0,0,0.0,0.00016009165740960007,0.00016009165740960007,0.16145833333333331,0.16666666666666666,0.0063368404543928435
2,27,0,1,0.125,0,0,0.0,0.00016009165740960007,0.00016009165740960007,0.08333333333333333,0.22395833333333331,0.005837978930776069
2,27,0,2,0.125,2,2,0.0,0.1332664858508822,0.1332664858508822,0.7239583333333333,0.7239583333333333,-0.02143313626481652
2,27,0,3,0.125,0,0,0.0,0.00016009165740960007,0.00016009165740960007,0.09375,0.109375,0.010929384782288954
2,27,1,0,0.125,0,0,0.0,0.00016009165740960007,0.00016009165740960007,0.15625,0.16666666666666666,0.006448846708218795
2,27,1,1,0.125,0,0,0.0,0.00016009165740960007,0.00016009165740960007,0.08333333333333333,0.22395833333333331,0.006265904529469126
2,27,1,2,0.625,2,2,0.0,0.1275006851501853,0.1275006851501853,0.734375,0.734375,-0.02024538370287779
2,27,1,3,0.125,0,0,0.0,0.00016009165740960007,0.00016009165740960007,0.08333333333333333,0.09895833333333333,0.010183444340778315
2,27,2,0,0.125,1,0,1.0,0.010328444657099478,0.0,0.046875,0.5,0.11641593836622446
2,27,2,1,0.625,0,0,0.0,0.0,0.0,0.5208333333333333,0.640625,0.11933857691259829
2,27,2,2,0.125,0,2,1.0,0.0,0.34742755418895654,0.0,0.75,-0.11285487004783075
2,27,2,3,0.125,0,0,0.0,0.0,0.0,0.28125,0.44791666666666663,0.08328622816116381
2,27,3,0,0.125,0,0,0.0,0.0066362232048367,0.0066362232048367,0.24479166666666666,0.24479166666666666,0.01071082359759169
2,27,3,1,0.125,0,0,0.0,0.0066362232048367,0.0066362232048367,0.08333333333333333,0.3645833333333333,0.009748583447124398
2,27,3,2,0.125,2,2,0.0,0.2008964987075283,0.2008964987075283,0.71875,0.75,-0.035553876590397035
2,27,3,3,0.625,0,0,0.0,0.0066362232048367,0.0066362232048367,0.10416666666666667,0.140625,0.008696074828639601
3,8,0,0,0.125,0,0,0.0,0.16063467188579938,0.16063467188579938,0.0,0.5729166666666666,-0.056017875633797905
3,8,0,1,0.125,0,0,0.0,0.16063467188579938,0.16063467188579938,0.0,0.26041666666666663,-0.020610347883956524
3,8,0,2,0.625,2,2,0.0,0.0,0.0,0.515625,0.546875,0.05570716465476986
3,8,0,3,0.125,2,2,0.0,0.0,0.0,0.265625,0.7552083333333333,0.06672517568167591
3,8,1,0,0.125,0,0,0.0,0.10025326489975994,0.10025326489975994,0.203125,0.6354166666666666,-0.03195682638592473
3,8,1,1,0.125,0,0,0.0,0.10025326489975994,0.10025326489975994,0.16145833333333331,0.25,0.0075175228315060814
3,8,1,2,0.125,1,2,1.0,0.014126421302671499,0.0,0.16145833333333331,0.6666666666666666,0.022368730402898083
3,8,1,3,0.625,2,2,0.0,0.0,0.0,0.6822916666666666,0.7291666666666666,0.017574340119829533
3,8,2,0,0.625,0,0,0.0,0.10434674965620894,0.10434674965620894,0.9114583333333333,0.9166666666666666,0.05411743877933143
3,8,2,1,0.125,0,0,0.0,0.10434674965620894,0.10434674965620894,0.22916666666666666,0.359375,0.03921955743611054
3,8,2,2,0.125,1,2,1.0,0.0,0.1347015642601248,0.0625,0.41666666666666663,-0.02555581599616511
3,8,2,3,0.125,1,2,1.0,0.0,0.1347015642601248,0.08854166666666666,0.44791666666666663,-0.03976450752342956
3,8,3,0,0.125,0,0,0.0,0.06301803544601181,0.06301803544601181,0.6979166666666666,0.9166666666666666,0.0760120721330663
3,8,3,1,0.625,0,0,0.0,0.06301803544601181,0.06301803544601181,0.2864583333333333,0.3333333333333333,0.04023738892269748
3,8,3,2,0.125,1,2,1.0,0.0,0.1141216844229217,0.020833333333333332,0.3958333333333333,-0.013639106647377339
3,8,3,3,0.125,1,2,1.0,0.0,0.1141216844229217,0.08333333333333333,0.453125,-0.032049972598546646
3,9,0,0,0.125,0,0,0.0,0.16052843364483704,0.16052843364483704,0.0,0.578125,-0.05583128812389989
3,9,0,1,0.125,0,1,1.0,0.16052843364483704,0.13491146766330075,0.0,0.27604166666666663,-0.017941516112500795
3,9,0,2,0.625,2,2,0.0,0.0,0.0,0.5625,0.5833333333333333,0.056940257150766005
3,9,0,3,0.125,2,2,0.0,0.0,0.0,0.3333333333333333,0.765625,0.06608273294376744
3,9,1,0,0.125,0,0,0.0,0.10344833854615287,0.10344833854615287,0.19791666666666666,0.6197916666666666,-0.03230785560827157
3,9,1,1,0.125,0,0,0.0,0.10344833854615287,0.10344833854615287,0.15625,0.2552083333333333,0.007390297718993083
3,9,1,2,0.125,1,2,1.0,0.007385311345510126,0.0,0.15625,0.6666666666666666,0.020178314721767086
3,9,1,3,0.625,2,2,0.0,0.0,0.0,0.71875,0.75,0.014616097700171363
3,9,2,0,0.625,0,0,0.0,0.10262494107443554,0.10262494107443554,0.90625,0.9166666666666666,0.05588487887781398
3,9,2,1,0.125,0,0,0.0,0.10262494107443554,0.10262494107443554,0.2552083333333333,0.34375,0.038992442425350264
3,9,2,2,0.125,1,2,1.0,0.0,0.12235855566621112,0.0625,0.41666666666666663,-0.017593481744569418
3,9,2,3,0.125,1,2,1.0,0.0,0.12235855566621112,0.08333333333333333,0.4895833333333333,-0.04289401026952016
3,9,3,0,0.125,0,0,0.0,0.05555038363844855,0.05555038363844855,0.6145833333333333,0.9166666666666666,0.07925439325642933
3,9,3,1,0.625,0,0,0.0,0.05555038363844855,0.05555038363844855,0.296875,0.33854166666666663,0.039567650691115105
3,9,3,2,0.125,1,2,1.0,0.0,0.11858004234559505,0.010416666666666666,0.40104166666666663,-0.017754369527886886
3,9,3,3,0.125,1,2,1.0,0.0,0.11858004234559505,0.08333333333333333,0.4270833333333333,-0.03042764003986269
3,10,0,0,0.125,0,0,0.0,0.16241358934429218,0.16241358934429218,0.0,0.5833333333333333,-0.05828109455943249
3,10,0,1,0.125,0,1,1.0,0.16241358934429218,0.13479944291162804,0.0,0.26041666666666663,-0.016392399826577832
3,10,0,2,0.625,2,2,0.0,0.0,0.0,0.5885416666666666,0.609375,0.05934239816848321
3,10,0,3,0.125,2,2,0.0,0.0,0.0,0.3333333333333333,0.734375,0.06305663623474306
3,10,1,0,0.125,0,0,0.0,0.10584992214854194,0.10584992214854194,0.171875,0.6354166666666666,-0.03471338020275637
3,10,1,1,0.125,0,0,0.0,0.10584992214854194,0.10584992214854194,0.140625,0.2552083333333333,0.007690958173013235
3,10,1,2,0.125,1,2,1.0,0.013014785552807107,0.0,0.15625,0.6666666666666666,0.02159874372703943
3,10,1,3,0.625,2,2,0.0,0.0,0.0,0.6822916666666666,0.703125,0.017719170261048557
3,10,2,0,0.625,0,0,0.0,0.09181744091237098,0.09181744091237098,0.8697916666666666,0.9166666666666666,0.059147990826099
3,10,2,1,0.125,0,0,0.0,0.09181744091237098,0.09181744091237098,0.3125,0.328125,0.03611332573123871
3,10,2,2,0.125,1,2,1.0,0.0,0.11868194529897358,0.057291666666666664,0.41666666666666663,-0.017879542831562883
3,10,2,3,0.125,1,2,1.0,0.0,0.11868194529897358,0.08333333333333333,0.46875,-0.043038605676288054
3,10,3,0,0.125,0,0,0.0,0.07320648436813515,0.07320648436813515,0.7708333333333333,0.9166666666666666,0.07068177973778039
3,10,3,1,0.625,0,0,0.0,0.07320648436813515,0.07320648436813515,0.2864583333333333,0.32291666666666663,0.03893246561237384
3,10,3,2,0.125,1,2,1.0,0.0,0.11715750334929698,0.03645833333333333,0.3802083333333333,-0.013368903238250988
3,10,3,3,0.125,1,2,1.0,0.0,0.11715750334929698,0.08333333333333333,0.46354166666666663,-0.034277155173454095
3,11,0,0,0.125,0,0,0.0,0.16430072437747922,0.16430072437747922,0.0,0.5416666666666666,-0.05566709383793074
3,11,0,1,0.125,0,0,0.0,0.16430072437747922,0.16430072437747922,0.0,0.25,-0.022201392408705962
3,11,0,2,0.625,2,2,0.0,0.008671229854730123,0.008671229854730123,0.421875,0.47916666666666663,0.05510655506465993
3,11,0,3,0.125,2,2,0.0,0.008671229854730123,0.008671229854730123,0.25,0.6979166666666666,0.06529042614339761
3,11,1,0,0.125,0,0,0.0,0.1297944102627301,0.1297944102627301,0.09895833333333333,0.6041666666666666,-0.03775570752037333
3,11,1,1,0.125,0,0,0.0,0.1297944102627301,0.1297944102627301,0.078125,0.25,0.005058616630160585
3,11,1,2,0.125,2,2,0.0,0.0,0.0,0.20833333333333331,0.6666666666666666,0.04817249901710858
3,11,1,3,0.625,2,2,0.0,0.0,0.0,0.44791666666666663,0.8333333333333333,0.049879232041750474
3,11,2,0,0.625,0,0,0.0,0.11706386477042918,0.11706386477042918,0.5989583333333333,0.84375,0.03180631283126199
3,11,2,1,0.125,0,0,0.0,0.11706386477042918,0.11706386477042918,0.08854166666666666,0.3125,0.03261778856813685
3,11,2,2,0.125,1,2,1.0,0.0,0.12559174621882163,0.07291666666666666,0.41666666666666663,-0.023537392908733308
3,11,2,3,0.125,1,2,1.0,0.0,0.12559174621882163,0.16666666666666666,0.5364583333333333,-0.03461153083766545
3,11,3,0,0.125,0,0,0.0,0.10037605249688553,0.10037605249688553,0.8697916666666666,0.90625,0.05608347585627206
3,11,3,1,0.625,0,0,0.0,0.10037605249688553,0.10037605249688553,0.23437499999999997,0.32291666666666663,0.03769827289556376
3,11,3,2,0.125,1,2,1.0,0.0,0.13600320078265027,0.057291666666666664,0.41666666666666663,-0.026811467537740972
3,11,3,3,0.125,1,2,1.0,0.0,0.13600320078265027,0.08333333333333333,0.46875,-0.04341244149802592
3,12,0,0,0.125,0,0,0.0,0.16126095138879704,0.16126095138879704,0.0,0.5833333333333333,-0.05754689133590955
3,12,0,1,0.125,0,1,1.0,0.16126095138879704,0.1329842607865216,0.0,0.265625,-0.016935023077696783
3,12,0,2,0.625,2,2,0.0,0.0,0.0,0.59375,0.6302083333333333,0.05915387940310041
3,12,0,3,0.125,2,2,0.0,0.0,0.0,0.3333333333333333,0.7552083333333333,0.06423519048466778
3,12,1,0,0.125,0,0,0.0,0.09509275786930249,0.09509275786930249,0.22395833333333331,0.6354166666666666,-0.026606165074610052
3,12,1,1,0.125,0,0,0.0,0.09509275786930249,0.09509275786930249,0.19270833333333331,0.2552083333333333,0.009653778033699508
3,12,1,2,0.125,1,2,1.0,0.0,0.0007994998350948634,0.15625,0.6666666666666666,0.017709450496264562
3,12,1,3,0.625,2,2,0.0,0.0007994998350948634,0.0007994998350948634,0.5104166666666666,0.7239583333333333,0.006390273927212967
3,12,2,0,0.625,0,0,0.0,0.09937998879308141,0.09937998879308141,0.890625,0.9166666666666666,0.05753557625381147
3,12,2,1,0.125,0,0,0.0,0.09937998879308141,0.09937998879308141,0.296875,0.3489583333333333,0.038090881334672894
3,12,2,2,0.125,1,2,1.0,0.0,0.13058326016968602,0.057291666666666664,0.41666666666666663,-0.02330650352508797
3,12,2,3,0.125,1,2,1.0,0.0,0.13058326016968602,0.08333333333333333,0.46354166666666663,-0.04376211228674106
3,12,3,0,0.125,0,0,0.0,0.059865466759724484,0.059865466759724484,0.6302083333333333,0.9166666666666666,0.07652177984264583
3,12,3,1,0.625,0,0,0.0,0.059865466759724484,0.059865466759724484,0.3125,0.3489583333333333,0.03952531063686065
3,12,3,2,0.125,1,2,1.0,0.0,0.11575590130668056,0.020833333333333332,0.38541666666666663,-0.016449493251384176
3,12,3,3,0.125,1,2,1.0,0.0,0.11575590130668056,0.08333333333333333,0.453125,-0.03269055956557785
3,13,0,0,0.125,0,0,0.0,0.16431713470716336,0.16431713470716336,0.0,0.5625,-0.05867779372319167
3,13,0,1,0.125,0,1,1.0,0.16431713470716336,0.13910376532017588,0.0,0.2552083333333333,-0.019929948606595277
3,13,0,2,0.625,2,2,0.0,0.0011649954998427248,0.0011649954998427248,0.5520833333333333,0.5729166666666666,0.059273962895610766
3,13,0,3,0.125,2,2,0.0,0.0011649954998427248,0.0011649954998427248,0.265625,0.6927083333333333,0.06357824107306842
3,13,1,0,0.125,0,0,0.0,0.09818093568296604,0.09818093568296604,0.203125,0.6302083333333333,-0.03219774756394335
3,13,1,1,0.125,0,0,0.0,0.09818093568296604,0.09818093568296604,0.16666666666666666,0.2552083333333333,0.007116138135443937
3,13,1,2,0.125,1,2,1.0,0.012021540117942875,0.0,0.15625,0.6666666666666666,0.02208252865830978
3,13,1,3,0.625,2,2,0.0,0.0,0.0,0.6822916666666666,0.7447916666666666,0.02035299724860538
3,13,2,0,0.625,0,0,0.0,0.10683444717573365,0.10683444717573365,0.90625,0.9166666666666666,0.05285873065630863
3,13,2,1,0.125,0,0,0.0,0.10683444717573365,0.10683444717573365,0.25520833333333337,0.359375,0.04018453469776577
3,13,2,2,0.125,1,2,1.0,0.0,0.12770723569862508,0.0625,0.41666666666666663,-0.021079622117281906
3,13,2,3,0.125,1,2,1.0,0.0,0.12770723569862508,0.15625,0.47916666666666663,-0.04027221764714228
3,13,3,0,0.125,0,0,0.0,0.07443341863904351,0.07443341863904351,0.71875,0.9166666666666666,0.07236220776935592
3,13,3,1,0.625,0,0,0.0,0.07443341863904351,0.07443341863904351,0.3020833333333333,0.32291666666666663,0.040705876312481494
3,13,3,2,0.125,1,2,1.0,0.0,0.12392470614091755,0.03645833333333333,0.3958333333333333,-0.01581057059741946
3,13,3,3,0.125,1,2,1.0,0.0,0.12392470614091755,0.08333333333333333,0.453125,-0.03476962024573534
3,14,0,0,0.125,0,0,0.0,0.16302212704961716,0.16302212704961716,0.0,0.53125,-0.057280018656150324
3,14,0,1,0.125,0,0,0.0,0.16302212704961716,0.16302212704961716,0.0,0.26041666666666663,-0.020474532148485772
3,14,0,2,0.625,2,2,0.0,0.0016244665788974766,0.0016244665788974766,0.4895833333333333,0.5260416666666666,0.05616605024864321
3,14,0,3,0.125,2,2,0.0,0.0016244665788974766,0.0016244665788974766,0.25,0.703125,0.06458098036558385
3,14,1,0,0.125,0,0,0.0,0.10976835995884993,0.10976835995884993,0.15104166666666666,0.6145833333333333,-0.0341097678945411
3,14,1,1,0.125,0,0,0.0,0.10976835995884993,0.10976835995884993,0.11458333333333333,0.25,0.004735343265639359
3,14,1,2,0.125,2,2,0.0,0.0,0.0,0.171875,0.6666666666666666,0.03915343961271401
3,14,1,3,0.625,2,2,0.0,0.0,0.0,0.6666666666666666,0.75,0.03760699046282438
3,14,2,0,0.625,0,0,0.0,0.1158798267374086,0.1158798267374086,0.75,0.90625,0.04189805926291285
3,14,2,1,0.125,0,0,0.0,0.1158798267374086,0.1158798267374086,0.13020833333333334,0.328125,0.038619213334810255
3,14,2,2,0.125,1,2,1.0,0.0,0.13215847090915,0.06770833333333333,0.41666666666666663,-0.0226185207108078
3,14,2,3,0.125,1,2,1.0,0.0,0.13215847090915,0.16666666666666666,0.4895833333333333,-0.033202451629589264
3,14,3,0,0.125,0,0,0.0,0.08228078030658303,0.08228078030658303,0.7395833333333333,0.9166666666666666,0.06318754115648757
3,14,3,1,0.625,0,0,0.0,0.08228078030658303,0.08228078030658303,0.2864583333333333,0.296875,0.03500191477697571
3,14,3,2,0.125,1,2,1.0,0.0,0.13223678359388435,0.041666666666666664,0.41666666666666663,-0.02611183881456963
3,14,3,3,0.125,1,2,1.0,0.0,0.13223678359388435,0.08333333333333333,0.453125,-0.041199111234860704
3,15,0,0,0.125,0,0,0.0,0.16973300383862944,0.16973300383862944,0.0,0.5833333333333333,-0.05726172010905904
3,15,0,1,0.125,0,1,1.0,0.16973300383862944,0.14433688591363025,0.0,0.2552083333333333,-0.019886868758797995
3,15,0,2,0.625,2,2,0.0,0.0,0.0,0.59375,0.625,0.06322309949556952
3,15,0,3,0.125,2,2,0.0,0.0,0.0,0.3333333333333333,0.7083333333333333,0.06374197320494053
3,15,1,0,0.125,0,0,0.0,0.09672975854566124,0.09672975854566124,0.21875,0.6354166666666666,-0.03348531856531801
3,15,1,1,0.125,0,0,0.0,0.09672975854566124,0.09672975854566124,0.16145833333333331,0.26041666666666663,0.005727290672329157
3,15,1,2,0.125,1,2,1.0,0.012681942554219061,0.0,0.15625,0.6666666666666666,0.022546680207105832
3,15,1,3,0.625,2,2,0.0,0.0,0.0,0.6666666666666666,0.7083333333333333,0.019977946938312625
3,15,2,0,0.625,0,0,0.0,0.09341492900379489,0.09341492900379489,0.8541666666666666,0.9166666666666666,0.05817133457178322
3,15,2,1,0.125,0,0,0.0,0.09341492900379489,0.09341492900379489,0.2708333333333333,0.296875,0.03544266766318027
3,15,2,2,0.125,1,2,1.0,0.0,0.1304167774797459,0.05208333333333333,0.41666666666666663,-0.02414455395162276
3,15,2,3,0.125,1,2,1.0,0.0,0.1304167774797459,0.08333333333333333,0.4583333333333333,-0.04390574048674994
3,15,3,0,0.125,0,0,0.0,0.0725472547532513,0.0725472547532513,0.6770833333333333,0.9166666666666666,0.07173836865485872
3,15,3,1,0.625,0,0,0.0,0.0725472547532513,0.0725472547532513,0.328125,0.33854166666666663,0.04224598114842663
3,15,3,2,0.125,1,2,1.0,0.0,0.1287843131017813,0.010416666666666666,0.40625,-0.019186504846752564
3,15,3,3,0.125,1,2,1.0,0.0,0.1287843131017813,0.08333333333333333,0.4427083333333333,-0.03467452515009127
3,16,0,0,0.125,0,0,0.0,0.16016116945411285,0.16016116945411285,0.0,0.5833333333333333,-0.05634502036968253
3,16,0,1,0.125,0,0,0.0,0.16016116945411285,0.16016116945411285,0.0,0.27604166666666663,-0.019443336900200715
3,16,0,2,0.625,2,2,0.0,0.0,0.0,0.5677083333333333,0.5885416666666666,0.05756581156504484
3,16,0,3,0.125,2,2,0.0,0.0,0.0,0.3333333333333333,0.75,0.0661492313604605
3,16,1,0,0.125,0,0,0.0,0.09765629390084396,0.09765629390084396,0.21354166666666666,0.640625,-0.031389315064451
3,16,1,1,0.125,0,0,0.0,0.09765629390084396,0.09765629390084396,0.171875,0.25,0.008596201099594452
3,16,1,2,0.125,1,2,1.0,0.011631728419213005,0.0,0.16666666666666666,0.6666666666666666,0.024645245588779768
3,16,1,3,0.625,2,2,0.0,0.0,0.0,0.671875,0.734375,0.021996904750497075
3,16,2,0,0.625,0,0,0.0,0.11559715309925889,0.11559715309925889,0.7760416666666666,0.8958333333333333,0.04696256662526008
3,16,2,1,0.125,0,0,0.0,0.11559715309925889,0.11559715309925889,0.16666666666666669,0.3020833333333333,0.039049805418402646
3,16,2,2,0.125,1,2,1.0,0.0,0.1327051238310244,0.07291666666666666,0.41666666666666663,-0.022402648072916354
3,16,2,3,0.125,1,2,1.0,0.0,0.1327051238310244,0.16666666666666666,0.5,-0.03836389225607679
3,16,3,0,0.125,0,0,0.0,0.08085506128260467,0.08085506128260467,0.84375,0.9166666666666666,0.06839709617679643
3,16,3,1,0.625,0,0,0.0,0.08085506128260467,0.08085506128260467,0.2708333333333333,0.3020833333333333,0.03939047599239782
3,16,3,2,0.125,1,2,1.0,0.0,0.12291799508141621,0.041666666666666664,0.3645833333333333,-0.01753715546455897
3,16,3,3,0.125,1,2,1.0,0.0,0.12291799508141621,0.08333333333333333,0.4375,-0.03378939129940759
3,17,0,0,0.125,0,0,0.0,0.15900939034116124,0.15900939034116124,0.0,0.5416666666666666,-0.0565053733391867
3,17,0,1,0.125,0,0,0.0,0.15900939034116124,0.15900939034116124,0.0,0.24999999999999997,-0.017324432154684526
3,17,0,2,0.625,2,2,0.0,0.0023636487916446347,0.0023636487916446347,0.5208333333333333,0.5416666666666666,0.05217050716747618
3,17,0,3,0.125,2,2,0.0,0.0023636487916446347,0.0023636487916446347,0.25,0.7447916666666666,0.0633499749668045
3,17,1,0,0.125,0,0,0.0,0.09339419592504816,0.09339419592504816,0.24479166666666666,0.6302083333333333,-0.028861066992176946
3,17,1,1,0.125,0,0,0.0,0.09339419592504816,0.09339419592504816,0.203125,0.2552083333333333,0.007539876865155862
3,17,1,2,0.125,1,2,1.0,0.008280429944124035,0.0,0.16666666666666666,0.6666666666666666,0.02382839300006645
3,17,1,3,0.625,2,2,0.0,0.0,0.0,0.6770833333333333,0.7447916666666666,0.020631504123685637
3,17,2,0,0.625,0,0,0.0,0.10143394467690903,0.10143394467690903,0.8958333333333333,0.9166666666666666,0.05134785996526181
3,17,2,1,0.125,0,0,0.0,0.10143394467690903,0.10143394467690903,0.22395833333333334,0.328125,0.03913759069453707
3,17,2,2,0.125,1,2,1.0,0.0,0.1278983727478188,0.057291666666666664,0.41666666666666663,-0.02271156396698628
3,17,2,3,0.125,1,2,1.0,0.0,0.1278983727478188,0.08854166666666666,0.4583333333333333,-0.038197935745064866
3,17,3,0,0.125,0,0,0.0,0.07043717145300699,0.07043717145300699,0.703125,0.9166666666666666,0.07263517800263485
3,17,3,1,0.625,0,0,0.0,0.07043717145300699,0.07043717145300699,0.3125,0.32291666666666663,0.04005774167632425
3,17,3,2,0.125,1,2,1.0,0.0,0.12593518553575933,0.03125,0.3958333333333333,-0.018310175659090266
3,17,3,3,0.125,1,2,1.0,0.0,0.12593518553575933,0.08333333333333333,0.453125,-0.03322239969103027
3,18,0,0,0.125,0,0,0.0,0.1621552131259555,0.1621552131259555,0.0,0.5208333333333333,-0.055276249703891896
3,18,0,1,0.125,0,0,0.0,0.1621552131259555,0.1621552131259555,0.0,0.26041666666666663,-0.021132576516955756
3,18,0,2,0.625,2,2,0.0,0.0,0.0,0.5364583333333333,0.5625,0.05720977972399968
3,18,0,3,0.125,2,2,0.0,0.0,0.0,0.26041666666666663,0.7447916666666666,0.0645668804642892
3,18,1,0,0.125,0,0,0.0,0.10089306626343397,0.10089306626343397,0.21354166666666666,0.6145833333333333,-0.02895252835813116
3,18,1,1,0.125,0,0,0.0,0.10089306626343397,0.10089306626343397,0.171875,0.25,0.003002263733853743
3,18,1,2,0.125,2,2,0.0,0.0,0.0,0.171875,0.6666666666666666,0.03252983246233583
3,18,1,3,0.625,2,2,0.0,0.0,0.0,0.6666666666666666,0.7552083333333333,0.03091575539118295
3,18,2,0,0.625,0,0,0.0,0.11517430059956735,0.11517430059956735,0.765625,0.9166666666666666,0.04601778323675275
3,18,2,1,0.125,0,0,0.0,0.11517430059956735,0.11517430059956735,0.13541666666666666,0.296875,0.038964031740059045
3,18,2,2,0.125,1,2,1.0,0.0,0.13457599478991766,0.07291666666666666,0.41666666666666663,-0.02413674557030336
3,18,2,3,0.125,1,2,1.0,0.0,0.13457599478991766,0.16145833333333331,0.4739583333333333,-0.03339375152811936
3,18,3,0,0.125,0,0,0.0,0.08276458057967984,0.08276458057967984,0.8645833333333333,0.9166666666666666,0.06186566395366429
3,18,3,1,0.625,0,0,0.0,0.08276458057967984,0.08276458057967984,0.2708333333333333,0.2864583333333333,0.03512099642598683
3,18,3,2,0.125,1,2,1.0,0.0,0.12657330773899,0.03645833333333333,0.4114583333333333,-0.023450982826246032
3,18,3,3,0.125,1,2,1.0,0.0,0.12657330773899,0.08333333333333333,0.453125,-0.039167575146431356
3,19,0,0,0.125,0,0,0.0,0.1637887312270785,0.1637887312270785,0.0,0.5833333333333333,-0.058278708976256866
3,19,0,1,0.125,0,1,1.0,0.1637887312270785,0.1356513852319039,0.0,0.2708333333333333,-0.017392751213191726
3,19,0,2,0.625,2,2,0.0,0.0,0.0,0.5833333333333333,0.6041666666666666,0.059213814079771464
3,19,0,3,0.125,2,2,0.0,0.0,0.0,0.3333333333333333,0.7447916666666666,0.06408572774879612
3,19,1,0,0.125,0,0,0.0,0.09835054616144479,0.09835054616144479,0.19791666666666666,0.5989583333333333,-0.027862842908162617
3,19,1,1,0.125,0,0,0.0,0.09835054616144479,0.09835054616144479,0.1875,0.2552083333333333,0.010316900619421194
3,19,1,2,0.125,1,2,1.0,0.009512273594829201,0.0,0.15625,0.6666666666666666,0.022116236254156926
3,19,1,3,0.625,2,2,0.0,0.0,0.0,0.75,0.7552083333333333,0.011041979561736116
3,19,2,0,0.625,0,0,0.0,0.10087167165326072,0.10087167165326072,0.8802083333333333,0.9166666666666666,0.058046041271692966
3,19,2,1,0.125,0,0,0.0,0.10087167165326072,0.10087167165326072,0.28125,0.375,0.038312501590051375
3,19,2,2,0.125,1,2,1.0,0.0,0.13206475227507086,0.0625,0.41666666666666663,-0.02377627396527543
3,19,2,3,0.125,1,2,1.0,0.0,0.13206475227507086,0.08333333333333333,0.484375,-0.043549275120282255
3,19,3,0,0.125,0,0,0.0,0.06647752689047237,0.06647752689047237,0.6770833333333333,0.9166666666666666,0.07550270281119525
3,19,3,1,0.625,0,0,0.0,0.06647752689047237,0.06647752689047237,0.3125,0.33854166666666663,0.04062746662901809
3,19,3,2,0.125,1,2,1.0,0.0,0.12464268021965863,0.031249999999999997,0.390625,-0.019173552607365908
3,19,3,3,0.125,1,2,1.0,0.0,0.12464268021965863,0.08333333333333333,0.4427083333333333,-0.03194189965663889
3,20,0,0,0.125,0,0,0.0,0.16080388348369679,0.16080388348369679,0.0,0.5677083333333333,-0.05765945965006319
3,20,0,1,0.125,0,0,0.0,0.16080388348369679,0.16080388348369679,0.0,0.265625,-0.018745357664860518
3,20,0,2,0.625,2,2,0.0,0.0,0.0,0.515625,0.546875,0.05628340948067061
3,20,0,3,0.125,2,2,0.0,0.0,0.0,0.3333333333333333,0.7552083333333333,0.06603890735075262
3,20,1,0,0.125,0,0,0.0,0.12110345833184455,0.12110345833184455,0.12499999999999999,0.6197916666666666,-0.04009979709148906
3,20,1,1,0.125,0,0,0.0,0.12110345833184455,0.12110345833184455,0.09895833333333331,0.2552083333333333,0.003185503268177553
3,20,1,2,0.125,1,2,1.0,0.04144660937849276,0.0,0.16666666666666666,0.6666666666666666,0.03147934532055399
3,20,1,3,0.625,2,2,0.0,0.0,0.0,0.6666666666666666,0.7135416666666666,0.027706449224304423
3,20,2,0,0.625,0,0,0.0,0.11908846885812685,0.11908846885812685,0.6875,0.875,0.04433821524779486
3,20,2,1,0.125,0,0,0.0,0.11908846885812685,0.11908846885812685,0.13541666666666669,0.3333333333333333,0.03903278830091071
3,20,2,2,0.125,1,2,1.0,0.0,0.13724191291594479,0.07291666666666666,0.41666666666666663,-0.025348102490325222
3,20,2,3,0.125,1,2,1.0,0.0,0.13724191291594479,0.16666666666666666,0.5052083333333333,-0.03559940714459586
3,20,3,0,0.125,0,0,0.0,0.0755081116646581,0.0755081116646581,0.6302083333333333,0.9166666666666666,0.07249216343667292
3,20,3,1,0.625,0,0,0.0,0.0755081116646581,0.0755081116646581,0.34375,0.34375,0.0409779787022014
3,20,3,2,0.125,1,2,1.0,0.0,0.13480075517149148,0.031249999999999997,0.4114583333333333,-0.022900551728877987
3,20,3,3,0.125,1,2,1.0,0.0,0.13480075517149148,0.08333333333333333,0.44791666666666663,-0.034953676662552745
3,21,0,0,0.125,0,0,0.0,0.16211654441809986,0.16211654441809986,0.0,0.53125,-0.057799222229929115
3,21,0,1,0.125,0,0,0.0,0.16211654441809986,0.16211654441809986,0.0,0.26041666666666663,-0.018293662307055054
3,21,0,2,0.625,2,2,0.0,0.0,0.0,0.5,0.5416666666666666,0.056204668552185706
3,21,0,3,0.125,2,2,0.0,0.0,0.0,0.25,0.7135416666666666,0.06415479482934312
3,21,1,0,0.125,0,0,0.0,0.12544875304852843,0.12544875304852843,0.109375,0.625,-0.037533910498723046
3,21,1,1,0.125,0,0,0.0,0.12544875304852843,0.12544875304852843,0.07291666666666666,0.26041666666666663,0.00308425666496917
3,21,1,2,0.125,1,2,1.0,0.06378939443958476,0.0,0.16666666666666666,0.6666666666666666,0.04094386229214242
3,21,1,3,0.625,2,2,0.0,0.0,0.0,0.6666666666666666,0.7760416666666666,0.03884480456183286
3,21,2,0,0.625,0,0,0.0,0.11338510079303854,0.11338510079303854,0.78125,0.875,0.04777422214352817
3,21,2,1,0.125,0,0,0.0,0.11338510079303854,0.11338510079303854,0.15104166666666666,0.3333333333333333,0.040590522491849954
3,21,2,2,0.125,1,2,1.0,0.0,0.13327551885214695,0.06770833333333333,0.41666666666666663,-0.023392840075205305
3,21,2,3,0.125,1,2,1.0,0.0,0.13327551885214695,0.16145833333333331,0.47916666666666663,-0.03966170681173526
3,21,3,0,0.125,0,0,0.0,0.07901509182541777,0.07901509182541777,0.7239583333333333,0.9166666666666666,0.06768540370602416
3,21,3,1,0.625,0,0,0.0,0.07901509182541777,0.07901509182541777,0.2864583333333333,0.296875,0.036603949984600925
3,21,3,2,0.125,1,2,1.0,0.0,0.13674032645225676,0.03645833333333333,0.4114583333333333,-0.026955872038710634
3,21,3,3,0.125,1,2,1.0,0.0,0.13674032645225676,0.08333333333333333,0.421875,-0.0345807368737807
3,22,0,0,0.125,0,0,0.0,0.16312474009591615,0.16312474009591615,0.0,0.5416666666666666,-0.05700724064090352
3,22,0,1,0.125,0,0,0.0,0.16312474009591615,0.16312474009591615,0.0,0.26041666666666663,-0.02045346361450908
3,22,0,2,0.625,2,2,0.0,0.0,0.0,0.5208333333333333,0.5416666666666666,0.05705802005595986
3,22,0,3,0.125,2,2,0.0,0.0,0.0,0.26041666666666663,0.7447916666666666,0.06474116137506442
3,22,1,0,0.125,0,0,0.0,0.11175538058356027,0.11175538058356027,0.16145833333333331,0.5989583333333333,-0.035286995888170525
3,22,1,1,0.125,0,0,0.0,0.11175538058356027,0.11175538058356027,0.13541666666666666,0.26041666666666663,0.0027152946937346913
3,22,1,2,0.125,1,2,1.0,0.042084799240265425,0.0,0.16666666666666666,0.6666666666666666,0.031436258358711326
3,22,1,3,0.625,2,2,0.0,0.0,0.0,0.6666666666666666,0.8125,0.029334759468650762
3,22,2,0,0.625,0,0,0.0,0.11207447990395969,0.11207447990395969,0.78125,0.9166666666666666,0.04226834855917269
3,22,2,1,0.125,0,0,0.0,0.11207447990395969,0.11207447990395969,0.15625,0.3125,0.039217553108649834
3,22,2,2,0.125,1,2,1.0,0.0,0.12961310008228855,0.06770833333333333,0.41666666666666663,-0.02151013872467106
3,22,2,3,0.125,1,2,1.0,0.0,0.12961310008228855,0.16145833333333331,0.4739583333333333,-0.029862424973712925
3,22,3,0,0.125,0,0,0.0,0.07724258560784791,0.07724258560784791,0.734375,0.9166666666666666,0.07237362722138516
3,22,3,1,0.625,0,0,0.0,0.07724258560784791,0.07724258560784791,0.3020833333333333,0.328125,0.041697937653347235
3,22,3,2,0.125,1,2,1.0,0.0,0.1283657846009768,0.03645833333333333,0.40625,-0.016064851181699438
3,22,3,3,0.125,1,2,1.0,0.0,0.1283657846009768,0.08333333333333333,0.453125,-0.03336157780253541
3,23,0,0,0.125,0,0,0.0,0.16205968133429316,0.16205968133429316,0.0,0.5833333333333333,-0.05894126024935275
3,23,0,1,0.125,0,1,1.0,0.16205968133429316,0.13422468684509192,0.0,0.265625,-0.017321779742694207
3,23,0,2,0.625,2,2,0.0,0.0,0.0,0.578125,0.6041666666666666,0.05924527685551609
3,23,0,3,0.125,2,2,0.0,0.0,0.0,0.3333333333333333,0.7239583333333333,0.06443916401132171
3,23,1,0,0.125,0,0,0.0,0.09794075484985043,0.09794075484985043,0.25,0.65625,-0.025177037203520047
3,23,1,1,0.125,0,0,0.0,0.09794075484985043,0.09794075484985043,0.20833333333333331,0.2708333333333333,0.011475650441825695
3,23,1,2,0.125,1,2,1.0,0.0,0.009061203705652665,0.15104166666666666,0.6666666666666666,0.015870487388865054
3,23,1,3,0.625,2,2,0.0,0.009061203705652665,0.009061203705652665,0.515625,0.7135416666666666,0.004168579911598633
3,23,2,0,0.625,0,0,0.0,0.0891046383595463,0.0891046383595463,0.8645833333333333,0.9166666666666666,0.06120916753582494
3,23,2,1,0.125,0,0,0.0,0.0891046383595463,0.0891046383595463,0.3020833333333333,0.3125,0.03634991998526486
3,23,2,2,0.125,1,2,1.0,0.0,0.13102493314562436,0.05208333333333333,0.4114583333333333,-0.024900273043944092
3,23,2,3,0.125,1,2,1.0,0.0,0.13102493314562436,0.08333333333333333,0.4270833333333333,-0.038281978466300035
3,23,3,0,0.125,0,0,0.0,0.06353545582868947,0.06353545582868947,0.6302083333333333,0.9166666666666666,0.07652717259511216
3,23,3,1,0.625,0,0,0.0,0.06353545582868947,0.06353545582868947,0.3125,0.34375,0.04048524359993144
3,23,3,2,0.125,1,2,1.0,0.0,0.12643893279532226,0.015625,0.40104166666666663,-0.020275831336106363
3,23,3,3,0.125,1,2,1.0,0.0,0.12643893279532226,0.08333333333333333,0.4270833333333333,-0.03217611740698502
3,24,0,0,0.125,0,0,0.0,0.1595869986802193,0.1595869986802193,0.0,0.578125,-0.05742554949442479
3,24,0,1,0.125,0,0,0.0,0.1595869986802193,0.1595869986802193,0.0,0.27604166666666663,-0.017621195081546356
3,24,0,2,0.625,2,2,0.0,0.0,0.0,0.5520833333333333,0.5729166666666666,0.05630900530170105
3,24,0,3,0.125,2,2,0.0,0.0,0.0,0.3333333333333333,0.7552083333333333,0.06538573816097384
3,24,1,0,0.125,0,0,0.0,0.10818634509256331,0.10818634509256331,0.16666666666666666,0.6145833333333333,-0.035410006033307836
3,24,1,1,0.125,0,0,0.0,0.10818634509256331,0.10818634509256331,0.13541666666666666,0.25,0.0073345670872423906
3,24,1,2,0.125,1,2,1.0,0.021833103674875787,0.0,0.16666666666666666,0.6666666666666666,0.0260049824923212
3,24,1,3,0.625,2,2,0.0,0.0,0.0,0.671875,0.7239583333333333,0.022810462908311874
3,24,2,0,0.625,0,0,0.0,0.10584608723085953,0.10584608723085953,0.859375,0.8697916666666666,0.05380432719214563
3,24,2,1,0.125,0,0,0.0,0.10584608723085953,0.10584608723085953,0.21875,0.34375,0.03778994641038917
3,24,2,2,0.125,1,2,1.0,0.0,0.14294965411757843,0.0625,0.41666666666666663,-0.030390619894378405
3,24,2,3,0.125,1,2,1.0,0.0,0.14294965411757843,0.15625,0.453125,-0.04317473425017911
3,24,3,0,0.125,0,0,0.0,0.0686591200605623,0.0686591200605623,0.6770833333333333,0.9166666666666666,0.07456354320876804
3,24,3,1,0.625,0,0,0.0,0.0686591200605623,0.0686591200605623,0.3125,0.32291666666666663,0.040373091069222176
3,24,3,2,0.125,1,2,1.0,0.0,0.12666554070323555,0.03125,0.40104166666666663,-0.018815361513755922
3,24,3,3,0.125,1,2,1.0,0.0,0.12666554070323555,0.08333333333333333,0.44791666666666663,-0.03318534277576602
3,25,0,0,0.125,0,0,0.0,0.16166054803825425,0.16166054803825425,0.0,0.5364583333333333,-0.05758564188394079
3,25,0,1,0.125,0,0,0.0,0.16166054803825425,0.16166054803825425,0.0,0.24999999999999997,-0.018187451790435554
3,25,0,2,0.625,2,2,0.0,0.0,0.0,0.5208333333333333,0.5416666666666666,0.0547640961990331
3,25,0,3,0.125,2,2,0.0,0.0,0.0,0.25,0.7291666666666666,0.06342409613929474
3,25,1,0,0.125,0,0,0.0,0.12209714228563917,0.12209714228563917,0.14583333333333331,0.59375,-0.03803121557139373
3,25,1,1,0.125,0,0,0.0,0.12209714228563917,0.12209714228563917,0.109375,0.265625,0.0033494897984490237
3,25,1,2,0.125,1,2,1.0,0.04458970269385698,0.0,0.16666666666666666,0.6666666666666666,0.030736583446243484
3,25,1,3,0.625,2,2,0.0,0.0,0.0,0.6666666666666666,0.7239583333333333,0.0260164038625308
3,25,2,0,0.625,0,0,0.0,0.11688651680696971,0.11688651680696971,0.7552083333333333,0.859375,0.046833728941276985
3,25,2,1,0.125,0,0,0.0,0.11688651680696971,0.11688651680696971,0.19791666666666669,0.3802083333333333,0.04071259667502603
3,25,2,2,0.125,1,2,1.0,0.0,0.13825012851326834,0.06770833333333333,0.41666666666666663,-0.026013986365299745
3,25,2,3,0.125,1,2,1.0,0.0,0.13825012851326834,0.16666666666666666,0.5,-0.04209149255573865
3,25,3,0,0.125,0,0,0.0,0.06994939161643565,0.06994939161643565,0.71875,0.9166666666666666,0.07324129619065657
3,25,3,1,0.625,0,0,0.0,0.06994939161643565,0.06994939161643565,0.2864583333333333,0.328125,0.0417694596879598
3,25,3,2,0.125,1,2,1.0,0.0,0.11779846126692595,0.020833333333333332,0.390625,-0.012206885722282403
3,25,3,3,0.125,1,2,1.0,0.0,0.11779846126692595,0.08333333333333333,0.46354166666666663,-0.03586036648938591
3,26,0,0,0.125,0,0,0.0,0.16813055265384746,0.16813055265384746,0.0,0.546875,-0.05726423490944627
3,26,0,1,0.125,0,0,0.0,0.16813055265384746,0.16813055265384746,0.0,0.2552083333333333,-0.021521843558557463
3,26,0,2,0.625,2,2,0.0,0.0,0.0,0.5520833333333333,0.5885416666666666,0.06249900716314496
3,26,0,3,0.125,2,2,0.0,0.0,0.0,0.265625,0.703125,0.06277018581982868
3,26,1,0,0.125,0,0,0.0,0.12380438193058962,0.12380438193058962,0.14583333333333331,0.5989583333333333,-0.037154508206060456
3,26,1,1,0.125,0,0,0.0,0.12380438193058962,0.12380438193058962,0.11979166666666666,0.265625,0.0022855414421055803
3,26,1,2,0.125,1,2,1.0,0.05521993561972616,0.0,0.16666666666666666,0.6666666666666666,0.03251909404682619
3,26,1,3,0.625,2,2,0.0,0.0,0.0,0.6666666666666666,0.7864583333333333,0.027771237056754064
3,26,2,0,0.625,0,0,0.0,0.1198413726755293,0.1198413726755293,0.6875,0.890625,0.04105432774801232
3,26,2,1,0.125,0,0,0.0,0.1198413726755293,0.1198413726755293,0.08854166666666666,0.3125,0.03726901812336582
3,26,2,2,0.125,1,2,1.0,0.0,0.13607675311110978,0.07291666666666666,0.41666666666666663,-0.02608383053998777
3,26,2,3,0.125,1,2,1.0,0.0,0.13607675311110978,0.16666666666666666,0.47916666666666663,-0.03291273406924382
3,26,3,0,0.125,0,0,0.0,0.08161793747709822,0.08161793747709822,0.8385416666666666,0.9166666666666666,0.06689974336626693
3,26,3,1,0.625,0,0,0.0,0.08161793747709822,0.08161793747709822,0.2864583333333333,0.3125,0.03861986694185143
3,26,3,2,0.125,1,2,1.0,0.0,0.1287615912648309,0.03645833333333333,0.41666666666666663,-0.020717136616167118
3,26,3,3,0.125,1,2,1.0,0.0,0.1287615912648309,0.08333333333333333,0.4427083333333333,-0.03610317997607438
3,27,0,0,0.125,0,0,0.0,0.16262291099164772,0.16262291099164772,0.0,0.5364583333333333,-0.05821393008870491
3,27,0,1,0.125,0,0,0.0,0.16262291099164772,0.16262291099164772,0.0,0.26041666666666663,-0.02127402956976145
3,27,0,2,0.625,2,2,0.0,0.00025507055084417196,0.00025507055084417196,0.4739583333333333,0.5,0.056908421554380716
3,27,0,3,0.125,2,2,0.0,0.00025507055084417196,0.00025507055084417196,0.25,0.703125,0.0641363886760117
3,27,1,0,0.125,0,0,0.0,0.13189058140286924,0.13189058140286924,0.08333333333333333,0.6197916666666666,-0.041310419119103624
3,27,1,1,0.125,0,0,0.0,0.13189058140286924,0.13189058140286924,0.06770833333333333,0.2552083333333333,0.0019000842421909737
3,27,1,2,0.125,2,2,0.0,0.0,0.0,0.17708333333333331,0.6666666666666666,0.04394558416936525
3,27,1,3,0.625,2,2,0.0,0.0,0.0,0.6666666666666666,0.8333333333333333,0.045860346362414
3,27,2,0,0.625,0,0,0.0,0.11412578788978578,0.11412578788978578,0.78125,0.90625,0.045976113069833846
3,27,2,1,0.125,0,0,0.0,0.11412578788978578,0.11412578788978578,0.15625,0.296875,0.038368636986208945
3,27,2,2,0.125,1,2,1.0,0.0,0.1328524519796912,0.06770833333333333,0.41666666666666663,-0.022968978197315092
3,27,2,3,0.125,1,2,1.0,0.0,0.1328524519796912,0.16666666666666666,0.49479166666666663,-0.0358097078754205
3,27,3,0,0.125,0,0,0.0,0.08851263211451599,0.08851263211451599,0.9010416666666666,0.9166666666666666,0.059346809275770275
3,27,3,1,0.625,0,0,0.0,0.08851263211451599,0.08851263211451599,0.30729166666666663,0.3177083333333333,0.036955242619932424
3,27,3,2,0.125,1,2,1.0,0.0,0.12390088776573116,0.046875,0.40625,-0.020766467005409815
3,27,3,3,0.125,1,2,1.0,0.0,0.12390088776573116,0.08333333333333333,0.4427083333333333,-0.0386014604649595
