group,seed,state,client,weight,choice_committed,choice_curated,flip,regret_committed,regret_curated,credit_committed,credit_curated,credit_target
1,4,0,0,0.15625,0,0,0.0,0.0530649742726621,0.0530649742726621,0.19270833333333331,0.19612630208333331,0.04065040650406504
1,4,0,1,0.03125,1,1,0.0,0.004556590874047695,0.004556590874047695,0.18229166666666663,0.18359375,-0.017730496453900714
1,4,0,2,0.03125,2,2,0.0,0.0,0.0,0.015625,0.076171875,0.10689655172413792
1,4,0,3,0.03125,0,0,0.0,0.0530649742726621,0.0530649742726621,0.13541666666666666,0.14534505208333331,0.0
1,4,1,0,0.03125,0,0,0.0,0.008793769794119943,0.008793769794119943,0.171875,0.189453125,0.06097560975609756
1,4,1,1,0.15625,1,1,0.0,0.007137714261526318,0.007137714261526318,0.10416666666666666,0.10416666666666666,0.0
1,4,1,2,0.03125,2,2,0.0,0.028355396497807606,0.028355396497807606,0.30729166666666663,0.31494140625,0.0557471264367816
1,4,1,3,0.03125,0,0,0.0,0.008793769794119943,0.008793769794119943,0.2552083333333333,0.2698567708333333,0.023277467411545627
1,4,2,0,0.03125,0,0,0.0,0.0,0.0,0.0625,0.08642578125,0.06300813008130081
1,4,2,1,0.03125,1,1,0.0,0.00571447596579755,0.00571447596579755,0.031249999999999993,0.06982421875,0.0044326241134751785
1,4,2,2,0.15625,2,2,0.0,0.04225005427336459,0.04225005427336459,0.375,0.37646484375,0.04827586206896552
1,4,2,3,0.03125,0,0,0.0,0.0,0.0,0.09895833333333333,0.11409505208333333,0.031424581005586594
1,4,3,0,0.03125,0,0,0.0,0.05281872534758392,0.05281872534758392,0.22916666666666666,0.23551432291666663,0.053861788617886174
1,4,3,1,0.03125,2,2,0.0,0.0023293258790944016,0.0023293258790944016,0.08854166666666666,0.08902994791666666,-0.0070921985815602835
1,4,3,2,0.03125,2,2,0.0,0.0023293258790944016,0.0023293258790944016,0.0625,0.11165364583333331,0.10632183908045975
1,4,3,3,0.15625,0,0,0.0,0.05281872534758392,0.05281872534758392,0.11979166666666666,0.13460286458333331,-0.004189944134078215
1,5,0,0,0.15625,0,0,0.0,0.06538466453226299,0.06538466453226299,0.26041666666666663,0.2796223958333333,0.06504065040650406
1,5,0,1,0.03125,1,1,0.0,0.0015137765976687145,0.0015137765976687145,0.10937499999999999,0.11539713541666666,-0.022163120567375884
1,5,0,2,0.03125,0,1,0.9375,0.06538466453226299,0.005411096056226562,0.0,0.05647786458333333,0.09425287356321839
1,5,0,3,0.03125,0,0,0.0,0.06538466453226299,0.06538466453226299,0.13541666666666666,0.15380859375,0.0
1,5,1,0,0.03125,0,0,0.0,0.0040712088576502214,0.0040712088576502214,0.16666666666666666,0.185546875,0.057926829268292686
1,5,1,1,0.15625,2,1,1.0,0.030935053611445995,0.007804105816184181,0.010416666666666664,0.03141276041666667,0.0017730496453900717
1,5,1,2,0.03125,2,2,0.0,0.030935053611445995,0.030935053611445995,0.33854166666666663,0.34488932291666663,0.05517241379310344
1,5,1,3,0.03125,3,3,0.0,0.0,0.0,0.28125,0.2928059895833333,0.029096834264432027
1,5,2,0,0.03125,0,0,0.0,0.0,0.0,0.10416666666666666,0.13346354166666666,0.07113821138211382
1,5,2,1,0.03125,1,1,0.0,0.003482102528567843,0.003482102528567843,0.03645833333333333,0.03889973958333333,0.0026595744680851055
1,5,2,2,0.15625,2,2,0.0,0.03914498098179431,0.03914498098179431,0.44791666666666663,0.44889322916666663,0.05459770114942528
1,5,2,3,0.03125,0,0,0.0,0.0,0.0,-0.015624999999999997,0.013346354166666668,0.026769087523277463
1,5,3,0,0.03125,0,0,0.0,0.054186253237744286,0.054186253237744286,0.2864583333333333,0.28922526041666663,0.05995934959349593
1,5,3,1,0.03125,1,1,0.0,0.0,0.0,0.10416666666666667,0.10416666666666664,-0.02127659574468085
1,5,3,2,0.03125,2,2,0.0,0.000156481810019371,0.000156481810019371,0.015625,0.07584635416666666,0.10229885057471264
1,5,3,3,0.15625,0,0,0.15625,0.054186253237744286,0.049517595538079,0.09375,0.09993489583333333,0.00023277467411545618
1,6,0,0,0.15625,0,0,0.0,0.04589611850493425,0.04589611850493425,0.234375,0.24153645833333331,0.05386178861788618
1,6,0,1,0.03125,2,2,0.34375,0.0,0.0023152686009309115,0.13020833333333331,0.1337890625,-0.018617021276595744
1,6,0,2,0.03125,2,2,0.0,0.0,0.0,0.03125,0.09407552083333331,0.11206896551724135
1,6,0,3,0.03125,0,0,0.09375,0.04589611850493425,0.045263968874949934,0.11458333333333331,0.12174479166666666,0.0006983240223463687
1,6,1,0,0.03125,0,0,0.0,0.010109594886785533,0.010109594886785533,0.16145833333333331,0.1650390625,0.04065040650406504
1,6,1,1,0.15625,1,1,0.0,0.002572380714159217,0.002572380714159217,0.06249999999999999,0.0625,-0.002659574468085107
1,6,1,2,0.03125,2,2,0.0,0.015287451056266055,0.015287451056266055,0.30729166666666663,0.3206380208333333,0.06781609195402298
1,6,1,3,0.03125,0,0,0.0,0.010109594886785533,0.010109594886785533,0.3177083333333333,0.32470703125,0.017458100558659224
1,6,2,0,0.03125,0,0,0.0,0.003353953601718862,0.003353953601718862,0.041666666666666664,0.06819661458333333,0.05284552845528455
1,6,2,1,0.03125,1,1,0.0,0.008377283468429697,0.008377283468429697,0.057291666666666664,0.06070963541666666,0.0070921985815602835
1,6,2,2,0.15625,2,2,0.0,0.04855707405491638,0.04855707405491638,0.3958333333333333,0.39778645833333326,0.05344827586206897
1,6,2,3,0.03125,0,0,0.0,0.003353953601718862,0.003353953601718862,0.05208333333333333,0.08089192708333333,0.037011173184357544
1,6,3,0,0.03125,0,0,0.0,0.030549651563175573,0.030549651563175573,0.3125,0.3147786458333333,0.06300813008130081
1,6,3,1,0.03125,2,2,0.0,0.0025434223465805594,0.0025434223465805594,0.11458333333333331,0.11458333333333333,-0.008865248226950357
1,6,3,2,0.03125,2,2,0.0,0.0025434223465805594,0.0025434223465805594,0.203125,0.23030598958333331,0.08218390804597701
1,6,3,3,0.15625,0,0,0.0,0.030549651563175573,0.030549651563175573,0.265625,0.26708984375,0.002094972067039106
1,7,0,0,0.15625,0,0,0.0,0.0642693549977782,0.0642693549977782,0.22395833333333331,0.22867838541666666,0.041666666666666664
1,7,0,1,0.03125,1,1,0.0,0.006797936191185627,0.006797936191185627,0.140625,0.1416015625,-0.012411347517730495
1,7,0,2,0.03125,2,2,0.0,0.0,0.0,0.015625,0.07975260416666666,0.09942528735632183
1,7,0,3,0.03125,0,0,0.0,0.0642693549977782,0.0642693549977782,0.13020833333333331,0.1337890625,-0.004422718808193667
1,7,1,0,0.03125,0,0,0.0,0.014797756148739682,0.014797756148739682,0.20833333333333331,0.22314453125,0.06504065040650404
1,7,1,1,0.15625,1,1,0.0,0.0027325041529941974,0.0027325041529941974,0.09375,0.09375,0.0017730496453900704
1,7,1,2,0.03125,2,2,0.0,0.023510275067444075,0.023510275067444075,0.3333333333333333,0.34440104166666663,0.06379310344827586
1,7,1,3,0.03125,0,0,0.0,0.014797756148739682,0.014797756148739682,0.10416666666666666,0.12223307291666666,0.01606145251396648
1,7,2,0,0.03125,0,0,0.0,0.0,0.0,0.07291666666666666,0.11018880208333333,0.07317073170731707
1,7,2,1,0.03125,1,1,0.0,0.0030935361593860122,0.0030935361593860122,0.078125,0.080078125,0.012411347517730495
1,7,2,2,0.15625,2,2,0.0,0.0523034640375859,0.0523034640375859,0.41666666666666663,0.41666666666666663,0.05402298850574712
1,7,2,3,0.03125,0,0,0.0,0.0,0.0,0.062499999999999986,0.08756510416666666,0.0339851024208566
1,7,3,0,0.03125,0,0,0.0,0.03297714284314057,0.03297714284314057,0.25,0.255859375,0.058943089430894303
1,7,3,1,0.03125,2,2,0.0,0.0011080145498151284,0.0011080145498151284,0.07291666666666666,0.07356770833333334,-0.02127659574468085
1,7,3,2,0.03125,2,2,0.0,0.0011080145498151284,0.0011080145498151284,0.11979166666666666,0.15364583333333331,0.0793103448275862
1,7,3,3,0.15625,0,0,0.375,0.03297714284314057,0.023385835770446867,0.08854166666666666,0.111328125,0.002793296089385475
1,8,0,0,0.15625,0,0,0.0,0.04967594851225987,0.04967594851225987,0.19270833333333331,0.20638020833333331,0.04979674796747967
1,8,0,1,0.03125,1,1,0.0,0.00024192752781104776,0.00024192752781104776,0.11979166666666666,0.12027994791666666,-0.028368794326241138
1,8,0,2,0.03125,0,1,0.90625,0.04967594851225987,0.004808324877906268,0.0,0.049479166666666664,0.09022988505747126
1,8,0,3,0.03125,0,0,0.0,0.04967594851225987,0.04967594851225987,0.18229166666666666,0.19807942708333331,-0.0006983240223463687
1,8,1,0,0.03125,0,0,0.0,0.0015139375681022527,0.0015139375681022527,0.13020833333333331,0.14127604166666666,0.04979674796747967
1,8,1,1,0.15625,1,1,0.0,0.009445332967877973,0.009445332967877973,0.03125,0.037109375,0.007092198581560284
1,8,1,2,0.03125,2,2,0.0,0.03390097712342921,0.03390097712342921,0.3489583333333333,0.35091145833333326,0.047126436781609195
1,8,1,3,0.03125,0,0,0.0,0.0015139375681022527,0.0015139375681022527,0.16145833333333331,0.18277994791666666,0.030726256983240222
1,8,2,0,0.03125,0,0,0.0,0.0,0.0,0.08854166666666666,0.11637369791666666,0.07113821138211382
1,8,2,1,0.03125,1,1,0.0,0.024482008010018985,0.024482008010018985,0.046875,0.0478515625,-0.0062056737588652485
1,8,2,2,0.15625,2,2,0.0,0.05431215950840351,0.05431215950840351,0.41145833333333326,0.4124348958333333,0.05632183908045977
1,8,2,3,0.03125,0,0,0.03125,0.0,0.00016101937822091128,0.09375,0.11897786458333333,0.04189944134078212
1,8,3,0,0.03125,0,0,0.0,0.04690059709461436,0.04690059709461436,0.22916666666666666,0.23893229166666663,0.054878048780487805
1,8,3,1,0.03125,2,2,0.25,0.0,0.00033769029858837785,0.12499999999999999,0.13053385416666663,-0.015957446808510637
1,8,3,2,0.03125,2,2,0.0,0.0,0.0,0.0625,0.13053385416666666,0.12298850574712643
1,8,3,3,0.15625,0,0,0.0625,0.04690059709461436,0.04728258627490012,0.14583333333333334,0.1630859375,-0.005819366852886408
1,9,0,0,0.15625,0,0,0.0,0.06275753637845782,0.06275753637845782,0.203125,0.21516927083333331,0.04878048780487805
1,9,0,1,0.03125,1,1,0.0,0.006560952107509399,0.006560952107509399,0.16666666666666663,0.16861979166666666,-0.010638297872340424
1,9,0,2,0.03125,2,2,0.0,0.0,0.0,0.015625,0.07242838541666666,0.10804597701149425
1,9,0,3,0.03125,0,0,0.0,0.06275753637845782,0.06275753637845782,0.125,0.13330078125,-0.002793296089385475
1,9,1,0,0.03125,0,0,0.0,0.0030677349970216206,0.0030677349970216206,0.17708333333333331,0.18684895833333331,0.05284552845528455
1,9,1,1,0.15625,1,1,0.0,0.0,0.0,0.057291666666666664,0.05729166666666667,-0.00975177304964539
1,9,1,2,0.03125,2,2,0.0,0.018868220941251512,0.018868220941251512,0.28125,0.29052734375,0.05344827586206896
1,9,1,3,0.03125,0,0,0.0,0.0030677349970216206,0.0030677349970216206,0.23958333333333331,0.24853515624999997,0.021182495344506516
1,9,2,0,0.03125,0,0,0.0,0.0,0.0,0.05208333333333333,0.05924479166666666,0.03353658536585366
1,9,2,1,0.03125,1,1,0.0,0.003311195328600136,0.003311195328600136,0.01562499999999999,0.07877604166666666,-0.0062056737588652485
1,9,2,2,0.15625,2,2,0.0,0.04233545586065779,0.04233545586065779,0.390625,0.39290364583333326,0.04885057471264367
1,9,2,3,0.03125,0,0,0.1875,0.0,0.00014333043068038426,0.13541666666666666,0.1572265625,0.03282122905027933
1,9,3,0,0.03125,0,0,0.0,0.05662558121125816,0.05662558121125816,0.21354166666666663,0.22802734375,0.053861788617886174
1,9,3,1,0.03125,2,2,0.0,0.0,0.0,0.12499999999999999,0.125,-0.01595744680851064
1,9,3,2,0.03125,2,2,0.0,0.0,0.0,0.03125,0.08837890624999999,0.10344827586206896
1,9,3,3,0.15625,0,0,0.0,0.05662558121125816,0.05662558121125816,0.13020833333333331,0.13427734375,1.2404726532124654e-18
1,10,0,0,0.15625,0,0,0.0,0.04755268065098006,0.04755268065098006,0.2552083333333333,0.2654622395833333,0.058943089430894303
1,10,0,1,0.03125,1,1,0.0,0.008634464381137685,0.008634464381137685,0.13020833333333331,0.13167317708333331,-0.028368794326241134
1,10,0,2,0.03125,0,1,0.875,0.04755268065098006,0.011610452331494114,0.0,0.04866536458333333,0.09770114942528735
1,10,0,3,0.03125,0,0,0.0625,0.04755268065098006,0.04668753450536724,0.109375,0.11979166666666666,-0.00023277467411545542
1,10,1,0,0.03125,0,0,0.0,0.00581297628463473,0.00581297628463473,0.07291666666666666,0.08512369791666666,0.034552845528455285
1,10,1,1,0.15625,1,1,0.0,0.010393094462966768,0.010393094462966768,0.078125,0.078125,0.0
1,10,1,2,0.03125,2,2,0.0,0.027577085958515823,0.027577085958515823,0.36458333333333326,0.3680013020833333,0.05344827586206897
1,10,1,3,0.03125,0,0,0.0,0.00581297628463473,0.00581297628463473,0.24999999999999997,0.26627604166666663,0.03351955307262569
1,10,2,0,0.03125,0,0,0.0,0.0057429061481458765,0.0057429061481458765,0.05729166666666666,0.08203125,0.06097560975609756
1,10,2,1,0.03125,1,1,0.0,0.011971477338938996,0.011971477338938996,0.07291666666666666,0.07291666666666666,0.004432624113475178
1,10,2,2,0.15625,2,2,0.0,0.04201188044576276,0.04201188044576276,0.4270833333333333,0.4270833333333333,0.05517241379310345
1,10,2,3,0.03125,0,0,0.0,0.0057429061481458765,0.0057429061481458765,0.07291666666666667,0.09765625,0.03235567970204842
1,10,3,0,0.03125,0,0,0.0,0.040655195706198466,0.040655195706198466,0.24479166666666666,0.24479166666666663,0.04369918699186992
1,10,3,1,0.03125,2,2,0.09375,0.0,0.00030441022401558535,0.11979166666666666,0.12076822916666667,-0.026595744680851064
1,10,3,2,0.03125,2,2,0.0,0.0,0.0,0.03645833333333333,0.08414713541666666,0.08563218390804597
1,10,3,3,0.15625,0,0,0.0,0.040655195706198466,0.040655195706198466,0.13541666666666666,0.14436848958333331,-0.008845437616387335
1,11,0,0,0.15625,0,0,0.0,0.06122378418512642,0.06122378418512642,0.22395833333333331,0.23518880208333331,0.04979674796747966
1,11,0,1,0.03125,1,1,0.0,0.004405621884240651,0.004405621884240651,0.10416666666666666,0.10416666666666666,-0.022163120567375884
1,11,0,2,0.03125,2,2,0.0,0.0,0.0,0.015625,0.07600911458333331,0.10459770114942528
1,11,0,3,0.03125,0,0,0.125,0.06122378418512642,0.05692308546328348,0.125,0.13004557291666666,0.004888268156424581
1,11,1,0,0.03125,0,0,0.0,0.006131934257723182,0.006131934257723182,0.19270833333333331,0.22102864583333331,0.08434959349593495
1,11,1,1,0.15625,1,1,0.0,0.002321007477986803,0.002321007477986803,0.11458333333333333,0.13069661458333331,0.004432624113475176
1,11,1,2,0.03125,2,2,0.0,0.028868340595095465,0.028868340595095465,0.3489583333333333,0.35970052083333326,0.0528735632183908
1,11,1,3,0.03125,0,0,0.0,0.006131934257723182,0.006131934257723182,0.140625,0.16422526041666666,0.028398510242085666
1,11,2,0,0.03125,0,0,0.0,0.0,0.0,0.07291666666666666,0.10579427083333331,0.07926829268292682
1,11,2,1,0.03125,1,1,0.0,0.010966094439801566,0.010966094439801566,0.05208333333333333,0.05208333333333333,-0.0017730496453900704
1,11,2,2,0.15625,2,2,0.0,0.0445472333515462,0.0445472333515462,0.42708333333333326,0.43033854166666663,0.05517241379310345
1,11,2,3,0.03125,0,0,0.0,0.0,0.0,-0.015624999999999998,0.009440104166666668,0.025837988826815643
1,11,3,0,0.03125,0,0,0.0,0.054958438684254984,0.054958438684254984,0.2395833333333333,0.2529296875,0.06504065040650406
1,11,3,1,0.03125,2,2,0.40625,0.0,0.0012413794823930256,0.08854166666666666,0.09342447916666667,-0.009751773049645392
1,11,3,2,0.03125,2,2,0.0,0.0,0.0,0.046875,0.11149088541666666,0.10229885057471264
1,11,3,3,0.15625,0,0,0.0,0.054958438684254984,0.054958438684254984,0.09895833333333333,0.10432942708333331,-0.006983240223463683
1,12,0,0,0.15625,0,0,0.0,0.05748893798437704,0.05748893798437704,0.27604166666666663,0.2874348958333333,0.0701219512195122
1,12,0,1,0.03125,2,2,0.0,0.0,0.0,0.13020833333333331,0.13509114583333331,-0.01684397163120567
1,12,0,2,0.03125,0,1,0.96875,0.05748893798437704,0.0042257262363793666,0.0,0.0673828125,0.10574712643678161
1,12,0,3,0.03125,0,0,0.0625,0.05748893798437704,0.057342317815593374,0.16145833333333331,0.18245442708333331,-0.0009310986964618241
1,12,1,0,0.03125,0,0,0.0,0.013386626689505965,0.013386626689505965,0.17708333333333331,0.19352213541666663,0.05691056910569106
1,12,1,1,0.15625,2,1,1.0,0.023537004018897134,0.005528179680960754,-0.04166666666666667,0.017740885416666664,-0.0008865248226950354
1,12,1,2,0.03125,2,2,0.0,0.023537004018897134,0.023537004018897134,0.33854166666666663,0.35498046874999994,0.0649425287356322
1,12,1,3,0.03125,0,0,0.0,0.013386626689505965,0.013386626689505965,0.20833333333333331,0.21077473958333331,0.010474860335195527
1,12,2,0,0.03125,0,0,0.0,0.001480534749864315,0.001480534749864315,0.10937499999999999,0.13997395833333331,0.0701219512195122
1,12,2,1,0.03125,1,1,0.0,0.0061259430042559515,0.0061259430042559515,0.07291666666666666,0.07291666666666666,0.00975177304964539
1,12,2,2,0.15625,2,2,0.0,0.04638716170974311,0.04638716170974311,0.46354166666666663,0.46354166666666663,0.05804597701149425
1,12,2,3,0.03125,0,0,0.0,0.001480534749864315,0.001480534749864315,0.04166666666666667,0.07194010416666666,0.03468342644320298
1,12,3,0,0.03125,0,0,0.0,0.02560286263102085,0.02560286263102085,0.2864583333333333,0.30322265625,0.0741869918699187
1,12,3,1,0.03125,1,1,0.0,0.0,0.0,0.09375,0.095703125,-0.012411347517730495
1,12,3,2,0.03125,2,2,0.0,0.00929461181546265,0.00929461181546265,0.22916666666666666,0.26334635416666663,0.07873563218390804
1,12,3,3,0.15625,0,0,0.0,0.02560286263102085,0.02560286263102085,0.265625,0.267578125,0.0011638733705772845
1,13,0,0,0.15625,0,0,0.0,0.04682563174031451,0.04682563174031451,0.25,0.26236979166666663,0.054878048780487805
1,13,0,1,0.03125,2,2,0.0,0.0,0.0,0.08333333333333333,0.08333333333333333,-0.03634751773049645
1,13,0,2,0.03125,0,1,0.96875,0.04682563174031451,0.006694250337710341,0.0,0.05729166666666666,0.09482758620689655
1,13,0,3,0.03125,0,0,0.0,0.04682563174031451,0.04682563174031451,0.21875,0.23014322916666666,0.0025605214152700194
1,13,1,0,0.03125,0,0,0.0,0.004231412606922391,0.004231412606922391,0.11458333333333333,0.13639322916666669,0.06504065040650404
1,13,1,1,0.15625,1,1,0.0,0.005202647721337383,0.005202647721337383,0.026041666666666664,0.026692708333333332,-0.001773049645390071
1,13,1,2,0.03125,2,2,0.0,0.029142309751187145,0.029142309751187145,0.38541666666666663,0.3896484375,0.05517241379310344
1,13,1,3,0.03125,0,0,0.0,0.004231412606922391,0.004231412606922391,0.17708333333333331,0.19889322916666663,0.02886405959031657
1,13,2,0,0.03125,0,0,0.0,0.0015443267389765314,0.0015443267389765314,0.08333333333333333,0.11116536458333331,0.06199186991869917
1,13,2,1,0.03125,1,1,0.0,0.005665281699440694,0.005665281699440694,0.03645833333333333,0.05794270833333333,-0.0008865248226950347
1,13,2,2,0.15625,2,2,0.0,0.04236777385856083,0.04236777385856083,0.39583333333333326,0.39583333333333337,0.05229885057471264
1,13,2,3,0.03125,0,0,0.0,0.0015443267389765314,0.0015443267389765314,0.13020833333333331,0.14990234375,0.036312849162011177
1,13,3,0,0.03125,0,0,0.0,0.04381942699313668,0.04381942699313668,0.3645833333333333,0.3684895833333333,0.07113821138211382
1,13,3,1,0.03125,2,2,0.0,0.00022319777159651721,0.00022319777159651721,0.078125,0.07812499999999999,-0.014184397163120567
1,13,3,2,0.03125,2,2,0.0,0.00022319777159651721,0.00022319777159651721,0.08333333333333333,0.12337239583333333,0.07528735632183908
1,13,3,3,0.15625,0,0,0.0,0.04381942699313668,0.04381942699313668,0.13541666666666666,0.13606770833333331,-0.002560521415270018
1,14,0,0,0.15625,0,0,0.0,0.051773597385207704,0.051773597385207704,0.296875,0.30143229166666663,0.057926829268292686
1,14,0,1,0.03125,2,2,0.25,0.0,0.0011084999350928215,0.15625,0.15885416666666666,-0.018617021276595744
1,14,0,2,0.03125,2,2,0.0,0.0,0.0,0.03645833333333333,0.09016927083333333,0.09885057471264368
1,14,0,3,0.03125,0,0,0.0,0.051773597385207704,0.051773597385207704,0.16666666666666666,0.17382812499999997,0.0032588454376163882
1,14,1,0,0.03125,0,0,0.0,0.003914778000814856,0.003914778000814856,0.13020833333333331,0.16048177083333331,0.0741869918699187
1,14,1,1,0.15625,1,1,0.0,0.008306444647463773,0.008306444647463773,0.09375,0.09375,0.0017730496453900704
1,14,1,2,0.03125,2,2,0.0,0.029757201624319163,0.029757201624319163,0.3489583333333333,0.3489583333333333,0.04942528735632184
1,14,1,3,0.03125,0,3,0.8125,0.003914778000814856,0.0007340208751527855,0.23437499999999997,0.2600911458333333,0.03514897579143389
1,14,2,0,0.03125,0,0,0.0,0.0005290583785999559,0.0005290583785999559,0.05208333333333333,0.06949869791666666,0.044715447154471545
1,14,2,1,0.03125,1,1,0.0,0.0052045468317487575,0.0052045468317487575,0.05208333333333333,0.05403645833333333,0.003546099290780142
1,14,2,2,0.15625,2,2,0.0,0.048430077084840484,0.048430077084840484,0.3958333333333333,0.3958333333333333,0.0557471264367816
1,14,2,3,0.03125,3,3,0.0,0.0,0.0,0.11458333333333333,0.13492838541666666,0.0339851024208566
1,14,3,0,0.03125,0,0,0.0,0.041286538936056494,0.041286538936056494,0.30729166666666663,0.31852213541666663,0.07723577235772357
1,14,3,1,0.03125,1,1,0.0,0.0,0.0,0.13541666666666666,0.13541666666666666,-0.022163120567375894
1,14,3,2,0.03125,2,2,0.0,9.373089588415873e-05,9.373089588415873e-05,0.0625,0.11653645833333331,0.09597701149425288
1,14,3,3,0.15625,0,0,0.03125,0.041286538936056494,0.0411417485956217,0.234375,0.24804687499999997,-0.002793296089385475
1,15,0,0,0.15625,0,0,0.0,0.05856985615955579,0.05856985615955579,0.26041666666666663,0.2744140625,0.06707317073170732
1,15,0,1,0.03125,1,1,0.0,0.0012733449364523697,0.0012733449364523697,0.17708333333333331,0.17854817708333331,-0.012411347517730495
1,15,0,2,0.03125,0,1,1.0,0.05856985615955579,0.0011141768193958235,0.0,0.05615234375,0.09770114942528735
1,15,0,3,0.03125,0,0,0.03125,0.05856985615955579,0.05821441863022843,0.11458333333333333,0.13525390625,0.00302607076350093
1,15,1,0,0.03125,0,0,0.0,0.014816114802570834,0.014816114802570834,0.18229166666666663,0.1897786458333333,0.04979674796747967
1,15,1,1,0.15625,2,2,0.15625,0.01640153199684169,0.014246472511933055,0.03645833333333333,0.04052734375,-0.003546099290780141
1,15,1,2,0.03125,2,2,0.0,0.01640153199684169,0.01640153199684169,0.296875,0.31559244791666663,0.06954022988505747
1,15,1,3,0.03125,0,0,0.0,0.014816114802570834,0.014816114802570834,0.234375,0.24772135416666666,0.011173184357541895
1,15,2,0,0.03125,0,0,0.0,0.0,0.0,0.12499999999999999,0.15836588541666666,0.08130081300813008
1,15,2,1,0.03125,1,1,0.0,0.01481742286715293,0.01481742286715293,0.06770833333333333,0.0703125,-0.0017730496453900694
1,15,2,2,0.15625,2,2,0.0,0.045215598528588585,0.045215598528588585,0.4114583333333333,0.4114583333333333,0.052873563218390804
1,15,2,3,0.03125,0,0,0.0,0.0,0.0,0.13020833333333331,0.15104166666666663,0.03864059590316574
1,15,3,0,0.03125,0,0,0.0,0.055073180618762985,0.055073180618762985,0.26041666666666663,0.2666015625,0.06300813008130082
1,15,3,1,0.03125,1,1,0.0,0.0,0.0,0.125,0.12499999999999999,-0.013297872340425534
1,15,3,2,0.03125,2,2,0.0,0.004476223146444358,0.004476223146444358,0.08854166666666666,0.13069661458333331,0.09770114942528735
1,15,3,3,0.15625,0,0,0.0,0.055073180618762985,0.055073180618762985,0.109375,0.11751302083333333,0.0006983240223463687
1,16,0,0,0.15625,0,0,0.0,0.06816079754884652,0.06816079754884652,0.24479166666666669,0.26285807291666663,0.0701219512195122
1,16,0,1,0.03125,1,1,0.0,0.004496767133004731,0.004496767133004731,0.109375,0.11328124999999999,-0.02127659574468085
1,16,0,2,0.03125,0,1,0.96875,0.06816079754884652,0.005783648218967798,0.0,0.06136067708333333,0.10862068965517241
1,16,0,3,0.03125,0,0,0.0,0.06816079754884652,0.06816079754884652,0.11979166666666666,0.12923177083333331,0.005353817504655492
1,16,1,0,0.03125,0,0,0.0,0.007573248876568295,0.007573248876568295,0.14583333333333331,0.16471354166666666,0.06402439024390244
1,16,1,1,0.15625,1,1,0.0,0.006069804760318265,0.006069804760318265,0.08333333333333333,0.09960937499999997,0.006205673758865248
1,16,1,2,0.03125,2,2,0.0,0.03225292920574163,0.03225292920574163,0.375,0.38639322916666663,0.061494252873563214
1,16,1,3,0.03125,0,0,0.0,0.007573248876568295,0.007573248876568295,0.15625,0.17285156249999997,0.024674115456238363
1,16,2,0,0.03125,0,0,0.0,0.0,0.0,0.041666666666666664,0.062174479166666664,0.05284552845528455
1,16,2,1,0.03125,1,1,0.0,0.006806966311153517,0.006806966311153517,-0.015625,0.032877604166666664,-0.002659574468085107
1,16,2,2,0.15625,2,2,0.0,0.04775537336847124,0.04775537336847124,0.43229166666666663,0.43229166666666663,0.05517241379310345
1,16,2,3,0.03125,0,0,0.0,0.0,0.0,0.08333333333333333,0.10628255208333333,0.04027001862197393
1,16,3,0,0.03125,0,0,0.0,0.06077052439927211,0.06077052439927211,0.296875,0.30533854166666663,0.05691056910569105
1,16,3,1,0.03125,2,2,0.4375,0.0048757769711545995,0.0027426245462744622,0.11458333333333331,0.11914062499999999,-0.011524822695035462
1,16,3,2,0.03125,2,2,0.0,0.0048757769711545995,0.0048757769711545995,0.0625,0.12109375,0.09655172413793103
1,16,3,3,0.15625,0,0,0.03125,0.06077052439927211,0.059820343210828374,0.140625,0.14680989583333331,0.0037243947858473007
1,17,0,0,0.15625,0,0,0.0,0.043169830432982614,0.043169830432982614,0.22916666666666666,0.23258463541666666,0.044715447154471545
1,17,0,1,0.03125,2,2,0.0625,0.0,0.00024756546106888266,0.10416666666666666,0.10481770833333334,-0.023936170212765954
1,17,0,2,0.03125,2,2,0.0,0.0,0.0,0.015625,0.0791015625,0.0982758620689655
1,17,0,3,0.03125,0,0,0.0625,0.043169830432982614,0.04352076801315373,0.16666666666666666,0.18147786458333331,-0.0048882681564245785
1,17,1,0,0.03125,0,0,0.0,0.002672975227444141,0.002672975227444141,0.140625,0.16764322916666666,0.06910569105691056
1,17,1,1,0.15625,1,1,0.0,0.0037516193225894945,0.0037516193225894945,0.09375,0.10953776041666666,-0.000886524822695036
1,17,1,2,0.03125,2,2,0.0,0.02934039881902417,0.02934039881902417,0.3958333333333333,0.408203125,0.06264367816091954
1,17,1,3,0.03125,0,0,0.0,0.002672975227444141,0.002672975227444141,0.27604166666666663,0.2939453125,0.03165735567970204
1,17,2,0,0.03125,0,0,0.0,0.0,0.0,0.07291666666666666,0.11083984374999999,0.06910569105691056
1,17,2,1,0.03125,1,1,0.0,0.007722307189932498,0.007722307189932498,0.07291666666666666,0.07454427083333333,0.003546099290780141
1,17,2,2,0.15625,2,2,0.0,0.04480032285000746,0.04480032285000746,0.37499999999999994,0.37532552083333326,0.05114942528735632
1,17,2,3,0.03125,0,0,0.0,0.0,0.0,0.02604166666666667,0.06005859375,0.03654562383612663
1,17,3,0,0.03125,0,0,0.0,0.03722529814714037,0.03722529814714037,0.296875,0.30712890625,0.06707317073170731
1,17,3,1,0.03125,2,2,0.0,0.0014223749387050066,0.0014223749387050066,0.05729166666666667,0.058268229166666664,-0.017730496453900704
1,17,3,2,0.03125,2,2,0.0,0.0014223749387050066,0.0014223749387050066,0.15625,0.17545572916666666,0.05574712643678161
1,17,3,3,0.15625,0,0,0.25,0.03722529814714037,0.02791897361035528,-0.010416666666666671,0.08447265625,0.012104283054003726
1,18,0,0,0.15625,0,0,0.0,0.06462897057277717,0.06462897057277717,0.2864583333333333,0.30696614583333326,0.07723577235772357
1,18,0,1,0.03125,2,1,0.53125,0.0,0.0016031775409368933,0.09895833333333331,0.10791015625,-0.022163120567375887
1,18,0,2,0.03125,2,2,0.0,0.0,0.0,0.03125,0.09065755208333333,0.11551724137931034
1,18,0,3,0.03125,0,0,0.0,0.06462897057277717,0.06462897057277717,0.15625,0.16666666666666666,0.0037243947858472976
1,18,1,0,0.03125,0,0,0.0,0.0027415381380383463,0.0027415381380383463,0.15625,0.17610677083333331,0.058943089430894303
1,18,1,1,0.15625,1,1,0.0,0.004725028839383527,0.004725028839383527,0.09375,0.09375,0.0017730496453900704
1,18,1,2,0.03125,2,2,0.0,0.02312753504153786,0.02312753504153786,0.2864583333333333,0.29345703124999994,0.05229885057471263
1,18,1,3,0.03125,0,0,0.0,0.0027415381380383463,0.0027415381380383463,0.17708333333333331,0.1982421875,0.023743016759776536
1,18,2,0,0.03125,0,0,0.0,0.0,0.0,0.06770833333333333,0.08951822916666666,0.05284552845528455
1,18,2,1,0.03125,1,1,0.0,0.008847789901894942,0.008847789901894942,0.02083333333333333,0.07210286458333333,-1.4763604050866443e-18
1,18,2,2,0.15625,2,2,0.0,0.044002807865593185,0.044002807865593185,0.40625,0.4109700520833333,0.05229885057471264
1,18,2,3,0.03125,0,0,0.0,0.0,0.0,0.11458333333333333,0.13151041666666666,0.036080074487895714
1,18,3,0,0.03125,0,0,0.0,0.04484686727283449,0.04484686727283449,0.2552083333333333,0.2591145833333333,0.0467479674796748
1,18,3,1,0.03125,2,2,0.21875,0.0007495946876674431,0.0005856208497401899,0.13020833333333331,0.13248697916666666,-0.01861702127659575
1,18,3,2,0.03125,2,2,0.0,0.0007495946876674431,0.0007495946876674431,0.046875,0.099609375,0.09999999999999999
1,18,3,3,0.15625,0,0,0.03125,0.04484686727283449,0.04458097631514406,0.16145833333333331,0.1748046875,-0.006750465549348226
1,19,0,0,0.15625,0,0,0.0,0.060685596687392374,0.060685596687392374,0.24479166666666663,0.2610677083333333,0.06402439024390244
1,19,0,1,0.03125,2,2,0.0,0.0,0.0,0.171875,0.17317708333333331,-0.010638297872340425
1,19,0,2,0.03125,0,1,0.84375,0.060685596687392374,0.014739224506462676,0.0,0.04524739583333333,0.09942528735632182
1,19,0,3,0.03125,0,0,0.0,0.060685596687392374,0.060685596687392374,0.109375,0.11360677083333333,-0.003957169459962755
1,19,1,0,0.03125,0,0,0.0,0.0,0.0,0.11458333333333333,0.12874348958333331,0.05284552845528455
1,19,1,1,0.15625,1,1,0.0,0.0036191822918718586,0.0036191822918718586,0.015625,0.0185546875,0.004432624113475178
1,19,1,2,0.03125,2,2,0.0,0.033412097214200576,0.033412097214200576,0.4375,0.44108072916666663,0.07183908045977011
1,19,1,3,0.03125,0,0,0.03125,0.0,3.710326344168874e-05,0.21874999999999997,0.23746744791666663,0.026303538175046548
1,19,2,0,0.03125,0,0,0.0,0.0,0.0,0.06770833333333333,0.0927734375,0.054878048780487805
1,19,2,1,0.03125,1,1,0.0,0.0033906378383606883,0.0033906378383606883,0.05208333333333333,0.05305989583333333,0.007978723404255319
1,19,2,2,0.15625,2,2,0.0,0.03997316096800929,0.03997316096800929,0.390625,0.390625,0.052873563218390804
1,19,2,3,0.03125,0,0,0.0,0.0,0.0,0.125,0.15071614583333331,0.037011173184357544
1,19,3,0,0.03125,0,0,0.0,0.050141539292369086,0.050141539292369086,0.29166666666666663,0.2996419270833333,0.06808943089430894
1,19,3,1,0.03125,1,1,0.0,0.0,0.0,0.140625,0.14371744791666666,-0.017730496453900707
1,19,3,2,0.03125,2,2,0.0,0.00086176603868382,0.00086176603868382,0.046875,0.10384114583333331,0.10919540229885057
1,19,3,3,0.15625,0,0,0.03125,0.050141539292369086,0.04983880923782273,0.171875,0.18815104166666666,-0.0016294227188081928
2,4,0,0,0.15625,0,0,0.0,0.0049504684821757294,0.0049504684821757294,0.30729166666666663,0.3115234375,0.02006980802792321
2,4,0,1,0.03125,1,1,0.0,0.015048988088531834,0.015048988088531834,0.24479166666666666,0.24479166666666666,0.04844961240310077
2,4,0,2,0.03125,0,0,0.03125,0.0049504684821757294,0.005266047219874358,0.30729166666666663,0.31119791666666663,0.009141494435612083
2,4,0,3,0.03125,3,3,0.0,0.009564393599858168,0.009564393599858168,0.171875,0.17187499999999997,-0.00925925925925926
2,4,1,0,0.03125,0,0,0.0,0.00888757152257047,0.00888757152257047,0.29166666666666663,0.2932942708333333,0.013961605584642232
2,4,1,1,0.15625,0,0,0.0,0.00888757152257047,0.00888757152257047,0.16145833333333331,0.16145833333333331,0.0310077519379845
2,4,1,2,0.03125,0,0,0.0,0.00888757152257047,0.00888757152257047,0.30729166666666663,0.31217447916666663,0.011526232114467409
2,4,1,3,0.03125,3,3,0.0,0.0,0.0,0.19270833333333331,0.19270833333333331,-0.02314814814814815
2,4,2,0,0.03125,1,1,0.40625,0.014773033691738324,0.012396433117322109,0.2708333333333333,0.27506510416666663,0.014397905759162303
2,4,2,1,0.03125,0,0,0.0,0.008922939970098409,0.008922939970098409,0.15104166666666666,0.15104166666666666,0.03197674418604651
2,4,2,2,0.15625,0,0,0.0,0.008922939970098409,0.008922939970098409,0.35416666666666663,0.35465494791666663,0.012188659247482777
2,4,2,3,0.03125,3,3,0.0,0.015439219724771025,0.015439219724771025,0.19270833333333331,0.19270833333333331,-0.01851851851851852
2,4,3,0,0.03125,1,0,0.65625,0.0004046433355697765,0.00013909614660211067,0.0,0.027832031249999997,0.05148342059336823
2,4,3,1,0.03125,1,1,0.0,0.0004046433355697765,0.0004046433355697765,0.17708333333333331,0.22753906249999994,0.11143410852713179
2,4,3,2,0.03125,0,0,0.03125,0.0,1.2645104236555516e-05,0.0,0.015299479166666666,0.030471648118706937
2,4,3,3,0.15625,3,3,0.0,0.06897055412139763,0.06897055412139763,0.020833333333333332,0.02180989583333333,-0.025
2,5,0,0,0.15625,1,1,0.0,0.014090472322524472,0.014090472322524472,0.29166666666666663,0.30875651041666663,0.017015706806282723
2,5,0,1,0.03125,1,1,0.0,0.014090472322524472,0.014090472322524472,0.2552083333333333,0.2552083333333333,0.04844961240310077
2,5,0,2,0.03125,0,0,0.0625,0.005104974273779872,0.0056665679018264095,0.3125,0.328125,0.012188659247482775
2,5,0,3,0.03125,3,3,0.0,0.003866094312265478,0.003866094312265478,0.17708333333333331,0.17708333333333331,-0.014814814814814812
2,5,1,0,0.03125,0,0,0.0,0.004003688459014665,0.004003688459014665,0.34375,0.3447265625,0.018760907504363
2,5,1,1,0.15625,0,0,0.0,0.004003688459014665,0.004003688459014665,0.18749999999999997,0.1875,0.036821705426356585
2,5,1,2,0.03125,0,0,0.0625,0.004003688459014665,0.0041900023019704365,0.30729166666666663,0.31412760416666663,0.010996290408055113
2,5,1,3,0.03125,3,3,0.0,0.0,0.0,0.1875,0.1875,-0.029629629629629627
2,5,2,0,0.03125,1,1,0.0,0.01237480753121678,0.01237480753121678,0.21875,0.22623697916666663,0.02094240837696335
2,5,2,1,0.03125,1,1,0.0,0.01237480753121678,0.01237480753121678,0.21875,0.21956380208333331,0.054263565891472854
2,5,2,2,0.15625,1,1,0.03125,0.01237480753121678,0.01202331893531463,0.3333333333333333,0.3455403645833333,0.015235824059353469
2,5,2,3,0.03125,3,3,0.0,0.02676249196191205,0.02676249196191205,0.19270833333333331,0.19270833333333334,-0.01851851851851852
2,5,3,0,0.03125,0,0,0.0,0.00022269828947374393,0.00022269828947374393,0.015625,0.04866536458333333,0.04930191972076788
2,5,3,1,0.03125,1,1,0.0,0.0,0.0,0.12499999999999999,0.1806640625,0.09883720930232556
2,5,3,2,0.03125,0,0,0.03125,0.00022269828947374393,0.00021573896792768943,0.0,0.022623697916666664,0.03643349231584525
2,5,3,3,0.15625,3,3,0.0,0.07328103584910928,0.07328103584910928,0.05729166666666666,0.057291666666666664,-0.032407407407407406
2,6,0,0,0.15625,1,1,0.03125,0.015065978098872002,0.01480993414530838,0.22916666666666666,0.23697916666666663,0.011343804537521814
2,6,0,1,0.03125,1,1,0.0,0.015065978098872002,0.015065978098872002,0.22916666666666663,0.22916666666666663,0.04844961240310077
2,6,0,2,0.03125,1,1,0.03125,0.015065978098872002,0.01480993414530838,0.29166666666666663,0.29687499999999994,0.008876523582405935
2,6,0,3,0.03125,3,3,0.0,0.013753891592351963,0.013753891592351963,0.18229166666666663,0.18229166666666666,-0.01851851851851852
2,6,1,0,0.03125,0,0,0.0,0.010331385672779692,0.010331385672779692,0.28125,0.283203125,0.014397905759162303
2,6,1,1,0.15625,0,0,0.0,0.010331385672779692,0.010331385672779692,0.16666666666666666,0.16666666666666666,0.03197674418604651
2,6,1,2,0.03125,0,0,0.0625,0.010331385672779692,0.01063649561506548,0.38541666666666663,0.39029947916666663,0.012056173820879703
2,6,1,3,0.03125,3,3,0.0,0.0,0.0,0.15625,0.15625,-0.03425925925925925
2,6,2,0,0.03125,1,1,0.0,0.016703383732316057,0.016703383732316057,0.2708333333333333,0.27604166666666663,0.015706806282722512
2,6,2,1,0.03125,0,0,0.0,0.0037039796469212627,0.0037039796469212627,0.22395833333333331,0.22395833333333331,0.045542635658914726
2,6,2,2,0.15625,0,0,0.0,0.0037039796469212627,0.0037039796469212627,0.2552083333333333,0.2581380208333333,0.012586115527291998
2,6,2,3,0.03125,3,3,0.0,0.01829050244588426,0.01829050244588426,0.20833333333333331,0.20833333333333331,-0.0027777777777777753
2,6,3,0,0.03125,0,0,0.0,0.0,0.0,0.020833333333333332,0.04817708333333333,0.04144851657940663
2,6,3,1,0.03125,0,1,0.6875,0.0,0.0013326038740303636,0.16666666666666666,0.21435546874999997,0.09205426356589146
2,6,3,2,0.03125,0,0,0.0625,0.0,0.00026723317383138545,0.0,0.018391927083333332,0.02835188129305776
2,6,3,3,0.15625,0,0,0.0,0.0,0.0,0.005208333333333333,0.010091145833333332,-0.01944444444444444
2,7,0,0,0.15625,1,1,0.0,0.014155569515056032,0.014155569515056032,0.26041666666666663,0.2630208333333333,0.010471204188481676
2,7,0,1,0.03125,0,0,0.0,0.010488173305504,0.010488173305504,0.16145833333333331,0.16145833333333331,0.031007751937984496
2,7,0,2,0.03125,0,0,0.03125,0.010488173305504,0.010602779437052502,0.3802083333333333,0.38151041666666663,0.009141494435612083
2,7,0,3,0.03125,3,3,0.0,0.0,0.0,0.21875,0.21875,-0.014814814814814814
2,7,1,0,0.03125,1,1,0.0,0.01586620703617625,0.01586620703617625,0.15625,0.17236328124999997,0.006544502617801046
2,7,1,1,0.15625,0,0,0.0,0.0,0.0,0.15625,0.15625,0.030038759689922482
2,7,1,2,0.03125,1,1,0.0,0.01586620703617625,0.01586620703617625,0.36458333333333326,0.36490885416666663,0.010333863275039745
2,7,1,3,0.03125,3,3,0.0,0.005570591737553143,0.005570591737553143,0.19270833333333331,0.19270833333333331,-0.02037037037037037
2,7,2,0,0.03125,0,0,0.0,0.002630180066892529,0.002630180066892529,0.3333333333333333,0.33642578125,0.02006980802792321
2,7,2,1,0.03125,0,0,0.0,0.002630180066892529,0.002630180066892529,0.21354166666666666,0.21354166666666669,0.0445736434108527
2,7,2,2,0.15625,0,0,0.09375,0.002630180066892529,0.002736936750419503,0.296875,0.3059895833333333,0.0045045045045045045
2,7,2,3,0.03125,3,3,0.0,0.012785343134990135,0.012785343134990135,0.15625,0.15625,-0.019444444444444445
2,7,3,0,0.03125,0,0,0.0,0.0,0.0,0.05208333333333333,0.07161458333333333,0.04319371727748691
2,7,3,1,0.03125,1,1,0.0,0.0026271293716806365,0.0026271293716806365,0.25,0.2893880208333333,0.10658914728682167
2,7,3,2,0.03125,1,1,0.46875,0.0026271293716806365,0.001697843446798051,0.015624999999999998,0.04394531249999999,0.02583465818759936
2,7,3,3,0.15625,3,3,0.0,0.060210735642038604,0.060210735642038604,0.0625,0.0625,-0.02314814814814815
2,8,0,0,0.15625,0,0,0.0,0.005831656283101783,0.005831656283101783,0.34375,0.34375,0.021378708551483418
2,8,0,1,0.03125,0,0,0.0,0.005831656283101783,0.005831656283101783,0.19791666666666663,0.19791666666666666,0.03875968992248062
2,8,0,2,0.03125,0,0,0.09375,0.005831656283101783,0.006849949978365206,0.30729166666666663,0.31201171875,0.011526232114467409
2,8,0,3,0.03125,3,3,0.0,0.0028961896248574925,0.0028961896248574925,0.171875,0.171875,-0.017592592592592594
2,8,1,0,0.03125,1,1,0.0,0.028463038177614308,0.028463038177614308,0.2708333333333333,0.2713216145833333,0.011780104712041885
2,8,1,1,0.15625,0,0,0.0,0.01593243644330311,0.01593243644330311,0.15624999999999997,0.15625,0.031007751937984496
2,8,1,2,0.03125,0,0,0.03125,0.01593243644330311,0.016324017747500336,0.21875,0.22233072916666663,0.009671436142024377
2,8,1,3,0.03125,3,3,0.0,0.01265761361019857,0.01265761361019857,0.203125,0.203125,-0.012037037037037039
2,8,2,0,0.03125,0,0,0.0,0.001136932419029013,0.001136932419029013,0.2708333333333333,0.27539062499999994,0.01701570680628272
2,8,2,1,0.03125,0,0,0.0,0.001136932419029013,0.001136932419029013,0.20833333333333331,0.20833333333333331,0.04263565891472868
2,8,2,2,0.15625,1,1,0.0625,0.013977353813175108,0.013103769199851664,0.30729166666666663,0.31217447916666663,0.0021197668256491774
2,8,2,3,0.03125,3,3,0.0,0.00987274981795594,0.00987274981795594,0.17708333333333331,0.17708333333333331,-0.025
2,8,3,0,0.03125,0,0,0.0,0.0,0.0,0.015625,0.04231770833333333,0.03795811518324607
2,8,3,1,0.03125,0,0,0.0,0.0,0.0,0.22395833333333331,0.2666015625,0.09689922480620156
2,8,3,2,0.03125,1,0,0.65625,0.0013621994549143368,0.0005939196441139515,-0.005208333333333333,0.02425130208333333,0.026762056173820877
2,8,3,3,0.15625,3,3,0.0,0.03748293775508682,0.03748293775508682,0.052083333333333336,0.05940755208333334,0.0018518518518518545
2,9,0,0,0.15625,0,0,0.0,0.011483830583003063,0.011483830583003063,0.3333333333333333,0.33333333333333326,0.015270506108202447
2,9,0,1,0.03125,0,0,0.0,0.011483830583003063,0.011483830583003063,0.17708333333333331,0.17708333333333331,0.03585271317829457
2,9,0,2,0.03125,0,0,0.0,0.011483830583003063,0.011483830583003063,0.296875,0.298828125,0.008346581875993641
2,9,0,3,0.03125,3,3,0.0,0.011519133850173224,0.011519133850173224,0.22916666666666666,0.22916666666666663,-0.020370370370370372
2,9,1,0,0.03125,1,1,0.09375,0.017874950228719877,0.017288122965210706,0.29166666666666663,0.29313151041666663,0.013961605584642232
2,9,1,1,0.15625,0,0,0.0,0.011615459417955387,0.011615459417955387,0.15104166666666666,0.15104166666666666,0.02906976744186047
2,9,1,2,0.03125,0,0,0.0,0.011615459417955387,0.011615459417955387,0.24479166666666663,0.24902343749999997,0.00688924218335983
2,9,1,3,0.03125,3,3,0.0,0.0,0.0,0.14583333333333331,0.14583333333333331,-0.02592592592592593
2,9,2,0,0.03125,1,1,0.0,0.013580542972275955,0.013580542972275955,0.21354166666666666,0.21354166666666666,0.007853403141361256
2,9,2,1,0.03125,1,1,0.0,0.013580542972275955,0.013580542972275955,0.19791666666666663,0.19791666666666666,0.03875968992248062
2,9,2,2,0.15625,0,0,0.03125,0.0024787065093487826,0.002401246930931633,0.24479166666666663,0.2561848958333333,0.008876523582405935
2,9,2,3,0.03125,3,3,0.0,0.004646531639118767,0.004646531639118767,0.19270833333333331,0.19270833333333334,-0.003703703703703706
2,9,3,0,0.03125,1,0,0.75,0.0030539293605064133,0.0007634823401266033,0.010416666666666668,0.04069010416666666,0.05191972076788831
2,9,3,1,0.03125,0,1,0.875,0.0,0.0026721881904431116,0.171875,0.22591145833333331,0.10465116279069768
2,9,3,2,0.03125,1,0,0.96875,0.0030539293605064133,0.00044762558593571325,-0.015625,0.014973958333333332,0.0271595124536301
2,9,3,3,0.15625,3,3,0.15625,0.07048714541366374,0.05947352894277878,0.010416666666666664,0.026041666666666664,-0.031481481481481485
2,10,0,0,0.15625,1,1,0.03125,0.014773900507468185,0.014526569862740212,0.33854166666666663,0.33902994791666663,0.02225130890052356
2,10,0,1,0.03125,0,0,0.0,0.006859319876173053,0.006859319876173053,0.22916666666666669,0.22916666666666666,0.045542635658914726
2,10,0,2,0.03125,0,0,0.0,0.006859319876173053,0.006859319876173053,0.38541666666666663,0.38639322916666663,0.014573396926338104
2,10,0,3,0.03125,3,3,0.0,0.008926431392537126,0.008926431392537126,0.17708333333333331,0.17708333333333331,0.0018518518518518515
2,10,1,0,0.03125,0,0,0.0,0.0048225852727519225,0.0048225852727519225,0.296875,0.29752604166666663,0.01614310645724258
2,10,1,1,0.15625,0,0,0.0,0.0048225852727519225,0.0048225852727519225,0.13541666666666669,0.13541666666666666,0.027131782945736437
2,10,1,2,0.03125,0,0,0.0625,0.0048225852727519225,0.0053373851931397265,0.35416666666666663,0.35953776041666663,0.010466348701642819
2,10,1,3,0.03125,3,3,0.0,0.002097465675054533,0.002097465675054533,0.19270833333333331,0.19270833333333331,-0.029629629629629634
2,10,2,0,0.03125,0,0,0.0,0.008262069424771479,0.008262069424771479,0.26041666666666663,0.26041666666666663,0.015270506108202443
2,10,2,1,0.03125,1,1,0.0,0.013440434550621161,0.013440434550621161,0.21874999999999997,0.21875,0.046511627906976744
2,10,2,2,0.15625,0,0,0.0625,0.008262069424771479,0.007745690085723261,0.3125,0.322265625,0.014440911499735027
2,10,2,3,0.03125,3,3,0.0,0.01877494722812978,0.01877494722812978,0.17708333333333331,0.17708333333333331,-0.018518518518518517
2,10,3,0,0.03125,0,0,0.0,0.002426714985510503,0.002426714985510503,0.0,0.04345703124999999,0.061954624781849904
2,10,3,1,0.03125,1,1,0.0,0.0,0.0,0.07291666666666666,0.12646484375,0.11627906976744186
2,10,3,2,0.03125,0,0,0.0,0.002426714985510503,0.002426714985510503,0.0,0.023274739583333332,0.0397456279809221
2,10,3,3,0.15625,3,3,0.0,0.09295033296782795,0.09295033296782795,0.005208333333333333,0.005208333333333333,-0.03796296296296296
2,11,0,0,0.15625,1,1,0.0,0.018203672219661238,0.018203672219661238,0.30208333333333326,0.3020833333333333,0.01396160558464223
2,11,0,1,0.03125,0,0,0.0,0.006496265247719846,0.006496265247719846,0.1875,0.18749999999999997,0.036821705426356585
2,11,0,2,0.03125,0,0,0.0,0.006496265247719846,0.006496265247719846,0.2708333333333333,0.2771809895833333,0.007551669316375197
2,11,0,3,0.03125,3,3,0.0,0.0,0.0,0.19270833333333331,0.19270833333333331,-0.003703703703703703
2,11,1,0,0.03125,0,0,0.0,0.008853757197110568,0.008853757197110568,0.27604166666666663,0.27734374999999994,0.013089005235602094
2,11,1,1,0.15625,0,0,0.0,0.008853757197110568,0.008853757197110568,0.19791666666666666,0.19791666666666666,0.0377906976744186
2,11,1,2,0.03125,0,0,0.03125,0.008853757197110568,0.008768699154791282,0.3020833333333333,0.3055013020833333,0.010598834128245893
2,11,1,3,0.03125,3,3,0.0,0.0,0.0,0.16145833333333331,0.16145833333333331,-0.016666666666666666
2,11,2,0,0.03125,1,0,0.5625,0.022189766778885844,0.01686671229726583,0.296875,0.3035481770833333,0.01657940663176265
2,11,2,1,0.03125,0,0,0.0,0.012726558811561373,0.012726558811561373,0.23437499999999997,0.23502604166666666,0.04941860465116278
2,11,2,2,0.15625,0,0,0.0,0.012726558811561373,0.012726558811561373,0.26041666666666663,0.26676432291666663,0.009273979862215155
2,11,2,3,0.03125,3,3,0.0,0.020061452723136308,0.020061452723136308,0.19270833333333331,0.19270833333333331,-0.02314814814814815
2,11,3,0,0.03125,1,0,0.84375,0.0,0.005096790427963762,0.010416666666666668,0.04931640624999999,0.039267015706806276
2,11,3,1,0.03125,1,1,0.0,0.0,0.0,0.16145833333333331,0.20784505208333331,0.10077519379844961
2,11,3,2,0.03125,0,0,0.0625,0.0060406405072163105,0.005663100475515291,0.0,0.01611328125,0.02768945416004239
2,11,3,3,0.15625,3,3,0.0,0.04457611296879371,0.04457611296879371,0.03645833333333333,0.03987630208333333,-0.005555555555555556
2,12,0,0,0.15625,0,0,0.0,0.0051032822554559765,0.0051032822554559765,0.390625,0.39062499999999994,0.025741710296684116
2,12,0,1,0.03125,0,0,0.0,0.0051032822554559765,0.0051032822554559765,0.18229166666666666,0.18229166666666666,0.03972868217054263
2,12,0,2,0.03125,0,0,0.0,0.0051032822554559765,0.0051032822554559765,0.296875,0.3037109375,0.014705882352941176
2,12,0,3,0.03125,3,3,0.0,0.014723975747301554,0.014723975747301554,0.171875,0.171875,-0.018518518518518517
2,12,1,0,0.03125,0,0,0.0,0.006941779600377229,0.006941779600377229,0.26041666666666663,0.26090494791666663,0.014834205933682374
2,12,1,1,0.15625,0,0,0.0,0.006941779600377229,0.006941779600377229,0.13541666666666666,0.13541666666666666,0.025193798449612403
2,12,1,2,0.03125,0,0,0.0,0.006941779600377229,0.006941779600377229,0.265625,0.27099609375,0.008346581875993641
2,12,1,3,0.03125,3,3,0.0,0.003261360351303977,0.003261360351303977,0.15104166666666666,0.15104166666666666,-0.03518518518518518
2,12,2,0,0.03125,0,0,0.0,0.002189904482158833,0.002189904482158833,0.23958333333333331,0.23958333333333334,0.015270506108202443
2,12,2,1,0.03125,1,1,0.0,0.012367059717605877,0.012367059717605877,0.24999999999999997,0.24999999999999997,0.05813953488372092
2,12,2,2,0.15625,0,0,0.03125,0.002189904482158833,0.0025079405832665533,0.32291666666666663,0.330078125,0.013116057233704289
2,12,2,3,0.03125,3,3,0.0,0.03077875962267551,0.03077875962267551,0.2552083333333333,0.2552083333333333,-0.0037037037037037004
2,12,3,0,0.03125,1,0,0.875,0.007590856054762507,0.0023678787657413075,0.09895833333333333,0.12630208333333331,0.033595113438045374
2,12,3,1,0.03125,1,1,0.0,0.007590856054762507,0.007590856054762507,0.2864583333333333,0.30436197916666663,0.09108527131782944
2,12,3,2,0.03125,0,0,0.0,0.0016217391530239933,0.0016217391530239933,0.11458333333333333,0.1328125,0.028749337572866976
2,12,3,3,0.15625,3,3,0.0,0.05402015791098469,0.05402015791098469,0.05208333333333333,0.052083333333333336,-0.041666666666666664
2,13,0,0,0.15625,1,1,0.0,0.011813297468499684,0.011813297468499684,0.27604166666666663,0.27604166666666663,0.01657940663176265
2,13,0,1,0.03125,1,1,0.0,0.011813297468499684,0.011813297468499684,0.1875,0.18749999999999997,0.03972868217054263
2,13,0,2,0.03125,0,0,0.0,0.0,0.0,0.2864583333333333,0.29345703125,0.01099629040805511
2,13,0,3,0.03125,3,3,0.0,0.012040041262480261,0.012040041262480261,0.22395833333333331,0.22395833333333331,-0.0009259259259259276
2,13,1,0,0.03125,0,0,0.0,0.01611340231327818,0.01611340231327818,0.31770833333333326,0.31835937499999994,0.013089005235602094
2,13,1,1,0.15625,0,0,0.0,0.01611340231327818,0.01611340231327818,0.140625,0.140625,0.02713178294573643
2,13,1,2,0.03125,0,0,0.0,0.01611340231327818,0.01611340231327818,0.27604166666666663,0.27929687499999994,0.009671436142024375
2,13,1,3,0.03125,3,3,0.0,0.0,0.0,0.15104166666666666,0.15104166666666666,-0.02592592592592592
2,13,2,0,0.03125,0,0,0.0,0.008197904884981844,0.008197904884981844,0.3020833333333333,0.3030598958333333,0.011343804537521814
2,13,2,1,0.03125,0,0,0.0,0.008197904884981844,0.008197904884981844,0.16666666666666666,0.16666666666666666,0.034883720930232565
2,13,2,2,0.15625,0,0,0.03125,0.008197904884981844,0.008446884606128299,0.33854166666666663,0.34244791666666663,0.010996290408055115
2,13,2,3,0.03125,3,3,0.0,0.013889353558901085,0.013889353558901085,0.13541666666666666,0.13541666666666666,-0.02592592592592592
2,13,3,0,0.03125,1,1,0.0,0.006696971734042267,0.006696971734042267,0.041666666666666664,0.05696614583333333,0.032722513089005235
2,13,3,1,0.03125,1,1,0.0,0.006696971734042267,0.006696971734042267,0.31249999999999994,0.35530598958333326,0.11821705426356588
2,13,3,2,0.03125,1,1,0.0,0.006696971734042267,0.006696971734042267,0.026041666666666664,0.05631510416666666,0.02729199788023317
2,13,3,3,0.15625,3,3,0.0,0.06329087170231396,0.06329087170231396,0.09375,0.09375,-0.03518518518518519
2,14,0,0,0.15625,1,1,0.4375,0.01419600408662447,0.011553631983337129,0.3020833333333333,0.30924479166666663,0.01701570680628272
2,14,0,1,0.03125,0,0,0.0,0.00815629642196769,0.00815629642196769,0.20833333333333331,0.20833333333333331,0.03875968992248062
2,14,0,2,0.03125,0,0,0.0625,0.00815629642196769,0.00822592589510529,0.2864583333333333,0.29345703125,0.008611552729199787
2,14,0,3,0.03125,3,3,0.0,0.0,0.0,0.203125,0.20312499999999997,-0.00277777777777778
2,14,1,0,0.03125,1,1,0.0,0.01929094713544277,0.01929094713544277,0.27083333333333326,0.2708333333333333,0.014834205933682372
2,14,1,1,0.15625,0,0,0.0,0.007195876052164651,0.007195876052164651,0.11979166666666667,0.11979166666666666,0.022286821705426355
2,14,1,2,0.03125,0,0,0.0,0.007195876052164651,0.007195876052164651,0.359375,0.36197916666666663,0.00794912559618442
2,14,1,3,0.03125,3,3,0.0,0.0,0.0,0.16666666666666666,0.16666666666666666,-0.025
2,14,2,0,0.03125,1,0,0.5,0.015326112353387877,0.014548719115276443,0.3125,0.3196614583333333,0.01963350785340314
2,14,2,1,0.03125,1,1,0.0,0.015326112353387877,0.015326112353387877,0.2552083333333333,0.2552083333333333,0.050387596899224806
2,14,2,2,0.15625,1,1,0.09375,0.015326112353387877,0.015180351121241983,0.2552083333333333,0.26529947916666663,0.009671436142024377
2,14,2,3,0.03125,3,3,0.0,0.021270746538398444,0.021270746538398444,0.23958333333333331,0.23958333333333331,-0.015740740740740743
2,14,3,0,0.03125,0,0,0.0,0.0,0.0,0.020833333333333332,0.04833984374999999,0.049738219895287955
2,14,3,1,0.03125,1,1,0.0,0.0016599001817885206,0.0016599001817885206,0.125,0.19010416666666663,0.12306201550387598
2,14,3,2,0.03125,0,0,0.0,0.0,0.0,0.0,0.01692708333333333,0.0271595124536301
2,14,3,3,0.15625,3,3,0.0,0.07524274303852296,0.07524274303852296,0.005208333333333333,0.005208333333333333,-0.02592592592592592
2,15,0,0,0.15625,1,1,0.03125,0.02277157270643615,0.022574519323295607,0.35416666666666663,0.3603515625,0.020942408376963345
2,15,0,1,0.03125,0,0,0.0,0.016465864445938783,0.016465864445938783,0.24479166666666663,0.24479166666666663,0.04844961240310078
2,15,0,2,0.03125,0,0,0.0,0.016465864445938783,0.016465864445938783,0.14583333333333331,0.17089843749999997,0.006094329623741388
2,15,0,3,0.03125,3,3,0.0,0.01696876867395347,0.01696876867395347,0.22395833333333331,0.22395833333333331,-0.029629629629629634
2,15,1,0,0.03125,0,0,0.0,0.011595762125251818,0.011595762125251818,0.29687499999999994,0.296875,0.012216404886561952
2,15,1,1,0.15625,0,0,0.0,0.011595762125251818,0.011595762125251818,0.13020833333333334,0.13020833333333334,0.02616279069767442
2,15,1,2,0.03125,0,0,0.0,0.011595762125251818,0.011595762125251818,0.24999999999999997,0.25553385416666663,0.010201377848436671
2,15,1,3,0.03125,3,3,0.0,0.003686579111452204,0.003686579111452204,0.16666666666666666,0.16666666666666666,-0.02685185185185185
2,15,2,0,0.03125,0,0,0.0,0.0037063260972991507,0.0037063260972991507,0.3125,0.3125,0.014834205933682372
2,15,2,1,0.03125,0,0,0.0,0.0037063260972991507,0.0037063260972991507,0.21354166666666663,0.21500651041666663,0.04844961240310077
2,15,2,2,0.15625,1,1,0.0,0.012038244141816423,0.012038244141816423,0.3333333333333333,0.3333333333333333,0.011791202967673555
2,15,2,3,0.03125,3,3,0.0,0.020913579263732607,0.020913579263732607,0.19270833333333331,0.19270833333333331,-0.022222222222222223
2,15,3,0,0.03125,0,0,0.0,0.003353458686878419,0.003353458686878419,0.015625,0.04117838541666666,0.04581151832460733
2,15,3,1,0.03125,1,1,0.0,0.0,0.0,0.13020833333333331,0.17301432291666666,0.09593023255813951
2,15,3,2,0.03125,0,0,0.15625,0.003353458686878419,0.002829480767053666,0.0,0.017578125,0.032061473237943824
2,15,3,3,0.15625,3,3,0.0,0.061320203711140664,0.061320203711140664,0.015625,0.015625,-0.024074074074074074
2,16,0,0,0.15625,1,1,0.46875,0.01146944559262253,0.0073030019891079,0.33854166666666663,0.34391276041666663,0.019197207678883072
2,16,0,1,0.03125,0,0,0.0,0.0025810325717913196,0.0025810325717913196,0.1875,0.1875,0.03682170542635659
2,16,0,2,0.03125,0,0,0.0,0.0025810325717913196,0.0025810325717913196,0.3125,0.31754557291666663,0.010731319554848965
2,16,0,3,0.03125,3,3,0.0,0.007573046300912711,0.007573046300912711,0.15625,0.15625,-0.030555555555555555
2,16,1,0,0.03125,0,0,0.0,0.014856305914357826,0.014856305914357826,0.328125,0.32877604166666663,0.016579406631762654
2,16,1,1,0.15625,0,0,0.0,0.014856305914357826,0.014856305914357826,0.15625,0.15625,0.03003875968992248
2,16,1,2,0.03125,0,0,0.0,0.014856305914357826,0.014856305914357826,0.328125,0.32958984375,0.006094329623741388
2,16,1,3,0.03125,3,3,0.0,0.0,0.0,0.15625,0.15625,-0.022222222222222223
2,16,2,0,0.03125,1,0,0.53125,0.013050600266032997,0.010830907961632066,0.296875,0.30436197916666663,0.01657940663176265
2,16,2,1,0.03125,1,1,0.0,0.013050600266032997,0.013050600266032997,0.203125,0.203125,0.04069767441860465
2,16,2,2,0.15625,0,0,0.03125,0.008872355928337128,0.008595094805576593,0.296875,0.30224609375,0.007816640169581345
2,16,2,3,0.03125,3,3,0.0,0.005780587914035795,0.005780587914035795,0.14583333333333331,0.14583333333333331,-0.027777777777777783
2,16,3,0,0.03125,0,0,0.0,0.004649148576545636,0.004649148576545636,0.0,0.03727213541666666,0.047120418848167527
2,16,3,1,0.03125,1,1,0.0,0.0,0.0,0.03125,0.07454427083333331,0.09011627906976744
2,16,3,2,0.03125,0,0,0.03125,0.004649148576545636,0.004503862683528585,0.0,0.025390625,0.037890832008479064
2,16,3,3,0.15625,3,3,0.0,0.0825516804925226,0.0825516804925226,0.005208333333333333,0.005208333333333333,-0.03333333333333333
2,17,0,0,0.15625,0,0,0.0,0.005342957889650002,0.005342957889650002,0.3020833333333333,0.3030598958333333,0.01832460732984293
2,17,0,1,0.03125,0,0,0.0,0.005342957889650002,0.005342957889650002,0.23958333333333331,0.23958333333333331,0.046511627906976744
2,17,0,2,0.03125,1,1,0.1875,0.013983486756854235,0.012196420160201879,0.3020833333333333,0.31396484375,0.008214096449390565
2,17,0,3,0.03125,3,3,0.0,0.005611989790639815,0.005611989790639815,0.22916666666666663,0.22916666666666663,0.0027777777777777796
2,17,1,0,0.03125,0,0,0.0,0.02209279866861913,0.02209279866861913,0.30729166666666663,0.30989583333333326,0.010471204188481674
2,17,1,1,0.15625,0,0,0.0,0.02209279866861913,0.02209279866861913,0.18229166666666663,0.18229166666666666,0.03488372093023256
2,17,1,2,0.03125,0,0,0.03125,0.02209279866861913,0.022277051414093592,-0.010416666666666657,0.07698567708333334,0.004107048224695283
2,17,1,3,0.03125,3,3,0.0,0.006118255724126276,0.006118255724126276,0.10416666666666666,0.10416666666666666,-0.021296296296296296
2,17,2,0,0.03125,0,0,0.0,0.0035555723773281755,0.0035555723773281755,0.3125,0.31315104166666663,0.021815008726003487
2,17,2,1,0.03125,1,1,0.0,0.009544387095104412,0.009544387095104412,0.22916666666666663,0.22916666666666666,0.050387596899224806
2,17,2,2,0.15625,0,0,0.0,0.0035555723773281755,0.0035555723773281755,0.2708333333333333,0.27750651041666663,0.008876523582405935
2,17,2,3,0.03125,3,3,0.0,0.016826864001159958,0.016826864001159958,0.21875,0.21874999999999997,-0.022222222222222223
2,17,3,0,0.03125,1,0,0.90625,0.0,4.0045534761036505e-05,-0.005208333333333333,0.03971354166666666,0.05061082024432809
2,17,3,1,0.03125,1,1,0.0,0.0,0.0,0.078125,0.12434895833333333,0.10368217054263568
2,17,3,2,0.03125,0,0,0.0,4.418817628804028e-05,4.418817628804028e-05,0.0,0.023111979166666664,0.034181240063593
2,17,3,3,0.15625,3,3,0.0,0.07087040722466176,0.07087040722466176,0.0,0.00146484375,-0.021296296296296296
2,18,0,0,0.15625,1,1,0.0,0.016546864571850728,0.016546864571850728,0.3020833333333333,0.3020833333333333,0.013961605584642232
2,18,0,1,0.03125,0,0,0.0,0.013969173653877731,0.013969173653877731,0.22916666666666666,0.22916666666666666,0.046511627906976744
2,18,0,2,0.03125,0,0,0.03125,0.013969173653877731,0.013532636977194052,0.2708333333333333,0.27799479166666663,0.008081611022787493
2,18,0,3,0.03125,3,3,0.0,0.017658809173240142,0.017658809173240142,0.21874999999999997,0.21875,-0.005555555555555556
2,18,1,0,0.03125,0,0,0.0,0.009517682140443462,0.009517682140443462,0.3645833333333333,0.36490885416666663,0.01919720767888307
2,18,1,1,0.15625,0,0,0.0,0.009517682140443462,0.009517682140443462,0.140625,0.140625,0.027131782945736437
2,18,1,2,0.03125,0,0,0.03125,0.009517682140443462,0.009484399712066528,0.32291666666666663,0.32666015625,0.009538950715421303
2,18,1,3,0.03125,3,3,0.0,0.0,0.0,0.17708333333333331,0.17708333333333331,-0.022222222222222227
2,18,2,0,0.03125,1,1,0.0,0.014184708829310888,0.014184708829310888,0.2552083333333333,0.2571614583333333,0.011343804537521814
2,18,2,1,0.03125,0,0,0.0,0.009816178646139262,0.009816178646139262,0.21874999999999997,0.21875,0.04166666666666667
2,18,2,2,0.15625,0,0,0.15625,0.009816178646139262,0.008282400732680002,0.35416666666666663,0.37027994791666663,0.009009009009009009
2,18,2,3,0.03125,3,3,0.0,0.0030435867289697605,0.0030435867289697605,0.16666666666666663,0.16666666666666666,-0.013888888888888888
2,18,3,0,0.03125,0,0,0.0,0.00176662590692922,0.00176662590692922,0.03645833333333333,0.05891927083333333,0.05541012216404886
2,18,3,1,0.03125,1,1,0.0,0.0,0.0,0.21875,0.26318359375,0.11918604651162788
2,18,3,2,0.03125,0,0,0.09375,0.00176662590692922,0.0016010047281546057,0.0,0.013834635416666664,0.026629570747217807
2,18,3,3,0.15625,3,3,0.0,0.061538781086548866,0.061538781086548866,0.046875,0.0517578125,-0.0009259259259259226
2,19,0,0,0.15625,1,1,0.0,0.015686033497267715,0.015686033497267715,0.27604166666666663,0.28125,0.01657940663176265
2,19,0,1,0.03125,1,1,0.0,0.015686033497267715,0.015686033497267715,0.20833333333333331,0.20833333333333331,0.03875968992248062
2,19,0,2,0.03125,1,1,0.03125,0.015686033497267715,0.015195844950478099,0.296875,0.3037109375,0.010996290408055115
2,19,0,3,0.03125,3,3,0.0,0.005601210330867024,0.005601210330867024,0.203125,0.203125,0.009259259259259255
2,19,1,0,0.03125,0,0,0.0,0.005661719484508554,0.005661719484508554,0.296875,0.29752604166666663,0.013961605584642236
2,19,1,1,0.15625,0,0,0.0,0.005661719484508554,0.005661719484508554,0.125,0.125,0.024224806201550386
2,19,1,2,0.03125,0,0,0.0,0.005661719484508554,0.005661719484508554,0.32291666666666663,0.32486979166666663,0.007154213036565978
2,19,1,3,0.03125,3,3,0.0,0.0,0.0,0.16666666666666666,0.16666666666666666,-0.03055555555555555
2,19,2,0,0.03125,0,0,0.0,0.00832007756959019,0.00832007756959019,0.3645833333333333,0.36946614583333326,0.01788830715532286
2,19,2,1,0.03125,0,0,0.0,0.00832007756959019,0.00832007756959019,0.22395833333333331,0.22395833333333331,0.04263565891472868
2,19,2,2,0.15625,1,1,0.0625,0.015909191746748097,0.014945714061737968,0.30729166666666663,0.31298828125,0.008214096449390565
2,19,2,3,0.03125,3,3,0.0,0.0,0.0,0.18229166666666666,0.18522135416666666,0.002777777777777778
2,19,3,0,0.03125,0,0,0.0,0.0,0.0,0.020833333333333332,0.05501302083333333,0.05366492146596859
2,19,3,1,0.03125,1,1,0.0,0.0020814083108013914,0.0020814083108013914,0.17708333333333331,0.23356119791666666,0.11821705426356588
2,19,3,2,0.03125,1,1,0.4375,0.0020814083108013914,0.0014768742069799223,-0.010416666666666666,0.018229166666666664,0.02702702702702703
2,19,3,3,0.15625,3,3,0.0,0.07898459786985601,0.07898459786985601,0.11979166666666666,0.12174479166666666,-0.007407407407407406
3,4,0,0,0.15625,0,0,0.0,0.0749995400323683,0.0749995400323683,0.24479166666666666,0.25065104166666663,0.0685185185185185
3,4,0,1,0.03125,1,1,0.0,0.08652747589932952,0.08652747589932952,0.35937499999999994,0.3660481770833333,0.10030864197530863
3,4,0,2,0.03125,3,3,0.09375,0.0009191019019869628,0.0008329360986756851,0.140625,0.19970703124999997,0.10596707818930041
3,4,0,3,0.03125,0,2,0.96875,0.0749995400323683,0.0026309549703824354,0.0,0.08170572916666666,0.1532992036405006
3,4,1,0,0.03125,0,0,0.0,0.07171069311855482,0.07171069311855482,0.171875,0.17415364583333331,0.03611111111111111
3,4,1,1,0.15625,0,0,0.125,0.07171069311855482,0.07463931990401976,0.390625,0.392578125,0.06674382716049382
3,4,1,2,0.03125,3,2,1.0,0.0,0.008576342873031995,0.04166666666666667,0.12418619791666666,0.11625514403292181
3,4,1,3,0.03125,0,3,1.0,0.07171069311855482,0.0040201607217337475,0.0,0.07552083333333333,0.1350967007963595
3,4,2,0,0.03125,1,1,0.03125,0.015045766360259227,0.014762554888006388,0.03645833333333333,0.09602864583333333,0.09907407407407405
3,4,2,1,0.03125,1,1,0.0,0.015045766360259227,0.015045766360259227,0.046875,0.1318359375,0.1574074074074074
3,4,2,2,0.15625,2,2,0.0,0.0,0.0,0.20833333333333331,0.22119140624999997,0.05555555555555555
3,4,2,3,0.03125,3,3,0.0,0.02921067137236366,0.02921067137236366,0.328125,0.3421223958333333,0.10836177474402729
3,4,3,0,0.03125,1,0,0.6875,0.004030761915812753,0.0012596130986914852,0.010416666666666668,0.08170572916666666,0.1259259259259259
3,4,3,1,0.03125,0,1,0.53125,0.0,0.002141342267775525,0.0,0.08561197916666666,0.1550925925925926
3,4,3,2,0.03125,2,2,0.0,0.020883862287199073,0.020883862287199073,0.10416666666666666,0.11295572916666666,0.024691358024691357
3,4,3,3,0.15625,2,2,0.0,0.020883862287199073,0.020883862287199073,0.6197916666666666,0.6197916666666666,0.07081911262798633
3,5,0,0,0.15625,0,0,0.0,0.06827073185024923,0.06827073185024923,0.22916666666666666,0.2298177083333333,0.05185185185185184
3,5,0,1,0.03125,1,1,0.0,0.09327962382943045,0.09327962382943045,0.38541666666666663,0.3929036458333333,0.09722222222222222
3,5,0,2,0.03125,3,3,0.03125,0.0,2.372167685778942e-05,0.11458333333333334,0.17220052083333331,0.09362139917695472
3,5,0,3,0.03125,0,3,1.0,0.06827073185024923,0.00030838179915126246,0.0,0.083984375,0.15073947667804322
3,5,1,0,0.03125,0,0,0.0,0.07208632565710227,0.07208632565710227,0.171875,0.18017578124999997,0.04259259259259259
3,5,1,1,0.15625,1,1,0.0,0.10414081932996988,0.10414081932996988,0.38541666666666663,0.38541666666666663,0.06520061728395062
3,5,1,2,0.03125,3,3,0.0,0.0,0.0,0.026041666666666668,0.09147135416666666,0.11522633744855966
3,5,1,3,0.03125,0,2,0.96875,0.07208632565710227,0.006926824453113746,0.0,0.07096354166666666,0.13083048919226392
3,5,2,0,0.03125,1,0,0.5625,0.018921797076564606,0.013332367333805509,0.046875,0.1298828125,0.10833333333333334
3,5,2,1,0.03125,1,1,0.0,0.018921797076564606,0.018921797076564606,0.015625,0.08821614583333333,0.1589506172839506
3,5,2,2,0.15625,3,3,0.375,0.03548558875394614,0.022178492971216338,0.18229166666666666,0.189453125,0.05452674897119341
3,5,2,3,0.03125,3,3,0.0,0.03548558875394614,0.03548558875394614,0.328125,0.3470052083333333,0.10665529010238908
3,5,3,0,0.03125,0,0,0.0,0.0,0.0,0.020833333333333332,0.10139973958333333,0.12962962962962965
3,5,3,1,0.03125,0,0,0.40625,0.0,0.001862004872478902,0.0,0.06819661458333333,0.14737654320987653
3,5,3,2,0.03125,2,2,0.0,0.02321272484493364,0.02321272484493364,0.11979166666666666,0.126953125,0.037037037037037035
3,5,3,3,0.15625,2,2,0.0,0.02321272484493364,0.02321272484493364,0.49999999999999994,0.5030924479166666,0.06313993174061433
3,6,0,0,0.15625,1,1,0.125,0.08395718116734019,0.07988429224230349,0.21354166666666666,0.22151692708333331,0.05555555555555555
3,6,0,1,0.03125,1,1,0.0,0.08395718116734019,0.08395718116734019,0.3802083333333333,0.39713541666666663,0.11574074074074074
3,6,0,2,0.03125,3,3,0.0,0.0036608274666271035,0.0036608274666271035,0.109375,0.15559895833333331,0.08230452674897118
3,6,0,3,0.03125,0,2,1.0,0.051374069767046615,0.0018304137333135517,0.0,0.08968098958333331,0.15102389078498293
3,6,1,0,0.03125,0,0,0.0,0.07117854631898657,0.07117854631898657,0.1875,0.19222005208333331,0.041666666666666664
3,6,1,1,0.15625,1,1,0.0,0.1023850136234532,0.1023850136234532,0.3177083333333333,0.3196614583333333,0.06365740740740741
3,6,1,2,0.03125,3,2,0.84375,0.0,0.012592199057003883,0.015625,0.09765625,0.10802469135802467
3,6,1,3,0.03125,0,3,1.0,0.07117854631898657,0.0023318887142599783,0.0,0.08544921874999999,0.14562002275312855
3,6,2,0,0.03125,0,0,0.0,0.0,0.0,0.08854166666666666,0.1396484375,0.10925925925925926
3,6,2,1,0.03125,1,1,0.0,0.014982324816678938,0.014982324816678938,0.015625,0.09814453125,0.16280864197530864
3,6,2,2,0.15625,2,2,0.0,0.013018460495975548,0.013018460495975548,0.203125,0.21516927083333331,0.05864197530864197
3,6,2,3,0.03125,3,3,0.0,0.046879378772927804,0.046879378772927804,0.375,0.38297526041666663,0.09044368600682594
3,6,3,0,0.03125,1,0,0.96875,0.010907120746508459,0.00034084752332838933,0.005208333333333334,0.07584635416666666,0.10648148148148148
3,6,3,1,0.03125,0,0,0.34375,0.0,0.0037493227566122826,0.0,0.07080078124999999,0.15007716049382716
3,6,3,2,0.03125,2,2,0.0,0.028131809012808207,0.028131809012808207,0.11979166666666666,0.130859375,0.03909465020576131
3,6,3,3,0.15625,2,2,0.0,0.028131809012808207,0.028131809012808207,0.5677083333333333,0.5711263020833333,0.07025028441410694
3,7,0,0,0.15625,0,0,0.0,0.0510507288224511,0.0510507288224511,0.21875,0.23437499999999997,0.06759259259259259
3,7,0,1,0.03125,1,1,0.0,0.08530249180958582,0.08530249180958582,0.38541666666666663,0.39518229166666663,0.11342592592592593
3,7,0,2,0.03125,3,3,0.0,0.0,0.0,0.125,0.19287109375,0.10699588477366255
3,7,0,3,0.03125,0,3,1.0,0.0510507288224511,4.608731101283375e-06,0.0,0.09049479166666666,0.1504550625711035
3,7,1,0,0.03125,0,0,0.0,0.06892984513396494,0.06892984513396494,0.16666666666666666,0.17171223958333331,0.037037037037037035
3,7,1,1,0.15625,0,0,0.0,0.06892984513396494,0.06892984513396494,0.38541666666666663,0.38541666666666663,0.06558641975308642
3,7,1,2,0.03125,3,3,0.0,0.0,0.0,0.03125,0.0927734375,0.10082304526748971
3,7,1,3,0.03125,0,3,1.0,0.06892984513396494,0.0007321671278437275,0.0,0.06868489583333333,0.13481228668941977
3,7,2,0,0.03125,1,0,0.5625,0.022963565116564943,0.0170943541333079,0.04166666666666667,0.09293619791666666,0.08888888888888889
3,7,2,1,0.03125,1,1,0.0,0.022963565116564943,0.022963565116564943,0.03125,0.10872395833333331,0.15200617283950615
3,7,2,2,0.15625,3,3,0.15625,0.03639156390881049,0.03070538204805885,0.17708333333333331,0.18619791666666666,0.043209876543209874
3,7,2,3,0.03125,3,3,0.0,0.03639156390881049,0.03639156390881049,0.3645833333333333,0.37923177083333326,0.11205915813424344
3,7,3,0,0.03125,1,1,0.40625,0.002331333324697704,0.0013842291615392618,0.015625,0.08072916666666666,0.11481481481481483
3,7,3,1,0.03125,0,0,0.3125,0.0,0.0007285416639680325,0.0,0.08935546875,0.15547839506172836
3,7,3,2,0.03125,2,2,0.0,0.01940477974200816,0.01940477974200816,0.125,0.1513671875,0.05555555555555555
3,7,3,3,0.15625,2,2,0.0,0.01940477974200816,0.01940477974200816,0.578125,0.5791015625,0.06427758816837315
3,8,0,0,0.15625,1,0,0.6875,0.08627818027035794,0.06840479352134818,0.234375,0.24446614583333331,0.06666666666666667
3,8,0,1,0.03125,1,1,0.0,0.08627818027035794,0.08627818027035794,0.38020833333333326,0.3883463541666666,0.10609567901234566
3,8,0,2,0.03125,3,3,0.03125,0.003898772105216164,0.003776935476928159,0.11458333333333333,0.17268880208333331,0.10390946502057613
3,8,0,3,0.03125,0,2,1.0,0.06028052681725282,0.0018275494243200768,0.0,0.09765625,0.15073947667804322
3,8,1,0,0.03125,0,0,0.0,0.07600456011571899,0.07600456011571899,0.21875,0.22119140625,0.04722222222222222
3,8,1,1,0.15625,0,0,0.0,0.07600456011571899,0.07600456011571899,0.33854166666666663,0.33968098958333326,0.06327160493827161
3,8,1,2,0.03125,3,2,1.0,0.0,0.003973100764407933,0.026041666666666668,0.09537760416666666,0.10288065843621398
3,8,1,3,0.03125,0,3,0.96875,0.07600456011571899,0.003989214689156941,0.0,0.07421874999999999,0.13850967007963594
3,8,2,0,0.03125,1,1,0.0,0.012913588764389528,0.012913588764389528,0.05208333333333333,0.11653645833333331,0.11111111111111109
3,8,2,1,0.03125,1,1,0.0,0.012913588764389528,0.012913588764389528,0.015625,0.09667968749999999,0.15162037037037038
3,8,2,2,0.15625,3,3,0.0,0.046084656161040294,0.046084656161040294,0.11979166666666666,0.13395182291666669,0.043209876543209874
3,8,2,3,0.03125,3,3,0.0,0.046084656161040294,0.046084656161040294,0.33854166666666663,0.35449218749999994,0.1026734926052332
3,8,3,0,0.03125,1,0,1.0,0.0060004172280103685,0.0,0.010416666666666666,0.09651692708333331,0.1212962962962963
3,8,3,1,0.03125,0,0,0.40625,0.0,0.002437669498879212,0.0,0.0791015625,0.15547839506172836
3,8,3,2,0.03125,2,2,0.0,0.016847742301785873,0.016847742301785873,0.09375,0.09716796875,0.009259259259259257
3,8,3,3,0.15625,3,3,0.1875,0.08158937230623753,0.06945031668040284,0.6041666666666666,0.6067708333333333,0.06996587030716724
3,9,0,0,0.15625,0,0,0.0,0.06413653186462942,0.06413653186462942,0.23958333333333331,0.244140625,0.06111111111111111
3,9,0,1,0.03125,1,1,0.0,0.09457954612607722,0.09457954612607722,0.34374999999999994,0.35172526041666663,0.09490740740740738
3,9,0,2,0.03125,3,3,0.15625,9.22981772623066e-05,7.78765870650712e-05,0.109375,0.16634114583333331,0.09876543209876545
3,9,0,3,0.03125,0,2,1.0,0.06413653186462942,4.61490886311533e-05,0.0,0.09733072916666666,0.15984072810011374
3,9,1,0,0.03125,0,0,0.0,0.07185392178899297,0.07185392178899297,0.19270833333333331,0.19710286458333331,0.044444444444444446
3,9,1,1,0.15625,0,0,0.0,0.07185392178899297,0.07185392178899297,0.3645833333333333,0.36458333333333326,0.06365740740740741
3,9,1,2,0.03125,3,3,0.0,0.0,0.0,0.026041666666666668,0.09179687499999999,0.09979423868312756
3,9,1,3,0.03125,0,3,1.0,0.07185392178899297,0.0015425489642548126,0.0,0.07698567708333333,0.13708759954493743
3,9,2,0,0.03125,1,1,0.0,0.009730938797957944,0.009730938797957944,0.07291666666666666,0.13297526041666666,0.12222222222222222
3,9,2,1,0.03125,1,1,0.0,0.009730938797957944,0.009730938797957944,0.046875,0.1396484375,0.1693672839506173
3,9,2,2,0.15625,2,2,0.0,0.0018515721797633944,0.0018515721797633944,0.23958333333333331,0.24609374999999997,0.0699588477366255
3,9,2,3,0.03125,3,3,0.0,0.03388522126535909,0.03388522126535909,0.3802083333333333,0.39111328125,0.09812286689419794
3,9,3,0,0.03125,1,0,1.0,0.007714965679298524,0.0,0.015625,0.103515625,0.13333333333333333
3,9,3,1,0.03125,0,0,0.4375,0.0,0.0033752974846931044,0.0,0.08610026041666666,0.16705246913580243
3,9,3,2,0.03125,2,2,0.0,0.024511431120511906,0.024511431120511906,0.140625,0.16097005208333331,0.06275720164609053
3,9,3,3,0.15625,2,2,0.0,0.024511431120511906,0.024511431120511906,0.546875,0.5489908854166666,0.06968145620022752
3,10,0,0,0.15625,0,0,0.0,0.06942465665549702,0.06942465665549702,0.23437499999999997,0.24153645833333331,0.0574074074074074
3,10,0,1,0.03125,1,1,0.0,0.09571838638424579,0.09571838638424579,0.390625,0.39713541666666663,0.09760802469135801
3,10,0,2,0.03125,3,3,0.0,0.0,0.0,0.08333333333333334,0.14501953125,0.0905349794238683
3,10,0,3,0.03125,0,2,1.0,0.06942465665549702,0.0023117486064067466,0.0,0.07991536458333333,0.14562002275312852
3,10,1,0,0.03125,0,0,0.0,0.07705788002788805,0.07705788002788805,0.18229166666666666,0.18570963541666666,0.041666666666666664
3,10,1,1,0.15625,1,1,0.0,0.10226527795842943,0.10226527795842943,0.40625,0.40624999999999994,0.06944444444444443
3,10,1,2,0.03125,3,3,0.0,0.0,0.0,0.020833333333333336,0.0966796875,0.11008230452674897
3,10,1,3,0.03125,0,3,0.96875,0.07705788002788805,0.005918778552567724,0.0,0.09049479166666666,0.14476678043230945
3,10,2,0,0.03125,1,1,0.4375,0.014823038614716455,0.009934992994942736,0.08333333333333333,0.13102213541666666,0.10462962962962963
3,10,2,1,0.03125,1,1,0.0,0.014823038614716455,0.014823038614716455,0.0625,0.15250651041666663,0.16550925925925927
3,10,2,2,0.15625,2,2,0.0,0.0,0.0,0.22916666666666666,0.23339843749999997,0.06069958847736625
3,10,2,3,0.03125,3,3,0.0,0.035434992674093224,0.035434992674093224,0.34375,0.35888671875,0.10096700796359498
3,10,3,0,0.03125,1,1,0.34375,0.0040183395485901,0.002637035328762253,0.015625,0.08544921874999999,0.12129629629629626
3,10,3,1,0.03125,0,1,0.5625,0.0,0.002260315996081931,0.0,0.07552083333333333,0.1550925925925926
3,10,3,2,0.03125,2,2,0.0,0.022555858476328905,0.022555858476328905,0.11458333333333331,0.12483723958333331,0.037037037037037035
3,10,3,3,0.15625,2,2,0.03125,0.022555858476328905,0.024265365642967662,0.5677083333333333,0.5686848958333333,0.07053469852104663
3,11,0,0,0.15625,1,1,0.0625,0.08082308339099975,0.07914008663100794,0.19270833333333331,0.20686848958333331,0.0574074074074074
3,11,0,1,0.03125,1,1,0.0,0.08082308339099975,0.08082308339099975,0.36458333333333326,0.37516276041666663,0.1138117283950617
3,11,0,2,0.03125,3,3,0.0,0.0,0.0,0.11979166666666667,0.17431640624999997,0.08230452674897118
3,11,0,3,0.03125,0,3,0.96875,0.053895135231130875,0.0021961734672157583,0.0,0.08072916666666666,0.15130830489192262
3,11,1,0,0.03125,0,0,0.0,0.07486015042009664,0.07486015042009664,0.21874999999999997,0.2236328125,0.05
3,11,1,1,0.15625,1,1,0.0,0.09834410408710581,0.09834410408710581,0.40104166666666663,0.40104166666666663,0.06944444444444443
3,11,1,2,0.03125,3,2,1.0,0.0,0.00584506921150707,0.026041666666666668,0.09488932291666666,0.09979423868312756
3,11,1,3,0.03125,0,2,0.96875,0.07486015042009664,0.005444572719241151,0.0,0.0810546875,0.14249146757679182
3,11,2,0,0.03125,1,0,0.84375,0.007407147810030823,0.001157366845317316,0.06770833333333333,0.1298828125,0.11388888888888887
3,11,2,1,0.03125,0,0,0.375,0.0,0.0027776804287615586,0.0,0.11002604166666666,0.1670524691358025
3,11,2,2,0.15625,3,3,0.125,0.052478969086966476,0.047090100586454825,0.16145833333333334,0.17724609374999997,0.05761316872427983
3,11,2,3,0.03125,3,3,0.0,0.052478969086966476,0.052478969086966476,0.296875,0.31754557291666663,0.09783845278725824
3,11,3,0,0.03125,0,0,0.0,0.0,0.0,0.046875,0.10319010416666666,0.1175925925925926
3,11,3,1,0.03125,0,0,0.46875,0.0,0.0022344376457895596,0.0,0.07600911458333331,0.15432098765432098
3,11,3,2,0.03125,2,2,0.0,0.01462826425293462,0.01462826425293462,0.125,0.14013671875,0.037037037037037035
3,11,3,3,0.15625,2,2,0.0,0.01462826425293462,0.01462826425293462,0.5989583333333333,0.603515625,0.07935153583617746
3,12,0,0,0.15625,0,0,0.0,0.0597965220360972,0.0597965220360972,0.2552083333333333,0.2674153645833333,0.07037037037037036
3,12,0,1,0.03125,1,1,0.0,0.08912305825010924,0.08912305825010924,0.35416666666666663,0.3616536458333333,0.09953703703703703
3,12,0,2,0.03125,3,2,0.59375,0.0026991484203721106,0.00109652904577617,0.11979166666666667,0.17626953125,0.09567901234567901
3,12,0,3,0.03125,0,2,1.0,0.0597965220360972,0.0007591354932296561,0.0,0.08577473958333331,0.1476109215017065
3,12,1,0,0.03125,0,0,0.0,0.07840774394455718,0.07840774394455718,0.1875,0.19108072916666666,0.04074074074074074
3,12,1,1,0.15625,1,1,0.0,0.09759582558081537,0.09759582558081537,0.36979166666666663,0.36979166666666663,0.06867283950617284
3,12,1,2,0.03125,3,3,0.0,0.0,0.0,0.020833333333333336,0.0947265625,0.09773662551440329
3,12,1,3,0.03125,0,3,0.96875,0.07840774394455718,0.004441040530901018,0.0,0.07682291666666666,0.14419795221843004
3,12,2,0,0.03125,1,1,0.0,0.013544280276088894,0.013544280276088894,0.026041666666666668,0.09423828124999999,0.10648148148148147
3,12,2,1,0.03125,1,1,0.0,0.013544280276088894,0.013544280276088894,0.03125,0.11360677083333331,0.15663580246913578
3,12,2,2,0.15625,2,2,0.0,0.0004480055972297947,0.0004480055972297947,0.22916666666666666,0.23649088541666663,0.06687242798353908
3,12,2,3,0.03125,3,3,0.0,0.033575802355068185,0.033575802355068185,0.32291666666666663,0.33089192708333326,0.09271899886234357
3,12,3,0,0.03125,1,0,0.9375,0.002811995226141284,0.00017574970163383025,0.005208333333333334,0.07535807291666666,0.11203703703703705
3,12,3,1,0.03125,0,0,0.5,0.0,0.001405997613070642,0.0,0.08284505208333333,0.158179012345679
3,12,3,2,0.03125,2,2,0.0,0.02908702829773757,0.02908702829773757,0.10416666666666666,0.11962890625,0.04526748971193415
3,12,3,3,0.15625,2,2,0.0,0.02908702829773757,0.02908702829773757,0.5416666666666666,0.5445963541666666,0.06968145620022752
3,13,0,0,0.15625,0,0,0.0,0.062214396618682444,0.062214396618682444,0.22395833333333331,0.22965494791666666,0.059259259259259255
3,13,0,1,0.03125,1,1,0.0,0.09565535781497647,0.09565535781497647,0.3958333333333333,0.40462239583333326,0.10185185185185185
3,13,0,2,0.03125,3,3,0.0,0.0025768232017706616,0.0025768232017706616,0.109375,0.17561848958333331,0.10082304526748971
3,13,0,3,0.03125,0,3,1.0,0.062214396618682444,0.001368937325940664,0.0,0.07649739583333333,0.15102389078498293
3,13,1,0,0.03125,0,0,0.0,0.07581696322521203,0.07581696322521203,0.17708333333333331,0.18326822916666666,0.03888888888888889
3,13,1,1,0.15625,0,0,0.0,0.07581696322521203,0.07581696322521203,0.36979166666666663,0.36979166666666663,0.06442901234567901
3,13,1,2,0.03125,3,2,1.0,0.0,0.008261074823963543,0.041666666666666664,0.10611979166666666,0.10390946502057613
3,13,1,3,0.03125,0,2,0.96875,0.07581696322521203,0.00727429327751623,0.0,0.08414713541666666,0.13794084186575656
3,13,2,0,0.03125,1,1,0.0,0.013528080495439188,0.013528080495439188,0.078125,0.14290364583333331,0.10462962962962963
3,13,2,1,0.03125,0,0,0.25,0.005460041991220854,0.0074770516172754375,0.0,0.07486979166666666,0.15239197530864196
3,13,2,2,0.15625,3,3,0.09375,0.03160256852875243,0.028639827729181888,0.171875,0.17903645833333331,0.04115226337448559
3,13,2,3,0.03125,3,3,0.0,0.03160256852875243,0.03160256852875243,0.36979166666666663,0.38281249999999994,0.10494880546075085
3,13,3,0,0.03125,1,0,1.0,0.005388112388957644,0.0,0.046875,0.11442057291666666,0.13055555555555556
3,13,3,1,0.03125,0,0,0.375,0.0,0.0020205421458591166,0.0,0.07356770833333333,0.16087962962962962
3,13,3,2,0.03125,2,2,0.0,0.018907598812380577,0.018907598812380577,0.13541666666666666,0.14176432291666666,0.02674897119341564
3,13,3,3,0.15625,2,2,0.0,0.018907598812380577,0.018907598812380577,0.5520833333333333,0.5540364583333333,0.07309442548350398
3,14,0,0,0.15625,0,0,0.0,0.0708725545610005,0.0708725545610005,0.23958333333333331,0.24462890625,0.0574074074074074
3,14,0,1,0.03125,1,1,0.0,0.1018904664212803,0.1018904664212803,0.40624999999999994,0.4148763020833333,0.09259259259259259
3,14,0,2,0.03125,3,3,0.0,0.0,0.0,0.03125,0.09879557291666666,0.07921810699588476
3,14,0,3,0.03125,0,3,1.0,0.0708725545610005,0.00610972272226281,0.0,0.08414713541666666,0.14732650739476677
3,14,1,0,0.03125,0,0,0.0,0.08225093726567068,0.08225093726567068,0.140625,0.14371744791666666,0.03333333333333333
3,14,1,1,0.15625,1,1,0.0,0.10456337218580114,0.10456337218580114,0.40625,0.4085286458333333,0.06712962962962964
3,14,1,2,0.03125,3,3,0.0,0.0,0.0,0.015625,0.08040364583333333,0.09773662551440329
3,14,1,3,0.03125,0,2,0.96875,0.08225093726567068,0.0066800119786260305,0.0,0.06298828125,0.13794084186575653
3,14,2,0,0.03125,1,1,0.40625,0.008043691861039814,0.00477594204249239,0.0625,0.1328125,0.11296296296296296
3,14,2,1,0.03125,0,1,0.53125,0.0,0.0042732113011774014,0.0,0.09261067708333333,0.16165123456790123
3,14,2,2,0.15625,2,2,0.0,0.004469940611412149,0.004469940611412149,0.14583333333333334,0.15771484375,0.04732510288065843
3,14,2,3,0.03125,3,3,0.0,0.053035797159063036,0.053035797159063036,0.38541666666666663,0.39892578125,0.09584755403868031
3,14,3,0,0.03125,1,1,0.34375,0.007362706572908828,0.0048317761884714185,0.005208333333333335,0.08756510416666666,0.13055555555555556
3,14,3,1,0.03125,0,0,0.46875,0.0,0.003451268706051013,0.0,0.087890625,0.1597222222222222
3,14,3,2,0.03125,2,2,0.0,0.025742586845081572,0.025742586845081572,0.10416666666666666,0.11800130208333331,0.05452674897119341
3,14,3,3,0.15625,2,2,0.0,0.025742586845081572,0.025742586845081572,0.5520833333333333,0.5558268229166666,0.06968145620022752
3,15,0,0,0.15625,1,0,0.59375,0.09289977677009309,0.08035432874717238,0.24479166666666663,0.25244140625,0.05555555555555555
3,15,0,1,0.03125,1,1,0.0,0.09289977677009309,0.09289977677009309,0.38541666666666663,0.39664713541666663,0.10108024691358024
3,15,0,2,0.03125,3,3,0.0,0.0,0.0,0.09895833333333333,0.15299479166666666,0.09567901234567901
3,15,0,3,0.03125,0,3,1.0,0.07177060115254241,0.0035078263820477254,0.0,0.08642578125,0.1555745164960182
3,15,1,0,0.03125,0,0,0.0,0.08318515341607213,0.08318515341607213,0.171875,0.17350260416666666,0.03796296296296296
3,15,1,1,0.15625,1,1,0.0,0.1077696661471712,0.1077696661471712,0.359375,0.3601888020833333,0.06327160493827161
3,15,1,2,0.03125,3,3,0.0,0.0,0.0,-0.005208333333333332,0.06624348958333331,0.09259259259259259
3,15,1,3,0.03125,0,3,1.0,0.08318515341607213,0.003914809937513836,0.0,0.07747395833333331,0.15301478953356085
3,15,2,0,0.03125,1,0,0.625,0.011737811365993833,0.012542950636877381,0.11458333333333333,0.17578125,0.11759259259259258
3,15,2,1,0.03125,1,1,0.0,0.011737811365993833,0.011737811365993833,0.06770833333333333,0.154296875,0.16705246913580243
3,15,2,2,0.15625,2,2,0.0,0.0,0.0,0.26041666666666663,0.26041666666666663,0.0751028806584362
3,15,2,3,0.03125,3,3,0.0,0.029386111701221407,0.029386111701221407,0.32291666666666663,0.34309895833333326,0.11717861205915812
3,15,3,0,0.03125,1,1,0.0,0.0037304644870624903,0.0037304644870624903,-0.010416666666666666,0.07307942708333333,0.12314814814814813
3,15,3,1,0.03125,0,0,0.25,0.0,0.0009326161217656226,0.0,0.0751953125,0.15046296296296297
3,15,3,2,0.03125,2,2,0.0,0.021583660810309047,0.021583660810309047,0.11458333333333333,0.13509114583333331,0.05761316872427983
3,15,3,3,0.15625,2,2,0.0,0.021583660810309047,0.021583660810309047,0.5625,0.5625,0.06342434584755403
3,16,0,0,0.15625,0,0,0.0,0.06796921298508096,0.06796921298508096,0.22916666666666666,0.23225911458333331,0.05277777777777778
3,16,0,1,0.03125,1,1,0.0,0.09081458368525497,0.09081458368525497,0.35937499999999994,0.3660481770833333,0.09413580246913579
3,16,0,2,0.03125,3,3,0.25,0.0,0.0002993965629801698,0.11458333333333333,0.16764322916666663,0.09979423868312753
3,16,0,3,0.03125,0,2,0.96875,0.06796921298508096,0.0027228310317441197,0.0,0.07682291666666666,0.15472127417519907
3,16,1,0,0.03125,0,0,0.0,0.07431183281013187,0.07431183281013187,0.16666666666666666,0.17301432291666666,0.04074074074074074
3,16,1,1,0.15625,1,1,0.0,0.1032756637572706,0.1032756637572706,0.3645833333333333,0.3670247395833333,0.06944444444444445
3,16,1,2,0.03125,3,3,0.0625,0.0,0.0007809202867119155,0.03125,0.08902994791666666,0.09773662551440329
3,16,1,3,0.03125,0,3,0.96875,0.07431183281013187,0.006226846208876199,0.0,0.07600911458333333,0.13907849829351535
3,16,2,0,0.03125,1,0,0.9375,0.011976040809479227,0.002488929229580293,0.08333333333333333,0.16455078125,0.11666666666666667
3,16,2,1,0.03125,1,1,0.0,0.011976040809479227,0.011976040809479227,0.03125,0.10481770833333333,0.15470679012345678
3,16,2,2,0.15625,2,2,0.0,0.0,0.0,0.21354166666666666,0.22135416666666663,0.06584362139917695
3,16,2,3,0.03125,3,3,0.0,0.03380709898251566,0.03380709898251566,0.40104166666666663,0.41455078124999994,0.10779294653014788
3,16,3,0,0.03125,1,0,1.0,0.008070494451289156,0.0,0.046875,0.12141927083333333,0.13796296296296298
3,16,3,1,0.03125,0,0,0.46875,0.0,0.003783044274041792,0.0,0.07975260416666666,0.15316358024691357
3,16,3,2,0.03125,2,2,0.0,0.025939233669897588,0.025939233669897588,0.140625,0.1484375,0.03497942386831275
3,16,3,3,0.15625,2,2,0.0,0.025939233669897588,0.025939233669897588,0.5677083333333333,0.5694986979166666,0.06683731513083048
3,17,0,0,0.15625,1,1,0.3125,0.09246335392780847,0.08468851463791421,0.234375,0.24055989583333331,0.06296296296296296
3,17,0,1,0.03125,1,1,0.0,0.09246335392780847,0.09246335392780847,0.35416666666666663,0.36474609375,0.10609567901234566
3,17,0,2,0.03125,3,3,0.1875,0.004271170506472632,0.003470326036509014,0.13020833333333331,0.19677734374999997,0.10390946502057613
3,17,0,3,0.03125,3,3,0.0,0.004271170506472632,0.004271170506472632,0.015625,0.09781901041666666,0.14675767918088736
3,17,1,0,0.03125,0,0,0.0,0.07885426604956858,0.07885426604956858,0.20833333333333331,0.21126302083333331,0.04629629629629629
3,17,1,1,0.15625,0,0,0.0,0.07885426604956858,0.07885426604956858,0.39062499999999994,0.39062499999999994,0.06751543209876543
3,17,1,2,0.03125,3,2,0.96875,0.0,0.01106978514039924,0.020833333333333336,0.08935546875,0.09979423868312756
3,17,1,3,0.03125,0,3,1.0,0.07885426604956858,0.003927988275625537,0.0,0.08203125,0.1362343572241183
3,17,2,0,0.03125,1,1,0.0,0.015543955200912674,0.015543955200912674,0.08333333333333333,0.16097005208333331,0.12407407407407407
3,17,2,1,0.03125,0,1,0.625,0.007663058216631269,0.012588618831807147,0.0,0.08089192708333333,0.15663580246913578
3,17,2,2,0.15625,2,2,0.0,0.0,0.0,0.22916666666666666,0.24104817708333331,0.07201646090534979
3,17,2,3,0.03125,3,3,0.0,0.030367194739407743,0.030367194739407743,0.328125,0.3430989583333333,0.10011376564277588
3,17,3,0,0.03125,1,1,0.09375,0.0010172736778407687,0.0009219042705431967,0.015625,0.08935546874999999,0.12314814814814816
3,17,3,1,0.03125,0,0,0.3125,0.0,0.0003178980243252402,0.0,0.09033203125,0.1612654320987654
3,17,3,2,0.03125,2,2,0.0,0.02171004328900661,0.02171004328900661,0.09374999999999999,0.09619140625,0.020576131687242795
3,17,3,3,0.15625,2,2,0.0625,0.02171004328900661,0.02556943101644528,0.578125,0.58056640625,0.07025028441410694
3,18,0,0,0.15625,0,0,0.0,0.06911822572542137,0.06911822572542137,0.234375,0.24267578125,0.06296296296296296
3,18,0,1,0.03125,1,1,0.0,0.09807984945110793,0.09807984945110793,0.41145833333333326,0.41910807291666663,0.09645061728395062
3,18,0,2,0.03125,3,3,0.0,0.003066351498384079,0.003066351498384079,0.09375,0.171875,0.10802469135802471
3,18,0,3,0.03125,0,2,0.96875,0.06911822572542137,0.0035972968187869547,0.0,0.07747395833333333,0.14618885096700798
3,18,1,0,0.03125,0,0,0.0,0.0808287271713749,0.0808287271713749,0.19270833333333331,0.19677734375,0.041666666666666664
3,18,1,1,0.15625,0,0,0.0,0.0808287271713749,0.0808287271713749,0.41666666666666663,0.41666666666666663,0.06828703703703703
3,18,1,2,0.03125,3,3,0.0,0.0,0.0,0.03125,0.09000651041666666,0.10493827160493825
3,18,1,3,0.03125,0,3,1.0,0.0808287271713749,0.004601653099671553,0.0,0.08414713541666666,0.14789533560864618
3,18,2,0,0.03125,1,1,0.09375,0.010451168827234403,0.010129906919917945,0.0625,0.14436848958333331,0.12314814814814813
3,18,2,1,0.03125,1,1,0.0,0.010451168827234403,0.010451168827234403,0.0625,0.15738932291666666,0.16358024691358022
3,18,2,2,0.15625,3,2,0.84375,0.027118778503012364,0.004237309141095682,0.22916666666666666,0.2405598958333333,0.07201646090534979
3,18,2,3,0.03125,3,3,0.0,0.027118778503012364,0.027118778503012364,0.33854166666666663,0.35351562499999994,0.11205915813424344
3,18,3,0,0.03125,1,0,0.65625,0.0024526742372688037,0.0008431067690611513,0.010416666666666668,0.07958984375,0.13888888888888887
3,18,3,1,0.03125,0,0,0.5,0.0,0.0012263371186344019,0.0,0.09749348958333333,0.16435185185185186
3,18,3,2,0.03125,2,2,0.0,0.02053843399950528,0.02053843399950528,0.13020833333333331,0.15543619791666666,0.06378600823045266
3,18,3,3,0.15625,2,2,0.0,0.02053843399950528,0.02053843399950528,0.53125,0.533203125,0.06882821387940842
3,19,0,0,0.15625,0,0,0.0,0.06965582029519357,0.06965582029519357,0.25,0.2548828125,0.05648148148148148
3,19,0,1,0.03125,1,1,0.0,0.09962895561516238,0.09962895561516238,0.3802083333333333,0.39095052083333326,0.09297839506172839
3,19,0,2,0.03125,3,3,0.03125,0.0,0.00021507450928680977,0.08333333333333334,0.13981119791666666,0.08333333333333333
3,19,0,3,0.03125,0,3,1.0,0.06965582029519357,0.0021507450928680977,0.0,0.08284505208333333,0.15898748577929464
3,19,1,0,0.03125,0,0,0.0,0.07450923446362112,0.07450923446362112,0.21354166666666666,0.21679687499999997,0.04629629629629629
3,19,1,1,0.15625,0,0,0.0,0.07450923446362112,0.07450923446362112,0.34375,0.34375,0.06442901234567901
3,19,1,2,0.03125,3,2,1.0,0.0,0.007504624751876854,0.020833333333333336,0.09228515625,0.09773662551440329
3,19,1,3,0.03125,0,3,1.0,0.07450923446362112,0.0016416366644730618,0.0,0.08317057291666666,0.14618885096700798
3,19,2,0,0.03125,1,0,1.0,0.012469667735596324,0.0042774806475955884,0.08333333333333333,0.14225260416666663,0.1074074074074074
3,19,2,1,0.03125,1,1,0.0,0.012469667735596324,0.012469667735596324,0.0625,0.1455078125,0.1593364197530864
3,19,2,2,0.15625,2,2,0.0,0.0,0.0,0.234375,0.24365234375,0.06790123456790123
3,19,2,3,0.03125,3,3,0.0,0.026086227578699273,0.026086227578699273,0.328125,0.3387044270833333,0.11291240045506255
3,19,3,0,0.03125,1,1,0.34375,0.003649258451836168,0.0023948258590174853,0.015625,0.08805338541666666,0.137037037037037
3,19,3,1,0.03125,0,1,0.625,0.0,0.002280786532397605,0.0,0.08430989583333333,0.16280864197530864
3,19,3,2,0.03125,2,2,0.0,0.0198953556177196,0.0198953556177196,0.13541666666666666,0.1416015625,0.03600823045267489
3,19,3,3,0.15625,3,3,0.0,0.0892418103139776,0.0892418103139776,0.5677083333333333,0.5711263020833333,0.07110352673492605
4,4,0,0,0.15625,0,0,0.0,0.005437584155763675,0.005437584155763675,0.031249999999999997,0.031249999999999997,0.0021276595744680847
4,4,0,1,0.03125,1,1,0.0,0.0,0.0,0.06249999999999999,0.06249999999999999,0.006345177664974619
4,4,0,2,0.03125,0,0,0.0,0.005437584155763675,0.005437584155763675,0.07291666666666666,0.07454427083333333,0.01744186046511628
4,4,0,3,0.03125,0,0,0.0,0.005437584155763675,0.005437584155763675,0.0,0.0,0.0
4,4,1,0,0.03125,0,0,0.0,0.009140798666180339,0.009140798666180339,0.11458333333333333,0.11604817708333331,0.008865248226950354
4,4,1,1,0.15625,1,1,0.0,0.0,0.0,-0.0625,0.0009765625,-0.004230118443316413
4,4,1,2,0.03125,0,0,0.0,0.009140798666180339,0.009140798666180339,0.05208333333333333,0.05208333333333333,0.009689922480620155
4,4,1,3,0.03125,0,0,0.0,0.009140798666180339,0.009140798666180339,0.0,0.0,0.0
4,4,2,0,0.03125,0,0,0.0,0.01928858029519187,0.01928858029519187,0.046875,0.04687499999999999,0.0031914893617021275
4,4,2,1,0.03125,1,1,0.0,0.0,0.0,0.041666666666666664,0.041666666666666664,-0.0012690355329949238
4,4,2,2,0.15625,0,0,0.0,0.01928858029519187,0.01928858029519187,0.03125,0.03125,0.0048449612403100775
4,4,2,3,0.03125,0,0,0.0,0.01928858029519187,0.01928858029519187,0.0,0.0,0.0
4,4,3,0,0.03125,0,0,0.0,0.00448891937092144,0.00448891937092144,0.046875,0.046875,0.0031914893617021275
4,4,3,1,0.03125,1,1,0.0,0.0,0.0,0.020833333333333332,0.020833333333333332,0.001692047377326565
4,4,3,2,0.03125,0,0,0.0,0.00448891937092144,0.00448891937092144,0.05208333333333333,0.05208333333333333,0.007751937984496124
4,4,3,3,0.15625,0,0,0.0,0.00448891937092144,0.00448891937092144,0.0,0.0,0.0
4,5,0,0,0.15625,0,0,0.0,0.019144211186086446,0.019144211186086446,0.046875,0.046875,0.0031914893617021275
4,5,0,1,0.03125,1,1,0.0,0.0,0.0,0.10416666666666666,0.10416666666666666,0.006345177664974619
4,5,0,2,0.03125,0,0,0.0,0.019144211186086446,0.019144211186086446,0.041666666666666664,0.044921875,0.012596899224806201
4,5,0,3,0.03125,0,0,0.0,0.019144211186086446,0.019144211186086446,0.0,0.0,0.0
4,5,1,0,0.03125,0,0,0.0,0.01868761854058587,0.01868761854058587,0.09895833333333333,0.09944661458333333,0.007801418439716312
4,5,1,1,0.15625,1,1,0.0,0.0,0.0,-0.015625000000000007,0.04785156249999999,-0.0033840947546531306
4,5,1,2,0.03125,1,1,0.0,0.0,0.0,0.06770833333333333,0.06770833333333333,0.012596899224806201
4,5,1,3,0.03125,0,0,0.0,0.01868761854058587,0.01868761854058587,0.0,0.0,0.0
4,5,2,0,0.03125,0,0,0.0,0.013454717725192245,0.013454717725192245,0.078125,0.078125,0.005319148936170213
4,5,2,1,0.03125,1,1,0.0,0.0,0.0,0.0625,0.0625,0.0025380710659898475
4,5,2,2,0.15625,0,0,0.0,0.013454717725192245,0.013454717725192245,0.041666666666666664,0.041666666666666664,0.007751937984496124
4,5,2,3,0.03125,0,0,0.0,0.013454717725192245,0.013454717725192245,0.0,0.0,0.0
4,5,3,0,0.03125,0,0,0.0,0.0169935685700342,0.0169935685700342,0.057291666666666664,0.05729166666666666,0.003900709219858156
4,5,3,1,0.03125,1,1,0.0,0.0,0.0,0.10416666666666666,0.10416666666666666,0.0033840947546531297
4,5,3,2,0.03125,0,0,0.0,0.0169935685700342,0.0169935685700342,0.05208333333333333,0.05208333333333333,0.007751937984496125
4,5,3,3,0.15625,0,0,0.0,0.0169935685700342,0.0169935685700342,0.0,0.0,0.0
4,6,0,0,0.15625,0,0,0.0,0.00819416264790318,0.00819416264790318,0.078125,0.078125,0.005319148936170213
4,6,0,1,0.03125,1,1,0.0,0.0,0.0,0.06249999999999999,0.06249999999999999,0.005076142131979695
4,6,0,2,0.03125,0,0,0.0,0.00819416264790318,0.00819416264790318,0.046875,0.04931640624999999,0.011627906976744184
4,6,0,3,0.03125,0,0,0.0,0.00819416264790318,0.00819416264790318,0.0,0.0,0.0
4,6,1,0,0.03125,3,0,1.0,0.002697210583561871,0.0026791983204726977,0.05208333333333333,0.0625,0.0035460992907801413
4,6,1,1,0.15625,0,0,0.0,0.0026791983204726977,0.0026791983204726977,-0.046875,0.0,-0.0012690355329949238
4,6,1,2,0.03125,0,0,0.0,0.0026791983204726977,0.0026791983204726977,-0.010416666666666666,-0.010416666666666666,-0.001937984496124031
4,6,1,3,0.03125,0,0,0.0,0.0026791983204726977,0.0026791983204726977,0.0,0.0,0.0
4,6,2,0,0.03125,0,0,0.0,0.01804756927875162,0.01804756927875162,0.08333333333333331,0.08333333333333333,0.005673758865248226
4,6,2,1,0.03125,1,1,0.0,0.0,0.0,0.09895833333333331,0.09895833333333333,0.00338409475465313
4,6,2,2,0.15625,0,0,0.0,0.01804756927875162,0.01804756927875162,0.046875,0.046875,0.00872093023255814
4,6,2,3,0.03125,0,0,0.0,0.01804756927875162,0.01804756927875162,0.0,0.0,0.0
4,6,3,0,0.03125,0,0,0.0,0.010918264409197631,0.010918264409197631,0.057291666666666664,0.057291666666666664,0.003900709219858156
4,6,3,1,0.03125,1,1,0.0,0.0,0.0,0.046875,0.046875,0.0004230118443316415
4,6,3,2,0.03125,0,0,0.0,0.010918264409197631,0.010918264409197631,0.03125,0.03125,0.0048449612403100775
4,6,3,3,0.15625,0,0,0.0,0.010918264409197631,0.010918264409197631,0.0,0.0,0.0
4,7,0,0,0.15625,0,0,0.0,0.011216904125448846,0.011216904125448846,0.05729166666666666,0.057291666666666664,0.0039007092198581556
4,7,0,1,0.03125,1,1,0.0,0.0,0.0,0.07812499999999999,0.078125,0.003807106598984771
4,7,0,2,0.03125,0,0,0.0,0.011216904125448846,0.011216904125448846,0.031249999999999997,0.03466796875,0.012596899224806201
4,7,0,3,0.03125,0,0,0.0,0.011216904125448846,0.011216904125448846,0.0,0.0,0.0
4,7,1,0,0.03125,0,0,0.0,0.020618603351086007,0.020618603351086007,0.08854166666666666,0.08854166666666666,0.00602836879432624
4,7,1,1,0.15625,1,1,0.0,0.0,0.0,0.046875,0.046875,0.0008460236886632824
4,7,1,2,0.03125,0,0,0.0,0.020618603351086007,0.020618603351086007,0.015625,0.021321614583333332,0.00872093023255814
4,7,1,3,0.03125,0,0,0.0,0.020618603351086007,0.020618603351086007,0.0,0.0,0.0
4,7,2,0,0.03125,0,0,0.0,0.0033956160691042125,0.0033956160691042125,0.015625,0.015625,0.0010638297872340426
4,7,2,1,0.03125,2,1,1.0,0.0024790007437411887,0.0,-0.015625,0.015625,0.001692047377326565
4,7,2,2,0.15625,0,0,0.0,0.0033956160691042125,0.0033956160691042125,-0.015624999999999998,0.015625,-0.003875968992248062
4,7,2,3,0.03125,0,0,0.0,0.0033956160691042125,0.0033956160691042125,0.0,0.0,0.0
4,7,3,0,0.03125,0,0,0.0,0.009385951868078224,0.009385951868078224,0.041666666666666664,0.041666666666666664,0.0028368794326241137
4,7,3,1,0.03125,1,1,0.0,0.0,0.0,0.078125,0.078125,0.0038071065989847717
4,7,3,2,0.03125,0,0,0.0,0.009385951868078224,0.009385951868078224,0.08854166666666666,0.09049479166666666,0.01937984496124031
4,7,3,3,0.15625,0,0,0.0,0.009385951868078224,0.009385951868078224,0.0,0.0,0.0
4,8,0,0,0.15625,0,0,0.0,0.009788419011631189,0.009788419011631189,0.041666666666666664,0.041666666666666664,0.0028368794326241132
4,8,0,1,0.03125,1,1,0.0,0.0,0.0,0.08854166666666666,0.08854166666666666,0.004653130287648053
4,8,0,2,0.03125,0,0,0.0,0.009788419011631189,0.009788419011631189,0.05208333333333333,0.05598958333333333,0.01647286821705426
4,8,0,3,0.03125,0,0,0.0,0.009788419011631189,0.009788419011631189,0.0,0.0,0.0
4,8,1,0,0.03125,0,0,0.0,0.007740595680042817,0.007740595680042817,0.05208333333333333,0.05208333333333333,0.0035460992907801413
4,8,1,1,0.15625,1,1,0.03125,0.0,0.0001241964948978068,-0.020833333333333336,0.027018229166666664,-0.0016920473773265653
4,8,1,2,0.03125,0,0,0.0,0.007740595680042817,0.007740595680042817,0.020833333333333332,0.020833333333333332,0.0009689922480620153
4,8,1,3,0.03125,0,0,0.0,0.007740595680042817,0.007740595680042817,0.0,0.0,0.0
4,8,2,0,0.03125,0,0,0.0,0.002986856168307628,0.002986856168307628,0.0625,0.0625,0.00425531914893617
4,8,2,1,0.03125,1,1,0.0,0.0,0.0,0.026041666666666664,0.026529947916666664,0.0021150592216582064
4,8,2,2,0.15625,0,0,0.0,0.002986856168307628,0.002986856168307628,-0.010416666666666666,0.0,-0.003875968992248062
4,8,2,3,0.03125,0,0,0.0,0.002986856168307628,0.002986856168307628,0.0,0.0,0.0
4,8,3,0,0.03125,0,0,0.0,0.014557675351001054,0.014557675351001054,0.06770833333333333,0.06770833333333333,0.004609929078014184
4,8,3,1,0.03125,1,1,0.0,0.0,0.0,0.041666666666666664,0.041666666666666664,0.0025380710659898475
4,8,3,2,0.03125,0,0,0.0,0.014557675351001054,0.014557675351001054,0.026041666666666664,0.041666666666666664,0.003875968992248062
4,8,3,3,0.15625,0,0,0.0,0.014557675351001054,0.014557675351001054,0.0,0.0,0.0
4,9,0,0,0.15625,0,0,0.0,0.013603434824852378,0.013603434824852378,0.06770833333333333,0.06770833333333333,0.004609929078014184
4,9,0,1,0.03125,1,1,0.0,0.0,0.0,0.13020833333333331,0.13020833333333331,0.008037225042301184
4,9,0,2,0.03125,0,0,0.0,0.013603434824852378,0.013603434824852378,0.046875,0.048828125,0.014534883720930232
4,9,0,3,0.03125,0,0,0.0,0.013603434824852378,0.013603434824852378,0.0,0.0,0.0
4,9,1,0,0.03125,0,0,0.0,0.013861613568000641,0.013861613568000641,0.11979166666666666,0.12076822916666666,0.01028368794326241
4,9,1,1,0.15625,1,1,0.0,0.0,0.0,0.03125,0.06249999999999999,-0.004230118443316413
4,9,1,2,0.03125,0,0,0.0,0.013861613568000641,0.013861613568000641,0.0625,0.0625,0.011627906976744186
4,9,1,3,0.03125,0,0,0.0,0.013861613568000641,0.013861613568000641,0.0,0.0,0.0
4,9,2,0,0.03125,0,0,0.0,0.0047266016475847605,0.0047266016475847605,0.08333333333333333,0.08333333333333333,0.0056737588652482265
4,9,2,1,0.03125,1,1,0.0,0.0,0.0,0.036458333333333336,0.036458333333333336,0.004230118443316413
4,9,2,2,0.15625,0,0,0.0,0.0047266016475847605,0.0047266016475847605,0.010416666666666668,0.03125,3.2273925134452225e-19
4,9,2,3,0.03125,0,0,0.0,0.0047266016475847605,0.0047266016475847605,0.0,0.0,0.0
4,9,3,0,0.03125,0,0,0.0,0.01749851731559149,0.01749851731559149,0.041666666666666664,0.041666666666666664,0.0028368794326241132
4,9,3,1,0.03125,1,1,0.0,0.0,0.0,0.09375,0.09375,0.005922165820642978
4,9,3,2,0.03125,0,0,0.0,0.01749851731559149,0.01749851731559149,0.057291666666666664,0.059244791666666664,0.014534883720930232
4,9,3,3,0.15625,0,0,0.0,0.01749851731559149,0.01749851731559149,0.0,0.0,0.0
4,10,0,0,0.15625,0,0,0.0,0.009545333455074467,0.009545333455074467,0.031249999999999997,0.031249999999999997,0.0021276595744680847
4,10,0,1,0.03125,1,1,0.0,0.0,0.0,0.057291666666666664,0.057291666666666664,0.0004230118443316412
4,10,0,2,0.03125,0,0,0.0,0.009545333455074467,0.009545333455074467,0.03645833333333333,0.03841145833333333,0.009689922480620155
4,10,0,3,0.03125,0,0,0.0,0.009545333455074467,0.009545333455074467,0.0,0.0,0.0
4,10,1,0,0.03125,0,0,0.0,0.020144834884987195,0.020144834884987195,0.109375,0.109375,0.007446808510638298
4,10,1,1,0.15625,1,1,0.0,0.0,0.0,0.026041666666666664,0.026041666666666664,-0.005076142131979695
4,10,1,2,0.03125,0,0,0.0,0.020144834884987195,0.020144834884987195,0.041666666666666664,0.043619791666666664,0.01065891472868217
4,10,1,3,0.03125,0,0,0.0,0.020144834884987195,0.020144834884987195,0.0,0.0,0.0
4,10,2,0,0.03125,0,0,0.0,0.019232083028317803,0.019232083028317803,0.09375,0.09375,0.006382978723404254
4,10,2,1,0.03125,1,1,0.0,0.0,0.0,0.07291666666666667,0.07291666666666666,-0.0004230118443316415
4,10,2,2,0.15625,0,0,0.0,0.019232083028317803,0.019232083028317803,0.08333333333333333,0.08333333333333333,0.013565891472868215
4,10,2,3,0.03125,0,0,0.0,0.019232083028317803,0.019232083028317803,0.0,0.0,0.0
4,10,3,0,0.03125,3,3,0.0,0.009532082234619987,0.009532082234619987,0.0625,0.0625,0.00425531914893617
4,10,3,1,0.03125,1,1,0.0,0.0,0.0,0.010416666666666666,0.010416666666666666,0.00042301184433164127
4,10,3,2,0.03125,0,0,0.0,0.011920889570124937,0.011920889570124937,0.015625,0.015625,0.0019379844961240312
4,10,3,3,0.15625,0,0,0.0,0.011920889570124937,0.011920889570124937,0.0,0.0,0.0
4,11,0,0,0.15625,0,0,0.0,0.005661098203396997,0.005661098203396997,0.057291666666666664,0.057291666666666664,0.003900709219858156
4,11,0,1,0.03125,2,1,1.0,0.0,0.003691419511765659,-0.03645833333333333,0.0,-0.0029610829103214886
4,11,0,2,0.03125,0,0,0.0,0.005661098203396997,0.005661098203396997,0.03125,0.03125,0.005813953488372093
4,11,0,3,0.03125,0,0,0.0,0.005661098203396997,0.005661098203396997,0.0,0.0,0.0
4,11,1,0,0.03125,0,0,0.0,0.009115167582504635,0.009115167582504635,0.05208333333333333,0.05208333333333333,0.0035460992907801413
4,11,1,1,0.15625,1,1,0.0,0.0,0.0,-0.057291666666666664,0.006673177083333333,-0.002115059221658207
4,11,1,2,0.03125,0,0,0.0,0.009115167582504635,0.009115167582504635,-0.03125,0.0,-0.006782945736434109
4,11,1,3,0.03125,0,0,0.0,0.009115167582504635,0.009115167582504635,0.0,0.0,0.0
4,11,2,0,0.03125,0,0,0.0,0.013557879460198152,0.013557879460198152,0.052083333333333336,0.05208333333333333,0.003546099290780142
4,11,2,1,0.03125,1,1,0.0,0.0,0.0,0.05208333333333333,0.05208333333333333,0.0
4,11,2,2,0.15625,0,0,0.0,0.013557879460198152,0.013557879460198152,0.015624999999999998,0.026041666666666664,0.002906976744186046
4,11,2,3,0.03125,0,0,0.0,0.013557879460198152,0.013557879460198152,0.0,0.0,0.0
4,11,3,0,0.03125,0,0,0.0,0.006564724553904,0.006564724553904,0.041666666666666664,0.041666666666666664,0.0028368794326241132
4,11,3,1,0.03125,1,1,0.0,0.0,0.0,0.015625,0.015625,0.0012690355329949238
4,11,3,2,0.03125,0,0,0.0,0.006564724553904,0.006564724553904,0.020833333333333332,0.03645833333333333,0.002906976744186046
4,11,3,3,0.15625,0,0,0.0,0.006564724553904,0.006564724553904,0.0,0.0,0.0
4,12,0,0,0.15625,0,0,0.0,0.008689634136012092,0.008689634136012092,0.09375,0.09375,0.006382978723404255
4,12,0,1,0.03125,1,1,0.0,0.0,0.0,0.05208333333333333,0.05208333333333333,0.0016920473773265653
4,12,0,2,0.03125,0,0,0.0,0.008689634136012092,0.008689634136012092,0.05208333333333333,0.05891927083333334,0.012596899224806203
4,12,0,3,0.03125,0,0,0.0,0.008689634136012092,0.008689634136012092,0.0,0.0,0.0
4,12,1,0,0.03125,0,0,0.0,0.01262910790270877,0.01262910790270877,0.03645833333333333,0.03645833333333333,0.002482269503546099
4,12,1,1,0.15625,1,1,0.0,0.0,0.0,0.020833333333333332,0.020833333333333332,-0.0008460236886632824
4,12,1,2,0.03125,0,0,0.0,0.01262910790270877,0.01262910790270877,0.07291666666666666,0.07552083333333333,0.01744186046511628
4,12,1,3,0.03125,0,0,0.0,0.01262910790270877,0.01262910790270877,0.0,0.0,0.0
4,12,2,0,0.03125,0,0,0.0,0.00783231509403004,0.00783231509403004,0.041666666666666664,0.041666666666666664,0.0028368794326241132
4,12,2,1,0.03125,1,1,0.0,0.0,0.0,0.03645833333333333,0.036458333333333336,-0.0008460236886632827
4,12,2,2,0.15625,0,0,0.0,0.00783231509403004,0.00783231509403004,0.046875,0.046875,0.00872093023255814
4,12,2,3,0.03125,0,0,0.0,0.00783231509403004,0.00783231509403004,0.0,0.0,0.0
4,12,3,0,0.03125,3,3,0.0,0.0038044881893466442,0.0038044881893466442,0.041666666666666664,0.041666666666666664,0.0028368794326241132
4,12,3,1,0.03125,1,1,0.0,0.0,0.0,0.06249999999999999,0.06249999999999999,0.003807106598984771
4,12,3,2,0.03125,0,0,0.0,0.005602553392790699,0.005602553392790699,0.015625,0.017578125,0.005813953488372093
4,12,3,3,0.15625,0,0,0.0,0.005602553392790699,0.005602553392790699,0.0,0.0,0.0
4,13,0,0,0.15625,3,3,0.0,0.00977599609336166,0.00977599609336166,0.06770833333333333,0.06770833333333333,0.004609929078014184
4,13,0,1,0.03125,1,1,0.0,0.0,0.0,0.078125,0.078125,0.0038071065989847704
4,13,0,2,0.03125,0,0,0.0,0.011301009093966696,0.011301009093966696,0.03645833333333333,0.03645833333333333,0.005813953488372092
4,13,0,3,0.03125,0,0,0.0,0.011301009093966696,0.011301009093966696,0.0,0.0,0.0
4,13,1,0,0.03125,0,0,0.0,0.014204067874038384,0.014204067874038384,0.125,0.1259765625,0.009574468085106383
4,13,1,1,0.15625,1,1,0.0,0.0,0.0,0.020833333333333332,0.03645833333333333,-0.0038071065989847717
4,13,1,2,0.03125,0,0,0.0,0.014204067874038384,0.014204067874038384,0.09375,0.09374999999999999,0.017441860465116275
4,13,1,3,0.03125,0,0,0.0,0.014204067874038384,0.014204067874038384,0.0,0.0,0.0
4,13,2,0,0.03125,0,0,0.0,0.01734471998239895,0.01734471998239895,0.078125,0.078125,0.0056737588652482265
4,13,2,1,0.03125,1,1,0.0,0.0,0.0,0.08333333333333333,0.08333333333333333,0.0016920473773265653
4,13,2,2,0.15625,0,0,0.0,0.01734471998239895,0.01734471998239895,0.020833333333333332,0.020833333333333332,0.0029069767441860465
4,13,2,3,0.03125,0,0,0.0,0.01734471998239895,0.01734471998239895,0.0,0.0,0.0
4,13,3,0,0.03125,0,0,0.0,0.004544897001628523,0.004544897001628523,0.05729166666666666,0.05729166666666666,0.0039007092198581556
4,13,3,1,0.03125,1,1,0.0,0.0,0.0,0.010416666666666666,0.010416666666666666,-0.0004230118443316414
4,13,3,2,0.03125,0,0,0.0,0.004544897001628523,0.004544897001628523,0.05208333333333333,0.05208333333333333,0.007751937984496122
4,13,3,3,0.15625,0,0,0.0,0.004544897001628523,0.004544897001628523,0.0,0.0,0.0
4,14,0,0,0.15625,0,0,0.0,0.007723825686086538,0.007723825686086538,0.08333333333333333,0.08333333333333331,0.0056737588652482265
4,14,0,1,0.03125,1,1,0.0,0.0,0.0,0.08854166666666666,0.08854166666666666,0.0033840947546531297
4,14,0,2,0.03125,0,0,0.0,0.007723825686086538,0.007723825686086538,0.0625,0.064453125,0.014534883720930232
4,14,0,3,0.03125,0,0,0.0,0.007723825686086538,0.007723825686086538,0.0,0.0,0.0
4,14,1,0,0.03125,0,0,0.0,0.022073173375571797,0.022073173375571797,0.11458333333333333,0.11458333333333331,0.007801418439716311
4,14,1,1,0.15625,1,1,0.0,0.0,0.0,0.08333333333333333,0.08333333333333333,-0.002538071065989847
4,14,1,2,0.03125,0,0,0.0,0.022073173375571797,0.022073173375571797,0.010416666666666666,0.010416666666666666,0.001937984496124031
4,14,1,3,0.03125,0,0,0.0,0.022073173375571797,0.022073173375571797,0.0,0.0,0.0
4,14,2,0,0.03125,0,0,0.0,0.004221122337174199,0.004221122337174199,0.10937499999999999,0.109375,0.007446808510638297
4,14,2,1,0.03125,1,1,0.0,0.002174338219711247,0.002174338219711247,0.020833333333333332,0.020833333333333332,0.004230118443316413
4,14,2,2,0.15625,0,0,0.0,0.004221122337174199,0.004221122337174199,0.010416666666666664,0.03645833333333333,-0.003875968992248062
4,14,2,3,0.03125,0,0,0.0,0.004221122337174199,0.004221122337174199,0.0,0.0,0.0
4,14,3,0,0.03125,3,3,0.0,0.011179276223265644,0.011179276223265644,0.046875,0.046875,0.0031914893617021275
4,14,3,1,0.03125,1,1,0.0,0.0,0.0,0.06249999999999999,0.0625,0.0025380710659898475
4,14,3,2,0.03125,0,0,0.0,0.013553583343353215,0.013553583343353215,0.09895833333333333,0.10481770833333331,0.021317829457364337
4,14,3,3,0.15625,0,0,0.0,0.013553583343353215,0.013553583343353215,0.0,0.0,0.0
4,15,0,0,0.15625,0,0,0.0,0.01835047660946376,0.01835047660946376,0.09375,0.09374999999999999,0.006382978723404255
4,15,0,1,0.03125,1,1,0.0,0.0,0.0,0.06770833333333333,0.06770833333333333,0.005499153976311338
4,15,0,2,0.03125,0,0,0.0,0.01835047660946376,0.01835047660946376,0.057291666666666664,0.059244791666666664,0.014534883720930232
4,15,0,3,0.03125,0,0,0.0,0.01835047660946376,0.01835047660946376,0.0,0.0,0.0
4,15,1,0,0.03125,0,0,0.0,0.012454199255045095,0.012454199255045095,0.109375,0.1103515625,0.00851063829787234
4,15,1,1,0.15625,1,1,0.0,0.0,0.0,0.02083333333333333,0.05403645833333333,-0.0012690355329949242
4,15,1,2,0.03125,0,0,0.0,0.012454199255045095,0.012454199255045095,0.06770833333333333,0.06770833333333333,0.012596899224806201
4,15,1,3,0.03125,0,0,0.0,0.012454199255045095,0.012454199255045095,0.0,0.0,0.0
4,15,2,0,0.03125,0,0,0.0,0.008683789459953073,0.008683789459953073,0.057291666666666664,0.05729166666666666,0.003900709219858156
4,15,2,1,0.03125,1,1,0.0,0.0,0.0,0.03125,0.03173828125,0.0033840947546531306
4,15,2,2,0.15625,0,0,0.0,0.008683789459953073,0.008683789459953073,0.03645833333333333,0.03645833333333333,0.005813953488372093
4,15,2,3,0.03125,0,0,0.0,0.008683789459953073,0.008683789459953073,0.0,0.0,0.0
4,15,3,0,0.03125,0,0,0.0,0.0034311136771806305,0.0034311136771806305,0.07291666666666666,0.07291666666666666,0.004964539007092198
4,15,3,1,0.03125,1,1,0.0,0.0,0.0,0.03125,0.03125,0.0025380710659898475
4,15,3,2,0.03125,0,0,0.0,0.0034311136771806305,0.0034311136771806305,0.046875,0.046875,0.005813953488372093
4,15,3,3,0.15625,0,0,0.0,0.0034311136771806305,0.0034311136771806305,0.0,0.0,0.0
4,16,0,0,0.15625,0,0,0.0,0.00838663855277011,0.00838663855277011,0.041666666666666664,0.041666666666666664,0.0028368794326241132
4,16,0,1,0.03125,1,1,0.0,0.0,0.0,0.078125,0.078125,0.005076142131979695
4,16,0,2,0.03125,0,0,0.0,0.00838663855277011,0.00838663855277011,0.05208333333333333,0.05257161458333333,0.012596899224806201
4,16,0,3,0.03125,0,0,0.0,0.00838663855277011,0.00838663855277011,0.0,0.0,0.0
4,16,1,0,0.03125,0,0,0.0,0.007043600036730102,0.007043600036730102,0.03645833333333333,0.03645833333333333,0.002482269503546099
4,16,1,1,0.15625,1,1,0.0,0.0,0.0,-1.734723475976807e-18,0.015625,-0.0038071065989847717
4,16,1,2,0.03125,0,0,0.0,0.007043600036730102,0.007043600036730102,-0.020833333333333332,-0.005208333333333333,-0.0048449612403100775
4,16,1,3,0.03125,0,0,0.0,0.007043600036730102,0.007043600036730102,0.0,0.0,0.0
4,16,2,0,0.03125,0,0,0.0,0.018795803017906065,0.018795803017906065,0.06249999999999999,0.0625,0.004609929078014184
4,16,2,1,0.03125,1,1,0.0,0.0,0.0,0.06770833333333333,0.06770833333333333,-0.0016920473773265653
4,16,2,2,0.15625,0,0,0.0,0.018795803017906065,0.018795803017906065,-0.010416666666666668,-0.010416666666666666,-0.001937984496124031
4,16,2,3,0.03125,0,0,0.0,0.018795803017906065,0.018795803017906065,0.0,0.0,0.0
4,16,3,0,0.03125,0,0,0.0,0.014157201305397882,0.014157201305397882,0.08333333333333333,0.08333333333333333,0.005673758865248226
4,16,3,1,0.03125,1,1,0.0,0.0,0.0,0.03645833333333333,0.03645833333333333,-0.0008460236886632827
4,16,3,2,0.03125,0,0,0.0,0.014157201305397882,0.014157201305397882,0.06770833333333333,0.06770833333333333,0.012596899224806201
4,16,3,3,0.15625,0,0,0.0,0.014157201305397882,0.014157201305397882,0.0,0.0,0.0
4,17,0,0,0.15625,0,0,0.0,0.003368602157960754,0.003368602157960754,0.026041666666666664,0.026041666666666664,0.0017730496453900707
4,17,0,1,0.03125,1,1,0.0,0.0,0.0,0.020833333333333332,0.020833333333333332,0.0004230118443316412
4,17,0,2,0.03125,0,0,0.0,0.003368602157960754,0.003368602157960754,0.052083333333333336,0.05891927083333332,0.015503875968992244
4,17,0,3,0.03125,0,0,0.0,0.003368602157960754,0.003368602157960754,0.0,0.0,0.0
4,17,1,0,0.03125,0,0,0.0,0.011471242685446859,0.011471242685446859,0.036458333333333336,0.03645833333333333,0.0024822695035460994
4,17,1,1,0.15625,1,1,0.0,0.0,0.0,0.020833333333333332,0.02132161458333333,0.001692047377326565
4,17,1,2,0.03125,0,0,0.0,0.011471242685446859,0.011471242685446859,0.010416666666666668,0.010416666666666668,0.0019379844961240312
4,17,1,3,0.03125,0,0,0.0,0.011471242685446859,0.011471242685446859,0.0,0.0,0.0
4,17,2,0,0.03125,0,0,0.0,0.01663824404238745,0.01663824404238745,0.08333333333333333,0.08333333333333333,0.0056737588652482265
4,17,2,1,0.03125,1,1,0.0,0.0,0.0,0.026041666666666664,0.026041666666666664,-0.0029610829103214886
4,17,2,2,0.15625,0,0,0.0,0.01663824404238745,0.01663824404238745,-0.03645833333333333,-0.005208333333333333,-0.009689922480620155
4,17,2,3,0.03125,0,0,0.0,0.01663824404238745,0.01663824404238745,0.0,0.0,0.0
4,17,3,0,0.03125,0,0,0.0,0.00479386068500165,0.00479386068500165,0.03645833333333333,0.03645833333333333,0.002482269503546099
4,17,3,1,0.03125,1,1,0.0,0.0,0.0,0.07291666666666666,0.07291666666666666,0.004230118443316412
4,17,3,2,0.03125,0,0,0.0,0.00479386068500165,0.00479386068500165,0.05729166666666666,0.05729166666666666,0.009689922480620155
4,17,3,3,0.15625,0,0,0.0,0.00479386068500165,0.00479386068500165,0.0,0.0,0.0
4,18,0,0,0.15625,0,0,0.0,0.012140255273555667,0.012140255273555667,0.06770833333333333,0.06770833333333333,0.004609929078014184
4,18,0,1,0.03125,1,1,0.0,0.0,0.0,0.07291666666666666,0.07291666666666666,0.004653130287648053
4,18,0,2,0.03125,0,0,0.0,0.012140255273555667,0.012140255273555667,0.0625,0.06705729166666666,0.018410852713178293
4,18,0,3,0.03125,0,0,0.0,0.012140255273555667,0.012140255273555667,0.0,0.0,0.0
4,18,1,0,0.03125,0,0,0.0,0.005373003538120313,0.005373003538120313,0.05208333333333333,0.05208333333333333,0.0035460992907801413
4,18,1,1,0.15625,1,1,0.0,0.0012957072767474376,0.0012957072767474376,0.005208333333333333,0.007649739583333332,0.0029610829103214886
4,18,1,2,0.03125,0,0,0.0,0.005373003538120313,0.005373003538120313,0.0,0.015625,0.0
4,18,1,3,0.03125,0,0,0.0,0.005373003538120313,0.005373003538120313,0.0,0.0,0.0
4,18,2,0,0.03125,0,0,0.0,0.011227672354655494,0.011227672354655494,0.06770833333333333,0.06770833333333333,0.004609929078014184
4,18,2,1,0.03125,1,1,0.0,0.0,0.0,0.015625,0.015625,0.0012690355329949238
4,18,2,2,0.15625,0,0,0.0,0.011227672354655494,0.011227672354655494,-0.015625,-0.005208333333333333,-0.003875968992248062
4,18,2,3,0.03125,0,0,0.0,0.011227672354655494,0.011227672354655494,0.0,0.0,0.0
4,18,3,0,0.03125,0,0,0.0,0.01614370327297321,0.01614370327297321,0.046875,0.046875,0.0031914893617021275
4,18,3,1,0.03125,1,1,0.0,0.0,0.0,0.03125,0.031249999999999997,-0.0004230118443316412
4,18,3,2,0.03125,0,0,0.0,0.01614370327297321,0.01614370327297321,0.0625,0.0625,0.010658914728682169
4,18,3,3,0.15625,0,0,0.0,0.01614370327297321,0.01614370327297321,0.0,0.0,0.0
4,19,0,0,0.15625,0,0,0.0,0.008433723361021217,0.008433723361021217,0.031249999999999997,0.031249999999999997,0.0021276595744680847
4,19,0,1,0.03125,1,1,0.0,0.0,0.0,0.03645833333333333,0.03645833333333333,0.0016920473773265653
4,19,0,2,0.03125,0,0,0.0,0.008433723361021217,0.008433723361021217,0.03645833333333333,0.03645833333333333,0.0067829457364341076
4,19,0,3,0.03125,0,0,0.0,0.008433723361021217,0.008433723361021217,0.0,0.0,0.0
4,19,1,0,0.03125,0,0,0.0,0.015860210126719343,0.015860210126719343,0.06770833333333333,0.06770833333333333,0.004609929078014184
4,19,1,1,0.15625,1,1,0.0,0.0,0.0,0.046875,0.046875,0.00042301184433164176
4,19,1,2,0.03125,0,0,0.0,0.015860210126719343,0.015860210126719343,0.046875,0.046875,0.00872093023255814
4,19,1,3,0.03125,0,0,0.0,0.015860210126719343,0.015860210126719343,0.0,0.0,0.0
4,19,2,0,0.03125,0,0,0.0,0.005628249490921444,0.005628249490921444,0.046875,0.046875,0.0031914893617021275
4,19,2,1,0.03125,1,1,0.0,0.0,0.0,0.005208333333333329,0.03645833333333333,0.0016920473773265649
4,19,2,2,0.15625,0,0,0.0,0.005628249490921444,0.005628249490921444,0.010416666666666668,0.010416666666666668,0.0019379844961240312
4,19,2,3,0.03125,0,0,0.0,0.005628249490921444,0.005628249490921444,0.0,0.0,0.0
4,19,3,0,0.03125,0,0,0.0,0.01289556315164364,0.01289556315164364,0.07291666666666666,0.07291666666666666,0.004964539007092198
4,19,3,1,0.03125,1,1,0.0,0.0,0.0,0.03645833333333333,0.03645833333333333,0.001692047377326565
4,19,3,2,0.03125,0,0,0.0,0.01289556315164364,0.01289556315164364,0.05208333333333333,0.05208333333333333,0.009689922480620155
4,19,3,3,0.15625,0,0,0.0,0.01289556315164364,0.01289556315164364,0.0,0.0,0.0
5,4,0,0,0.15625,0,0,0.0,0.01979969896049716,0.01979969896049716,0.03645833333333333,0.04134114583333333,-0.00541125541125541
5,4,0,1,0.03125,3,3,0.0,0.0,0.0,0.11458333333333333,0.12581380208333331,0.005175983436853003
5,4,0,2,0.03125,2,2,0.0,0.03905118437862232,0.03905118437862232,0.09895833333333333,0.09895833333333333,-0.023662551440329218
5,4,0,3,0.03125,3,3,0.0,0.0,0.0,0.11458333333333333,0.15087890624999997,0.09329710144927535
5,4,1,0,0.03125,0,0,0.0,0.003948676794847228,0.003948676794847228,0.28125,0.2861328125,0.003787878787878788
5,4,1,1,0.15625,3,3,0.0,0.01541029119155557,0.01541029119155557,0.24999999999999997,0.2509765625,0.004658385093167702
5,4,1,2,0.03125,0,0,0.0,0.003948676794847228,0.003948676794847228,0.25,0.25309244791666663,0.006687242798353908
5,4,1,3,0.03125,3,3,0.0,0.01541029119155557,0.01541029119155557,0.35416666666666663,0.3642578125,0.08333333333333333
5,4,2,0,0.03125,0,0,0.0,0.022785792035285524,0.022785792035285524,0.08854166666666666,0.08951822916666667,-0.0032467532467532452
5,4,2,1,0.03125,3,3,0.03125,0.0,0.00011200647926189536,0.11458333333333333,0.13020833333333331,0.002070393374741199
5,4,2,2,0.15625,0,0,0.03125,0.022785792035285524,0.02264449357518274,0.07291666666666666,0.07503255208333333,-0.0036008230452674894
5,4,2,3,0.03125,3,3,0.0,0.0,0.0,0.16145833333333331,0.19547526041666666,0.0878623188405797
5,4,3,0,0.03125,0,0,0.0,0.0,0.0,0.2552083333333333,0.26188151041666663,0.009740259740259738
5,4,3,1,0.03125,3,3,0.0,0.03581808700066702,0.03581808700066702,0.15625,0.16048177083333331,0.0025879917184265
5,4,3,2,0.03125,0,0,0.0,0.0,0.0,0.15104166666666666,0.16438802083333331,0.010802469135802469
5,4,3,3,0.15625,3,3,0.0,0.03581808700066702,0.03581808700066702,0.296875,0.31070963541666663,0.07880434782608695
5,5,0,0,0.15625,2,2,0.03125,0.013088106836048108,0.012720671137613548,0.06770833333333333,0.0712890625,0.005411255411255411
5,5,0,1,0.03125,3,3,0.0,0.009540031509472247,0.009540031509472247,0.23437499999999997,0.23600260416666666,0.014492753623188404
5,5,0,2,0.03125,0,0,0.0,0.0013301644861422046,0.0013301644861422046,0.14583333333333331,0.14583333333333331,-0.0025720164609053494
5,5,0,3,0.03125,3,3,0.0,0.009540031509472247,0.009540031509472247,0.3333333333333333,0.34635416666666663,0.07518115942028984
5,5,1,0,0.03125,2,2,0.4375,0.0,6.539683758546161e-05,0.21875,0.22786458333333331,0.009199134199134198
5,5,1,1,0.15625,1,1,0.0,0.0018824685163982835,0.0018824685163982835,0.359375,0.36002604166666663,0.013457556935817808
5,5,1,2,0.03125,2,2,0.0,0.0,0.0,0.28125,0.28824869791666663,0.0030864197530864183
5,5,1,3,0.03125,3,3,0.0,0.017464900381621407,0.017464900381621407,0.296875,0.31266276041666663,0.0733695652173913
5,5,2,0,0.03125,0,0,0.0,0.04441004914497537,0.04441004914497537,0.08333333333333333,0.08919270833333331,-0.0027056277056277055
5,5,2,1,0.03125,3,3,0.0,0.0,0.0,0.04166666666666667,0.06738281249999999,0.0036231884057971024
5,5,2,2,0.15625,0,0,0.0,0.04441004914497537,0.04441004914497537,0.09375,0.09505208333333333,-0.016460905349794237
5,5,2,3,0.03125,3,3,0.0,0.0,0.0,0.10937499999999999,0.16829427083333331,0.1096014492753623
5,5,3,0,0.03125,0,0,0.0,0.012457215504000141,0.012457215504000141,0.28125,0.2962239583333333,0.011363636363636364
5,5,3,1,0.03125,1,1,0.0,0.022549796890539264,0.022549796890539264,0.2708333333333333,0.27506510416666663,0.0036231884057971024
5,5,3,2,0.03125,0,0,0.0,0.012457215504000141,0.012457215504000141,0.19791666666666666,0.21061197916666663,0.020061728395061727
5,5,3,3,0.15625,1,3,0.625,0.022549796890539264,0.03529286960145828,0.29166666666666663,0.31217447916666663,0.0842391304347826
5,6,0,0,0.15625,0,0,0.0,0.02889032175877071,0.02889032175877071,0.15104166666666666,0.15445963541666666,-0.010822510822510822
5,6,0,1,0.03125,3,3,0.0,0.0034043938390536654,0.0034043938390536654,0.18229166666666666,0.19970703125,0.019668737060041405
5,6,0,2,0.03125,0,0,0.0,0.02889032175877071,0.02889032175877071,0.10416666666666666,0.10644531249999999,-0.007716049382716048
5,6,0,3,0.03125,3,3,0.0,0.0034043938390536654,0.0034043938390536654,0.13541666666666666,0.18001302083333331,0.08605072463768115
5,6,1,0,0.03125,0,0,0.0,0.0,0.0,0.3020833333333333,0.30696614583333326,0.002705627705627706
5,6,1,1,0.15625,3,3,0.0,0.015129726766329843,0.015129726766329843,0.26041666666666663,0.26041666666666663,0.0036231884057971024
5,6,1,2,0.03125,0,0,0.0,0.0,0.0,0.28125,0.2845052083333333,-2.05596856412066e-18
5,6,1,3,0.03125,3,3,0.0,0.015129726766329843,0.015129726766329843,0.375,0.37499999999999994,0.09329710144927537
5,6,2,0,0.03125,0,0,0.0,0.029133313300779062,0.029133313300779062,0.046875,0.04817708333333333,-0.007034632034632036
5,6,2,1,0.03125,3,3,0.0,0.0,0.0,0.125,0.13557942708333334,0.0015527950310558992
5,6,2,2,0.15625,0,0,0.375,0.029133313300779062,0.026002945228355875,0.046875,0.053385416666666664,0.0051440329218107
5,6,2,3,0.03125,3,3,0.0,0.0,0.0,0.08854166666666666,0.13541666666666663,0.09057971014492754
5,6,3,0,0.03125,0,0,0.0,0.006571516172732328,0.006571516172732328,0.36979166666666663,0.38313802083333326,0.0211038961038961
5,6,3,1,0.03125,1,1,0.0,0.015608472633450776,0.015608472633450776,0.26562499999999994,0.2666015625,0.011387163561076606
5,6,3,2,0.03125,0,0,0.0,0.006571516172732328,0.006571516172732328,0.23437499999999997,0.24609375,0.018518518518518517
5,6,3,3,0.15625,3,3,0.0,0.03787030245792056,0.03787030245792056,0.31770833333333326,0.3289388020833333,0.08605072463768115
5,7,0,0,0.15625,2,0,1.0,0.02944920349287583,0.0060985434045229825,0.041666666666666664,0.06298828125,0.0016233766233766224
5,7,0,1,0.03125,3,3,0.25,0.0024832980416809036,0.0018624735312606777,0.2552083333333333,0.25927734375,0.016563146997929608
5,7,0,2,0.03125,0,0,0.0,0.0060985434045229825,0.0060985434045229825,0.14583333333333331,0.14713541666666666,-0.007201646090534979
5,7,0,3,0.03125,3,3,0.0,0.0024832980416809036,0.0024832980416809036,0.19270833333333331,0.22509765625,0.08695652173913043
5,7,1,0,0.03125,0,0,0.0,0.016487423173541793,0.016487423173541793,0.390625,0.390625,0.0032467532467532483
5,7,1,1,0.15625,3,3,0.0,0.020482566469070984,0.020482566469070984,0.16145833333333331,0.16145833333333331,0.004140786749482402
5,7,1,2,0.03125,0,0,0.0,0.016487423173541793,0.016487423173541793,0.15104166666666666,0.15771484375,0.013374485596707819
5,7,1,3,0.03125,3,3,0.0,0.020482566469070984,0.020482566469070984,0.328125,0.34765624999999994,0.08605072463768117
5,7,2,0,0.03125,2,0,1.0,0.01846754262922079,0.003490442234390434,-0.03645833333333333,0.04508463541666666,0.004329004329004329
5,7,2,1,0.03125,3,3,0.0,0.002336607499609178,0.002336607499609178,0.12499999999999999,0.12825520833333331,0.013457556935817804
5,7,2,2,0.15625,2,2,0.0,0.01846754262922079,0.01846754262922079,0.109375,0.10986328124999999,-0.0010288065843621398
5,7,2,3,0.03125,3,3,0.0,0.002336607499609178,0.002336607499609178,0.16145833333333331,0.19335937499999997,0.07518115942028984
5,7,3,0,0.03125,0,0,0.0,0.005925551795874506,0.005925551795874506,0.36979166666666663,0.3777669270833333,0.012445887445887444
5,7,3,1,0.03125,1,1,0.0,0.011980099966562019,0.011980099966562019,0.24999999999999997,0.25341796875,0.008799171842650102
5,7,3,2,0.03125,0,0,0.0,0.005925551795874506,0.005925551795874506,0.19791666666666666,0.2060546875,0.009259259259259259
5,7,3,3,0.15625,3,3,0.0,0.027405618849578706,0.027405618849578706,0.30729166666666663,0.31168619791666663,0.0769927536231884
5,8,0,0,0.15625,0,0,0.0,0.01939052251447182,0.01939052251447182,0.046875,0.0517578125,-0.001082251082251082
5,8,0,1,0.03125,3,3,0.0,0.0,0.0,0.109375,0.12141927083333333,-0.0031055900621118006
5,8,0,2,0.03125,2,2,0.0,0.04314499721736942,0.04314499721736942,0.04687499999999999,0.04931640624999999,-0.022119341563786005
5,8,0,3,0.03125,3,3,0.0,0.0,0.0,0.09374999999999999,0.14046223958333331,0.10054347826086957
5,8,1,0,0.03125,0,0,0.0,0.014259879231654615,0.014259879231654615,0.3125,0.3191731770833333,0.0054112554112554076
5,8,1,1,0.15625,3,3,0.3125,0.021712340872427238,0.014927234349793726,0.21874999999999997,0.22330729166666666,0.007246376811594202
5,8,1,2,0.03125,0,0,0.0,0.014259879231654615,0.014259879231654615,0.19270833333333331,0.19791666666666666,0.00874485596707819
5,8,1,3,0.03125,3,3,0.0,0.021712340872427238,0.021712340872427238,0.32291666666666663,0.3347981770833333,0.07427536231884056
5,8,2,0,0.03125,0,0,0.0,0.040993014342501244,0.040993014342501244,0.09895833333333331,0.10400390624999999,0.0016233766233766235
5,8,2,1,0.03125,3,3,0.0,0.0,0.0,0.03645833333333333,0.05322265625,-0.0031055900621117984
5,8,2,2,0.15625,0,0,0.03125,0.040993014342501244,0.040509076639177376,0.03645833333333333,0.03710937499999999,-0.0015432098765432098
5,8,2,3,0.03125,3,3,0.0,0.0,0.0,0.07291666666666666,0.12337239583333331,0.11231884057971013
5,8,3,0,0.03125,0,0,0.0,0.002896655632359746,0.002896655632359746,0.359375,0.36800130208333326,0.01082251082251082
5,8,3,1,0.03125,3,3,0.0,0.03793693868010117,0.03793693868010117,0.22916666666666666,0.23209635416666663,0.011387163561076606
5,8,3,2,0.03125,0,0,0.0,0.002896655632359746,0.002896655632359746,0.3020833333333333,0.30615234374999994,0.013888888888888886
5,8,3,3,0.15625,3,3,0.0,0.03793693868010117,0.03793693868010117,0.29687499999999994,0.31201171875,0.08876811594202898
5,9,0,0,0.15625,2,0,1.0,0.03548383890512685,0.007140276065215723,-0.015625,0.030110677083333332,0.001623376623376623
5,9,0,1,0.03125,3,3,0.0,0.0,0.0,0.05208333333333333,0.06136067708333333,0.001035196687370601
5,9,0,2,0.03125,2,2,0.0,0.03548383890512685,0.03548383890512685,0.03645833333333333,0.036946614583333336,-0.025205761316872428
5,9,0,3,0.03125,3,3,0.0,0.0,0.0,0.13020833333333331,0.16634114583333331,0.09601449275362317
5,9,1,0,0.03125,0,0,0.0,0.000241123455371417,0.000241123455371417,0.328125,0.3323567708333333,0.003246753246753245
5,9,1,1,0.15625,3,3,0.0,0.013702191620054593,0.013702191620054593,0.2708333333333333,0.2708333333333333,0.005175983436853003
5,9,1,2,0.03125,0,0,0.0,0.000241123455371417,0.000241123455371417,0.19791666666666666,0.20491536458333331,0.007716049382716048
5,9,1,3,0.03125,3,3,0.0,0.013702191620054593,0.013702191620054593,0.296875,0.3059895833333333,0.0697463768115942
5,9,2,0,0.03125,0,0,0.0,0.02774369522548814,0.02774369522548814,0.03125,0.0341796875,-0.004329004329004328
5,9,2,1,0.03125,3,3,0.0,0.0,0.0,0.026041666666666664,0.0498046875,-0.008281573498964804
5,9,2,2,0.15625,2,2,0.0,0.035398614656843685,0.035398614656843685,0.046875,0.04833984375,-0.020576131687242795
5,9,2,3,0.03125,3,3,0.0,0.0,0.0,0.09375,0.14176432291666666,0.10235507246376811
5,9,3,0,0.03125,2,0,0.75,0.0038756603589958916,0.0009689150897489729,0.25,0.26822916666666663,0.005411255411255412
5,9,3,1,0.03125,1,1,0.0,0.015584682766619729,0.015584682766619729,0.28125,0.2841796875,0.007246376811594205
5,9,3,2,0.03125,2,2,0.0,0.0038756603589958916,0.0038756603589958916,0.22395833333333331,0.23193359375,0.016975308641975304
5,9,3,3,0.15625,3,3,0.0,0.03185768749930418,0.03185768749930418,0.28125,0.2947591145833333,0.07246376811594202
5,10,0,0,0.15625,0,0,0.0,0.021324066995976665,0.021324066995976665,0.15625,0.15673828125,-0.009740259740259738
5,10,0,1,0.03125,3,3,0.0,0.008198016703597877,0.008198016703597877,0.26041666666666663,0.2685546875,0.020186335403726705
5,10,0,2,0.03125,0,0,0.0,0.021324066995976665,0.021324066995976665,0.15104166666666666,0.15234375,-0.0046296296296296285
5,10,0,3,0.03125,3,3,0.0,0.008198016703597877,0.008198016703597877,0.22916666666666663,0.25520833333333337,0.08605072463768115
5,10,1,0,0.03125,2,2,0.40625,0.001801752492118891,0.0010697905421955915,0.1875,0.19645182291666663,0.0037878787878787876
5,10,1,1,0.15625,1,1,0.0,0.007171932651192647,0.007171932651192647,0.2708333333333333,0.27408854166666663,0.0025879917184265
5,10,1,2,0.03125,0,0,0.0,0.0,0.0,0.24999999999999997,0.25553385416666663,0.0025720164609053515
5,10,1,3,0.03125,3,3,0.0,0.011255994158327565,0.011255994158327565,0.3645833333333333,0.3748372395833333,0.08514492753623187
5,10,2,0,0.03125,0,0,0.0,0.022560721398399708,0.022560721398399708,0.18229166666666666,0.18391927083333331,0.0016233766233766235
5,10,2,1,0.03125,3,3,0.0,0.005468602150942248,0.005468602150942248,0.1875,0.1943359375,0.003105590062111801
5,10,2,2,0.15625,2,2,0.0,0.023551738376802356,0.023551738376802356,0.16666666666666666,0.16666666666666666,-0.007716049382716049
5,10,2,3,0.03125,3,3,0.0,0.005468602150942248,0.005468602150942248,0.20833333333333331,0.23111979166666663,0.07699275362318839
5,10,3,0,0.03125,0,0,0.0,0.0014919734736190682,0.0014919734736190682,0.3177083333333333,0.33154296875,0.01515151515151515
5,10,3,1,0.03125,1,1,0.0,0.017028276328942327,0.017028276328942327,0.29166666666666663,0.2952473958333333,0.0031055900621117984
5,10,3,2,0.03125,0,0,0.0,0.0014919734736190682,0.0014919734736190682,0.22395833333333331,0.24055989583333331,0.010288065843621397
5,10,3,3,0.15625,1,3,0.6875,0.017028276328942327,0.03171384769023159,0.328125,0.33740234374999994,0.09329710144927535
5,11,0,0,0.15625,0,0,0.0,0.006437684961785983,0.006437684961785983,0.015625,0.024576822916666664,0.00432900432900433
5,11,0,1,0.03125,3,3,0.0,0.0,0.0,0.09375,0.109375,0.0031055900621118028
5,11,0,2,0.03125,0,0,0.1875,0.006437684961785983,0.012431601283810871,0.057291666666666664,0.06022135416666666,-0.030349794238683125
5,11,0,3,0.03125,3,3,0.0,0.0,0.0,0.11458333333333331,0.15087890625,0.09692028985507244
5,11,1,0,0.03125,0,0,0.0,0.012378552192982673,0.012378552192982673,0.24999999999999997,0.25227864583333326,0.0
5,11,1,1,0.15625,3,3,0.0,0.028048937360993564,0.028048937360993564,0.19791666666666666,0.19791666666666666,0.009834368530020704
5,11,1,2,0.03125,0,0,0.0,0.012378552192982673,0.012378552192982673,0.3020833333333333,0.3056640625,0.006172839506172839
5,11,1,3,0.03125,3,3,0.0,0.028048937360993564,0.028048937360993564,0.3802083333333333,0.38981119791666663,0.08695652173913042
5,11,2,0,0.03125,0,0,0.0,0.02107142416775898,0.02107142416775898,0.057291666666666664,0.06233723958333333,0.004329004329004328
5,11,2,1,0.03125,3,3,0.03125,0.0,0.0002124799587706963,0.015625,0.021484375,-0.003623188405797101
5,11,2,2,0.15625,0,0,0.0,0.02107142416775898,0.02107142416775898,-0.010416666666666668,0.005696614583333332,-0.017489711934156375
5,11,2,3,0.03125,1,1,0.3125,0.006799358680662282,0.004674559092955319,0.03125,0.10123697916666666,0.11322463768115941
5,11,3,0,0.03125,0,0,0.0,0.0020113579760614453,0.0020113579760614453,0.3333333333333333,0.34765624999999994,0.01893939393939394
5,11,3,1,0.03125,3,3,0.34375,0.03961988386164916,0.029877525188016955,0.23437499999999997,0.2386067708333333,0.011904761904761902
5,11,3,2,0.03125,0,0,0.0,0.0020113579760614453,0.0020113579760614453,0.17708333333333331,0.18652343749999997,0.013888888888888886
5,11,3,3,0.15625,3,3,0.0,0.03961988386164916,0.03961988386164916,0.29166666666666663,0.30777994791666663,0.07427536231884058
5,12,0,0,0.15625,0,0,0.0,0.03598496294899567,0.03598496294899567,0.07291666666666666,0.0771484375,0.003246753246753247
5,12,0,1,0.03125,3,1,0.5,0.0,0.0010826728598969382,0.06249999999999999,0.07991536458333333,-0.002070393374741199
5,12,0,2,0.03125,0,0,0.0,0.03598496294899567,0.03598496294899567,0.015625,0.015625,-0.018518518518518517
5,12,0,3,0.03125,3,3,0.0,0.0,0.0,0.08854166666666666,0.14306640625,0.10507246376811594
5,12,1,0,0.03125,0,0,0.0,0.0,0.0,0.29166666666666663,0.29817708333333326,0.007034632034632036
5,12,1,1,0.15625,1,1,0.0,0.003702854350536189,0.003702854350536189,0.25,0.2548828125,0.010351966873706004
5,12,1,2,0.03125,0,0,0.0,0.0,0.0,0.26041666666666663,0.26725260416666663,0.0102880658436214
5,12,1,3,0.03125,3,3,0.0,0.02484498500903498,0.02484498500903498,0.3489583333333333,0.35611979166666663,0.0733695652173913
5,12,2,0,0.03125,2,0,1.0,0.034186230990230104,0.016273734064117473,-0.010416666666666668,0.011393229166666666,-0.01515151515151515
5,12,2,1,0.03125,3,3,0.0,0.0,0.0,0.020833333333333336,0.0302734375,-0.003623188405797101
5,12,2,2,0.15625,2,2,0.0,0.034186230990230104,0.034186230990230104,0.026041666666666664,0.026041666666666664,-0.023662551440329218
5,12,2,3,0.03125,3,3,0.0,0.0,0.0,0.08854166666666666,0.14794921874999997,0.09692028985507246
5,12,3,0,0.03125,0,0,0.0,0.0,0.0,0.22916666666666663,0.23665364583333337,0.011363636363636364
5,12,3,1,0.03125,1,1,0.0,0.028259780379260135,0.028259780379260135,0.3125,0.3154296875,0.003105590062111804
5,12,3,2,0.03125,2,2,0.0,0.004356852105075637,0.004356852105075637,0.27604166666666663,0.2874348958333333,0.018518518518518517
5,12,3,3,0.15625,3,3,0.0,0.04658019203016739,0.04658019203016739,0.3489583333333333,0.36425781249999994,0.09057971014492752
5,13,0,0,0.15625,2,0,1.0,0.023124096360919943,0.003423128561479083,0.0052083333333333304,0.05322265624999999,-0.0037878787878787876
5,13,0,1,0.03125,3,3,0.0,0.001798683180311511,0.001798683180311511,0.21354166666666666,0.21826171874999997,0.013975155279503106
5,13,0,2,0.03125,0,0,0.0,0.003423128561479083,0.003423128561479083,0.09375,0.09375,-0.018004115226337446
5,13,0,3,0.03125,3,3,0.0,0.001798683180311511,0.001798683180311511,0.2864583333333333,0.30501302083333326,0.0878623188405797
5,13,1,0,0.03125,0,0,0.0,0.015788576790097375,0.015788576790097375,0.33854166666666663,0.34228515624999994,-0.00487012987012987
5,13,1,1,0.15625,1,1,0.0,0.0,0.0,0.27604166666666663,0.27604166666666663,0.009834368530020704
5,13,1,2,0.03125,0,0,0.0,0.015788576790097375,0.015788576790097375,0.16145833333333331,0.16373697916666663,0.00360082304526749
5,13,1,3,0.03125,3,3,0.0,0.01285895412199678,0.01285895412199678,0.35416666666666663,0.36458333333333326,0.08061594202898548
5,13,2,0,0.03125,0,0,0.0,0.038997221063060694,0.038997221063060694,0.13020833333333331,0.13216145833333331,-0.00487012987012987
5,13,2,1,0.03125,1,1,0.0,0.0,0.0,0.13020833333333331,0.138671875,0.003105590062111801
5,13,2,2,0.15625,0,0,0.4375,0.038997221063060694,0.02573046852210563,0.005208333333333332,0.03369140624999999,0.023148148148148147
5,13,2,3,0.03125,3,3,0.0,0.0016451679296752841,0.0016451679296752841,0.11458333333333331,0.15071614583333331,0.09510869565217392
5,13,3,0,0.03125,0,0,0.0,0.0,0.0,0.26041666666666663,0.27506510416666663,0.016233766233766232
5,13,3,1,0.03125,1,1,0.0,0.010589535797594585,0.010589535797594585,0.22395833333333334,0.22444661458333331,0.007246376811594202
5,13,3,2,0.03125,0,0,0.0,0.0,0.0,0.171875,0.18603515624999997,0.008744855967078188
5,13,3,3,0.15625,3,3,0.0,0.03984061694513763,0.03984061694513763,0.27083333333333326,0.2841796875,0.07789855072463768
5,14,0,0,0.15625,0,0,0.0,0.010887071910780421,0.010887071910780421,0.03125,0.033854166666666664,-0.003246753246753247
5,14,0,1,0.03125,3,3,0.0,0.0,0.0,0.06770833333333333,0.08251953124999999,0.0036231884057971037
5,14,0,2,0.03125,2,2,0.0,0.03559835446154269,0.03559835446154269,0.07291666666666666,0.07682291666666666,-0.012345679012345678
5,14,0,3,0.03125,3,3,0.0,0.0,0.0,0.109375,0.17041015624999997,0.10597826086956522
5,14,1,0,0.03125,2,2,0.03125,0.009863535541262736,0.009555300055598275,0.15625,0.16324869791666666,0.0016233766233766241
5,14,1,1,0.15625,3,3,0.0,0.02299596818059868,0.02299596818059868,0.19270833333333331,0.19368489583333331,0.004140786749482401
5,14,1,2,0.03125,2,2,0.0,0.009863535541262736,0.009863535541262736,0.2864583333333333,0.28971354166666663,-0.0051440329218107005
5,14,1,3,0.03125,3,3,0.0,0.02299596818059868,0.02299596818059868,0.328125,0.328125,0.07971014492753623
5,14,2,0,0.03125,0,0,0.0,0.018896494723662838,0.018896494723662838,0.057291666666666664,0.060872395833333336,0.007575757575757575
5,14,2,1,0.03125,3,1,0.5,0.0,0.0034376171153833734,0.041666666666666664,0.05924479166666666,-0.0005175983436853011
5,14,2,2,0.15625,2,2,0.0,0.028799154306335728,0.028799154306335728,0.010416666666666666,0.011393229166666664,-0.013888888888888888
5,14,2,3,0.03125,3,3,0.0,0.0,0.0,0.03125,0.08479817708333333,0.08876811594202898
5,14,3,0,0.03125,0,0,0.0,0.008387084961524849,0.008387084961524849,0.24999999999999997,0.2679036458333333,0.01352813852813853
5,14,3,1,0.03125,1,1,0.0,0.020724744593464184,0.020724744593464184,0.3177083333333333,0.31998697916666663,0.011387163561076606
5,14,3,2,0.03125,0,0,0.0,0.008387084961524849,0.008387084961524849,0.20833333333333331,0.22395833333333331,0.010288065843621396
5,14,3,3,0.15625,1,1,0.46875,0.020724744593464184,0.02971190947080739,0.27604166666666663,0.28808593749999994,0.07971014492753623
5,15,0,0,0.15625,0,0,0.0,0.016443862711782553,0.016443862711782553,0.22916666666666666,0.23079427083333331,0.0016233766233766241
5,15,0,1,0.03125,3,3,0.0,0.012701702923903158,0.012701702923903158,0.3125,0.31461588541666663,0.024327122153209105
5,15,0,2,0.03125,0,0,0.0,0.016443862711782553,0.016443862711782553,0.140625,0.14290364583333331,-0.011831275720164609
5,15,0,3,0.03125,3,3,0.0,0.012701702923903158,0.012701702923903158,0.2552083333333333,0.28759765625,0.09239130434782608
5,15,1,0,0.03125,0,0,0.0,0.008695054769192745,0.008695054769192745,0.40625,0.4150390625,0.01461038961038961
5,15,1,1,0.15625,1,1,0.0,0.011158376355307587,0.011158376355307587,0.26041666666666663,0.26188151041666663,0.0036231884057970998
5,15,1,2,0.03125,0,0,0.0,0.008695054769192745,0.008695054769192745,0.08854166666666666,0.0986328125,0.01131687242798354
5,15,1,3,0.03125,3,3,0.0,0.018779122324245057,0.018779122324245057,0.3125,0.3235677083333333,0.07699275362318839
5,15,2,0,0.03125,2,0,1.0,0.025743015102522082,0.010000142408158164,0.010416666666666661,0.06722005208333333,-0.001082251082251082
5,15,2,1,0.03125,3,3,0.34375,0.0,0.0020314444822985833,0.140625,0.14713541666666666,0.013457556935817804
5,15,2,2,0.15625,2,2,0.0,0.025743015102522082,0.025743015102522082,0.06770833333333333,0.06901041666666666,-0.01080246913580247
5,15,2,3,0.03125,3,3,0.0,0.0,0.0,0.13541666666666666,0.16194661458333331,0.08514492753623189
5,15,3,0,0.03125,0,0,0.0,0.001062891028746793,0.001062891028746793,0.265625,0.27294921875,0.0021645021645021654
5,15,3,1,0.03125,1,1,0.0,0.009048529839404296,0.009048529839404296,0.21874999999999997,0.2197265625,0.013975155279503108
5,15,3,2,0.03125,0,0,0.0,0.001062891028746793,0.001062891028746793,0.27604166666666663,0.2864583333333333,0.008744855967078188
5,15,3,3,0.15625,3,3,0.0,0.03696205800641106,0.03696205800641106,0.3125,0.32421875,0.07608695652173914
5,16,0,0,0.15625,0,0,0.0,0.006853450322123367,0.006853450322123367,0.06770833333333333,0.07112630208333334,0.002705627705627706
5,16,0,1,0.03125,3,3,0.03125,9.738367028688799e-05,9.434043059042274e-05,0.22395833333333331,0.22688802083333331,0.012939958592132504
5,16,0,2,0.03125,0,0,0.0,0.006853450322123367,0.006853450322123367,0.10416666666666666,0.10416666666666666,-0.0005144032921810694
5,16,0,3,0.03125,3,3,0.0,9.738367028688799e-05,9.738367028688799e-05,0.19270833333333331,0.21549479166666663,0.08242753623188405
5,16,1,0,0.03125,2,2,0.15625,0.012565802430884787,0.010602395801059039,0.15104166666666666,0.16015624999999997,0.02002164502164502
5,16,1,1,0.15625,1,1,0.0,0.00920230564510649,0.00920230564510649,0.24999999999999997,0.25146484375,0.009316770186335406
5,16,1,2,0.03125,2,2,0.0,0.012565802430884787,0.012565802430884787,0.27604166666666663,0.28320312499999994,-0.0030864197530864213
5,16,1,3,0.03125,3,3,0.0,0.028716110448768095,0.028716110448768095,0.328125,0.328125,0.0733695652173913
5,16,2,0,0.03125,2,2,0.375,0.03375771214914858,0.02200015467141525,0.026041666666666664,0.04785156249999999,0.002705627705627705
5,16,2,1,0.03125,3,3,0.03125,0.0008695648318439719,0.0008423909308488478,0.13020833333333331,0.14029947916666669,0.008281573498964802
5,16,2,2,0.15625,2,2,0.0,0.03375771214914858,0.03375771214914858,0.078125,0.078125,-0.015946502057613166
5,16,2,3,0.03125,3,3,0.0,0.0008695648318439719,0.0008695648318439719,0.15625,0.18668619791666666,0.09692028985507248
5,16,3,0,0.03125,0,0,0.0,0.0,0.0,0.2552083333333333,0.2698567708333333,0.012987012987012988
5,16,3,1,0.03125,1,1,0.0,0.02101578070361132,0.02101578070361132,0.3333333333333333,0.3361002604166667,0.009316770186335404
5,16,3,2,0.03125,0,0,0.0,0.0,0.0,0.203125,0.21695963541666666,0.015432098765432098
5,16,3,3,0.15625,3,3,0.0,0.03413288885922883,0.03413288885922883,0.3125,0.32096354166666663,0.07246376811594202
5,17,0,0,0.15625,0,0,0.0,0.0165709188421983,0.0165709188421983,0.08854166666666666,0.09147135416666666,0.002164502164502164
5,17,0,1,0.03125,3,3,0.0,0.008813264268102361,0.008813264268102361,0.1875,0.19270833333333331,0.007246376811594202
5,17,0,2,0.03125,2,2,0.0,0.03620847446261388,0.03620847446261388,0.125,0.12630208333333331,-0.007716049382716048
5,17,0,3,0.03125,3,3,0.0,0.008813264268102361,0.008813264268102361,0.15104166666666666,0.1962890625,0.09963768115942029
5,17,1,0,0.03125,0,0,0.0,0.00535908904009974,0.00535908904009974,0.26041666666666663,0.26383463541666663,0.0010822510822510825
5,17,1,1,0.15625,3,3,0.15625,0.015436125606732576,0.01302423098068061,0.234375,0.23860677083333334,0.006728778467908904
5,17,1,2,0.03125,0,0,0.0,0.00535908904009974,0.00535908904009974,0.26041666666666663,0.2646484375,0.00462962962962963
5,17,1,3,0.03125,3,3,0.0,0.015436125606732576,0.015436125606732576,0.3177083333333333,0.33333333333333326,0.07789855072463768
5,17,2,0,0.03125,2,0,1.0,0.02741448463208007,0.00906235046756454,-0.020833333333333336,0.0322265625,-0.002705627705627705
5,17,2,1,0.03125,3,3,0.0,0.0,0.0,0.10416666666666666,0.11686197916666666,-0.0005175983436853011
5,17,2,2,0.15625,2,2,0.0,0.02741448463208007,0.02741448463208007,0.08333333333333334,0.08463541666666667,-0.022119341563786005
5,17,2,3,0.03125,3,3,0.0,0.0,0.0,0.11979166666666666,0.16031901041666663,0.08967391304347824
5,17,3,0,0.03125,0,0,0.0,0.000979846324545841,0.000979846324545841,0.1875,0.205078125,0.015692640692640692
5,17,3,1,0.03125,1,1,0.0,0.0268448216601187,0.0268448216601187,0.2552083333333333,0.259765625,-0.001552795031055898
5,17,3,2,0.03125,0,0,0.0,0.000979846324545841,0.000979846324545841,0.1875,0.2041015625,0.018004115226337446
5,17,3,3,0.15625,3,3,0.0,0.045443847674588644,0.045443847674588644,0.29166666666666663,0.31103515625,0.0806159420289855
5,18,0,0,0.15625,0,0,0.0,0.024688195740927177,0.024688195740927177,0.07291666666666666,0.07584635416666666,0.002705627705627705
5,18,0,1,0.03125,3,3,0.0,0.004755710631226595,0.004755710631226595,0.19791666666666666,0.20117187499999994,0.011904761904761904
5,18,0,2,0.03125,0,0,0.0,0.024688195740927177,0.024688195740927177,0.078125,0.078125,-0.008744855967078188
5,18,0,3,0.03125,3,3,0.0,0.004755710631226595,0.004755710631226595,0.16666666666666666,0.19254557291666663,0.08333333333333331
5,18,1,0,0.03125,0,0,0.0,0.0033650597519836456,0.0033650597519836456,0.30729166666666663,0.310546875,0.003787878787878786
5,18,1,1,0.15625,1,1,0.0,0.0,0.0,0.328125,0.328125,0.018115942028985508
5,18,1,2,0.03125,0,0,0.0,0.0033650597519836456,0.0033650597519836456,0.203125,0.20686848958333331,0.0030864197530864204
5,18,1,3,0.03125,3,3,0.0,0.017540782885742567,0.017540782885742567,0.296875,0.314453125,0.07608695652173914
5,18,2,0,0.03125,0,0,0.0,0.008812990042920577,0.008812990042920577,0.0,0.008626302083333332,0.007034632034632034
5,18,2,1,0.03125,3,3,0.0,0.0,0.0,0.04166666666666667,0.061197916666666664,0.002070393374741202
5,18,2,2,0.15625,2,2,0.0,0.04216641233019014,0.04216641233019014,0.07291666666666666,0.07291666666666666,-0.025720164609053495
5,18,2,3,0.03125,3,3,0.0,0.0,0.0,0.05208333333333333,0.09033203124999999,0.08786231884057971
5,18,3,0,0.03125,0,0,0.0,0.0019915868353936883,0.0019915868353936883,0.32291666666666663,0.3347981770833333,0.02056277056277056
5,18,3,1,0.03125,1,1,0.0,0.01671405993680697,0.01671405993680697,0.24479166666666663,0.24576822916666663,0.009834368530020702
5,18,3,2,0.03125,0,0,0.0,0.0019915868353936883,0.0019915868353936883,0.2552083333333333,0.26334635416666663,0.018004115226337446
5,18,3,3,0.15625,3,3,0.0,0.0368497199601443,0.0368497199601443,0.30729166666666663,0.31770833333333326,0.07608695652173912
5,19,0,0,0.15625,0,0,0.0,0.0243417846185755,0.0243417846185755,0.06770833333333334,0.06868489583333333,-0.005411255411255411
5,19,0,1,0.03125,3,3,0.0625,0.0,0.00017462631851564853,0.15104166666666666,0.15755208333333331,0.004658385093167703
5,19,0,2,0.03125,0,0,0.15625,0.0243417846185755,0.023673053216972325,0.03645833333333333,0.03955078124999999,-0.0015432098765432096
5,19,0,3,0.03125,3,3,0.0,0.0,0.0,0.11979166666666666,0.15152994791666666,0.08605072463768117
5,19,1,0,0.03125,0,0,0.0,0.009285587833317788,0.009285587833317788,0.28125,0.2840169270833333,0.002705627705627706
5,19,1,1,0.15625,3,3,0.0,0.017697512846248653,0.017697512846248653,0.23958333333333331,0.24055989583333331,0.008799171842650106
5,19,1,2,0.03125,0,0,0.0,0.009285587833317788,0.009285587833317788,0.22916666666666663,0.23307291666666663,0.005144032921810697
5,19,1,3,0.03125,3,3,0.0,0.017697512846248653,0.017697512846248653,0.359375,0.3626302083333333,0.07065217391304347
5,19,2,0,0.03125,2,0,1.0,0.028137908192874983,0.013460587245651245,0.015624999999999997,0.03450520833333333,-0.002164502164502163
5,19,2,1,0.03125,3,3,0.0,0.004290036749752146,0.004290036749752146,0.05208333333333333,0.06331380208333333,-0.004658385093167703
5,19,2,2,0.15625,2,2,0.0,0.028137908192874983,0.028137908192874983,0.03125,0.031249999999999997,-0.022633744855967076
5,19,2,3,0.03125,3,3,0.0,0.004290036749752146,0.004290036749752146,0.05729166666666666,0.1162109375,0.09782608695652174
5,19,3,0,0.03125,0,0,0.0,0.004619360277696161,0.004619360277696161,0.2552083333333333,0.27197265625,0.013528138528138526
5,19,3,1,0.03125,1,1,0.0,0.02073543853561688,0.02073543853561688,0.30729166666666663,0.31005859375,0.013457556935817804
5,19,3,2,0.03125,0,0,0.0,0.004619360277696161,0.004619360277696161,0.19270833333333331,0.20996093749999997,0.012345679012345678
5,19,3,3,0.15625,3,3,0.0,0.03870533399026044,0.03870533399026044,0.30729166666666663,0.31884765625,0.08514492753623189
6,4,0,0,0.15625,0,0,0.0,0.012740618251547708,0.012740618251547708,0.05208333333333333,0.05208333333333333,0.0036231884057971015
6,4,0,1,0.03125,1,1,0.0,0.015792308133780075,0.015792308133780075,0.08854166666666666,0.08854166666666666,0.01539855072463768
6,4,0,2,0.03125,2,2,0.0,0.0,0.0,0.203125,0.240234375,0.10820895522388059
6,4,0,3,0.03125,3,3,0.0,0.050945779453812734,0.050945779453812734,0.11979166666666666,0.11979166666666667,0.031420765027322405
6,4,1,0,0.03125,0,0,0.0,0.0,0.0,0.041666666666666664,0.041666666666666664,0.0012077294685990335
6,4,1,1,0.15625,1,1,0.0,0.0024333893201088364,0.0024333893201088364,0.13020833333333331,0.13020833333333331,0.019021739130434784
6,4,1,2,0.03125,2,2,0.0,0.0029027436086971337,0.0029027436086971337,0.29166666666666663,0.310546875,0.11504975124378108
6,4,1,3,0.03125,3,3,0.0,0.017245023488441924,0.017245023488441924,0.08333333333333333,0.08333333333333333,0.02185792349726776
6,4,2,0,0.03125,0,0,0.0,0.0,0.0,0.109375,0.11393229166666664,0.012077294685990336
6,4,2,1,0.03125,3,0,0.5,0.01005623951969059,0.005028119759845295,0.13541666666666666,0.1494140625,0.029891304347826088
6,4,2,2,0.15625,2,2,0.0,0.05127741531639041,0.05127741531639041,0.6041666666666666,0.6092122395833333,0.13681592039800997
6,4,2,3,0.03125,3,3,0.0,0.01005623951969059,0.01005623951969059,0.203125,0.203125,0.06420765027322403
6,4,3,0,0.03125,0,0,0.0,0.021724463567969532,0.021724463567969532,0.057291666666666664,0.057291666666666664,0.012077294685990336
6,4,3,1,0.03125,1,1,0.0,0.0137114205339407,0.0137114205339407,0.026041666666666664,0.026367187499999997,0.001811594202898551
6,4,3,2,0.03125,2,2,0.0,0.0,0.0,0.09375,0.14095052083333331,0.11753731343283583
6,4,3,3,0.15625,3,3,0.0,0.05115864653847113,0.05115864653847113,0.057291666666666664,0.057291666666666664,0.015027322404371584
6,5,0,0,0.15625,0,0,0.0,0.007080601412134291,0.007080601412134291,0.05208333333333333,0.05208333333333333,0.0036231884057971006
6,5,0,1,0.03125,1,1,0.0,0.00401922516971942,0.00401922516971942,0.10416666666666667,0.10416666666666666,0.01539855072463768
6,5,0,2,0.03125,2,2,0.0,0.0,0.0,0.25,0.28076171875,0.11380597014925373
6,5,0,3,0.03125,3,3,0.0,0.03528763580283201,0.03528763580283201,0.13020833333333331,0.13020833333333331,0.03415300546448088
6,5,1,0,0.03125,0,0,0.0,0.013593014809737514,0.013593014809737514,0.06249999999999999,0.0625,0.0012077294685990335
6,5,1,1,0.15625,1,1,0.0,0.005007115602342793,0.005007115602342793,0.0625,0.0625,0.0036231884057971006
6,5,1,2,0.03125,2,2,0.0,0.0,0.0,0.22395833333333331,0.27001953125,0.10820895522388059
6,5,1,3,0.03125,3,3,0.0,0.040671996923343445,0.040671996923343445,0.09375,0.09375,0.024590163934426226
6,5,2,0,0.03125,3,1,0.59375,0.004504023341909358,0.0025217441391818876,0.08333333333333334,0.08951822916666666,-0.012077294685990336
6,5,2,1,0.03125,1,1,0.0,0.0011654478425788817,0.0011654478425788817,0.27604166666666663,0.28629557291666663,0.05615942028985508
6,5,2,2,0.15625,2,2,0.0,0.04544634825694627,0.04544634825694627,0.65625,0.65625,0.15298507462686567
6,5,2,3,0.03125,3,3,0.0,0.004504023341909358,0.004504023341909358,0.21354166666666663,0.21354166666666666,0.06557377049180327
6,5,3,0,0.03125,0,0,0.0,0.02287534599792085,0.02287534599792085,0.09895833333333333,0.09895833333333333,0.021739130434782605
6,5,3,1,0.03125,0,0,0.0,0.02287534599792085,0.02287534599792085,0.005208333333333333,0.005208333333333334,0.0009057971014492753
6,5,3,2,0.03125,2,2,0.0,0.0,0.0,0.015625,0.07340494791666666,0.10261194029850747
6,5,3,3,0.15625,3,3,0.0,0.06321634809362653,0.06321634809362653,0.09375,0.109375,0.024590163934426226
6,6,0,0,0.15625,0,0,0.0,0.015786476921933468,0.015786476921933468,0.046875,0.046875,0.0036231884057971006
6,6,0,1,0.03125,1,1,0.0,0.0,0.0,0.07291666666666666,0.08854166666666666,0.009963768115942028
6,6,0,2,0.03125,2,2,0.0,0.0011213361733082294,0.0011213361733082294,0.23958333333333331,0.2766927083333333,0.1075870646766169
6,6,0,3,0.03125,3,3,0.0,0.0363262591479625,0.0363262591479625,0.13020833333333331,0.13020833333333331,0.03415300546448087
6,6,1,0,0.03125,0,0,0.0,0.003016324190982189,0.003016324190982189,0.08333333333333334,0.08333333333333334,0.013285024154589375
6,6,1,1,0.15625,0,0,0.0,0.003016324190982189,0.003016324190982189,0.07291666666666666,0.07291666666666666,0.009963768115942028
6,6,1,2,0.03125,2,2,0.0,0.0,0.0,0.28125,0.30289713541666663,0.1187810945273632
6,6,1,3,0.03125,3,3,0.0,0.030013615487018974,0.030013615487018974,0.140625,0.140625,0.036885245901639344
6,6,2,0,0.03125,3,3,0.46875,0.006989109316149156,0.004006512351225323,0.109375,0.1142578125,-0.006038647342995172
6,6,2,1,0.03125,0,0,0.0,0.0006262357909783134,0.0006262357909783134,0.17708333333333331,0.18863932291666663,0.036231884057971016
6,6,2,2,0.15625,2,2,0.0,0.04863295215111596,0.04863295215111596,0.609375,0.6149088541666666,0.14303482587064675
6,6,2,3,0.03125,3,3,0.0,0.006989109316149156,0.006989109316149156,0.171875,0.171875,0.05737704918032788
6,6,3,0,0.03125,2,2,0.0625,0.0,0.0019982183341061693,0.03125,0.033203125,0.008454106280193236
6,6,3,1,0.03125,0,0,0.0,0.03197149334569871,0.03197149334569871,0.0,0.0016276041666666665,-0.001811594202898551
6,6,3,2,0.03125,0,2,0.78125,0.03197149334569871,0.006993764169371593,0.0,0.06201171874999999,0.11069651741293532
6,6,3,3,0.15625,3,3,0.0,0.06663623952847553,0.06663623952847553,0.13020833333333334,0.13020833333333334,0.03415300546448087
6,7,0,0,0.15625,0,0,0.0,0.01277699207193228,0.01277699207193228,0.03645833333333333,0.03645833333333333,0.002415458937198067
6,7,0,1,0.03125,0,1,1.0,0.01277699207193228,0.008653929591267095,0.05208333333333333,0.08333333333333333,0.002717391304347826
6,7,0,2,0.03125,2,2,0.0,0.0,0.0,0.21875,0.26953125,0.11007462686567164
6,7,0,3,0.03125,3,3,0.0,0.03869376395909607,0.03869376395909607,0.10416666666666666,0.10416666666666666,0.0273224043715847
6,7,1,0,0.03125,0,0,0.0,0.001393526151897917,0.001393526151897917,0.03645833333333333,0.03645833333333333,0.0024154589371980675
6,7,1,1,0.15625,1,1,0.0,0.0,0.0,0.11979166666666666,0.11979166666666666,0.017210144927536232
6,7,1,2,0.03125,2,2,0.0,0.004815869444979248,0.004815869444979248,0.265625,0.298828125,0.11815920398009949
6,7,1,3,0.03125,3,3,0.0,0.02668396428940778,0.02668396428940778,0.140625,0.140625,0.036885245901639344
6,7,2,0,0.03125,1,1,0.0,0.0,0.0,0.09895833333333333,0.10091145833333333,-3.2180377525366857e-18
6,7,2,1,0.03125,1,1,0.0,0.0,0.0,0.21354166666666666,0.21419270833333331,0.04166666666666667
6,7,2,2,0.15625,2,2,0.0,0.043143875280519106,0.043143875280519106,0.6145833333333333,0.6165364583333333,0.15236318407960198
6,7,2,3,0.03125,3,3,0.0,0.009283458970677061,0.009283458970677061,0.18229166666666666,0.18229166666666666,0.06010928961748634
6,7,3,0,0.03125,0,0,0.0,0.03297546379714722,0.03297546379714722,0.07291666666666666,0.07421875,0.018115942028985508
6,7,3,1,0.03125,1,1,0.0,0.025025677839369376,0.025025677839369376,0.031249999999999997,0.03125,0.0027173913043478256
6,7,3,2,0.03125,0,2,0.875,0.03297546379714722,0.0056860378396039885,0.0,0.040201822916666664,0.09266169154228855
6,7,3,3,0.15625,3,3,0.0,0.0726133749557285,0.0726133749557285,0.08333333333333331,0.08333333333333333,0.021857923497267756
6,8,0,0,0.15625,0,0,0.0,0.012371098953674275,0.012371098953674275,0.06249999999999999,0.06249999999999999,0.004830917874396134
6,8,0,1,0.03125,1,1,0.0,0.008731991444342557,0.008731991444342557,0.10416666666666666,0.11979166666666666,0.01721014492753623
6,8,0,2,0.03125,2,2,0.0,0.0,0.0,0.17708333333333331,0.21907552083333331,0.10074626865671642
6,8,0,3,0.03125,3,3,0.0,0.04808771014183699,0.04808771014183699,0.16666666666666666,0.16666666666666666,0.043715846994535526
6,8,1,0,0.03125,0,0,0.0,0.007601211300746091,0.007601211300746091,0.078125,0.078125,0.00966183574879227
6,8,1,1,0.15625,0,0,0.03125,0.007601211300746091,0.007810281917748806,0.041666666666666664,0.04296875,0.014492753623188404
6,8,1,2,0.03125,2,2,0.0,0.0,0.0,0.234375,0.26334635416666663,0.11318407960199005
6,8,1,3,0.03125,3,3,0.0,0.049452758072101366,0.049452758072101366,0.14583333333333331,0.14583333333333334,0.03825136612021858
6,8,2,0,0.03125,0,0,0.0,0.0,0.0,0.11979166666666666,0.11979166666666664,0.014492753623188404
6,8,2,1,0.03125,1,1,0.0,0.004496896690098673,0.004496896690098673,0.140625,0.1484375,0.029891304347826088
6,8,2,2,0.15625,2,2,0.0,0.04575322830202189,0.04575322830202189,0.640625,0.6513671874999999,0.15422885572139303
6,8,2,3,0.03125,3,3,0.0,0.009314510431189915,0.009314510431189915,0.22916666666666663,0.22916666666666666,0.07240437158469946
6,8,3,0,0.03125,1,1,0.0,0.022111392268892582,0.022111392268892582,0.020833333333333332,0.024088541666666664,0.007246376811594203
6,8,3,1,0.03125,1,1,0.0,0.022111392268892582,0.022111392268892582,0.026041666666666668,0.026041666666666668,0.0009057971014492753
6,8,3,2,0.03125,0,2,0.90625,0.03735977037935434,0.005575421498273149,0.0,0.050455729166666664,0.10261194029850747
6,8,3,3,0.15625,3,3,0.0,0.0747187732771265,0.0747187732771265,0.11458333333333333,0.11458333333333333,0.030054644808743168
6,9,0,0,0.15625,0,0,0.0,0.009186152500239353,0.009186152500239353,0.07291666666666666,0.07291666666666666,0.009661835748792268
6,9,0,1,0.03125,1,1,0.0,0.0,0.0,0.09374999999999999,0.09375,0.012681159420289854
6,9,0,2,0.03125,2,2,0.0,0.0002702349146205263,0.0002702349146205263,0.24479166666666663,0.28190104166666663,0.10696517412935322
6,9,0,3,0.03125,3,3,0.0,0.03622371181673645,0.03622371181673645,0.11458333333333331,0.11458333333333331,0.030054644808743168
6,9,1,0,0.03125,0,0,0.0,0.017165139174843302,0.017165139174843302,0.046875,0.046875,0.0
6,9,1,1,0.15625,0,0,0.0,0.017165139174843302,0.017165139174843302,0.03645833333333333,0.03645833333333333,0.005434782608695652
6,9,1,2,0.03125,2,2,0.0,0.0,0.0,0.234375,0.2708333333333333,0.11380597014925373
6,9,1,3,0.03125,3,3,0.0,0.042428296704775104,0.042428296704775104,0.13020833333333334,0.13020833333333334,0.03415300546448087
6,9,2,0,0.03125,3,3,0.0,0.001264952447012746,0.001264952447012746,0.078125,0.0830078125,-0.002415458937198066
6,9,2,1,0.03125,0,0,0.0,0.0,0.0,0.11979166666666666,0.12532552083333331,0.024456521739130436
6,9,2,2,0.15625,2,2,0.0,0.05790977951493259,0.05790977951493259,0.5520833333333333,0.57958984375,0.14303482587064675
6,9,2,3,0.03125,3,3,0.0,0.001264952447012746,0.001264952447012746,0.20833333333333331,0.20833333333333331,0.06830601092896174
6,9,3,0,0.03125,2,2,0.0,0.0,0.0,0.078125,0.08072916666666666,0.020531400966183572
6,9,3,1,0.03125,1,1,0.0,0.030985515859156876,0.030985515859156876,0.026041666666666668,0.028157552083333336,0.007246376811594204
6,9,3,2,0.03125,0,2,0.71875,0.028746616624183208,0.00905328329615018,0.0,0.05582682291666666,0.10323383084577113
6,9,3,3,0.15625,1,1,0.0,0.030985515859156876,0.030985515859156876,0.11458333333333333,0.11458333333333333,0.030054644808743168
6,10,0,0,0.15625,0,0,0.0,0.009362442359629464,0.009362442359629464,0.046875,0.046875,0.0024154589371980675
6,10,0,1,0.03125,1,1,0.0,0.005866899873451903,0.005866899873451903,0.09895833333333333,0.09895833333333333,0.017210144927536232
6,10,0,2,0.03125,2,2,0.0,0.0,0.0,0.265625,0.2888997395833333,0.11567164179104478
6,10,0,3,0.03125,3,3,0.0,0.04202987772791,0.04202987772791,0.125,0.125,0.032786885245901634
6,10,1,0,0.03125,0,0,0.0,0.009443416927647719,0.009443416927647719,0.05208333333333333,0.05208333333333333,0.001207729468599035
6,10,1,1,0.15625,0,0,0.0,0.009443416927647719,0.009443416927647719,0.06770833333333333,0.06770833333333333,0.009057971014492752
6,10,1,2,0.03125,2,2,0.0,0.0,0.0,0.26041666666666663,0.27945963541666663,0.10572139303482588
6,10,1,3,0.03125,3,3,0.0,0.04206723788494626,0.04206723788494626,0.11458333333333333,0.11458333333333334,0.030054644808743168
6,10,2,0,0.03125,3,0,1.0,0.0031473665763049885,0.0018167643701632041,0.08333333333333331,0.10156249999999997,0.0012077294685990327
6,10,2,1,0.03125,0,0,0.0,0.0018167643701632041,0.0018167643701632041,0.16666666666666666,0.17317708333333331,0.03351449275362319
6,10,2,2,0.15625,2,2,0.0,0.04848133110544206,0.04848133110544206,0.6354166666666666,0.646484375,0.14676616915422883
6,10,2,3,0.03125,3,3,0.0,0.0031473665763049885,0.0031473665763049885,0.1875,0.1875,0.05874316939890711
6,10,3,0,0.03125,2,2,0.21875,0.0,0.005951258845934015,0.03125,0.03352864583333333,0.008454106280193236
6,10,3,1,0.03125,1,1,0.0,0.02720575472426978,0.02720575472426978,0.04166666666666667,0.04231770833333334,0.007246376811594202
6,10,3,2,0.03125,2,2,0.0,0.0,0.0,0.03125,0.08463541666666666,0.09825870646766167
6,10,3,3,0.15625,3,3,0.0,0.06910207145095693,0.06910207145095693,0.09375,0.09375,0.024590163934426226
6,11,0,0,0.15625,0,0,0.0,0.016608055212256168,0.016608055212256168,0.041666666666666664,0.041666666666666664,0.0012077294685990327
6,11,0,1,0.03125,1,1,0.0,0.003092158386066579,0.003092158386066579,0.109375,0.12499999999999999,0.016304347826086953
6,11,0,2,0.03125,2,2,0.0,0.0,0.0,0.22916666666666666,0.27457682291666663,0.10758706467661691
6,11,0,3,0.03125,3,3,0.0,0.04884675550635875,0.04884675550635875,0.140625,0.140625,0.036885245901639344
6,11,1,0,0.03125,0,0,0.0,0.002717832874682302,0.002717832874682302,0.06770833333333333,0.06770833333333333,0.010869565217391304
6,11,1,1,0.15625,0,0,0.21875,0.002717832874682302,0.004103240469676812,0.06770833333333334,0.10872395833333333,0.016304347826086956
6,11,1,2,0.03125,2,2,0.0,0.0,0.0,0.26041666666666663,0.27880859375,0.11629353233830846
6,11,1,3,0.03125,3,3,0.0,0.031095777075891506,0.031095777075891506,0.10937499999999999,0.10937499999999999,0.02868852459016393
6,11,2,0,0.03125,0,0,0.0,0.0,0.0,0.109375,0.1103515625,0.007246376811594205
6,11,2,1,0.03125,1,1,0.0,0.0036946262553645415,0.0036946262553645415,0.203125,0.21435546874999997,0.04619565217391304
6,11,2,2,0.15625,2,2,0.0,0.052282273379877564,0.052282273379877564,0.5729166666666666,0.5729166666666666,0.1293532338308458
6,11,2,3,0.03125,3,3,0.0,0.012016788671521561,0.012016788671521561,0.23437499999999997,0.234375,0.07103825136612021
6,11,3,0,0.03125,0,0,0.0,0.02949796068990873,0.02949796068990873,0.08333333333333333,0.08561197916666666,0.020531400966183572
6,11,3,1,0.03125,1,1,0.0,0.028067184152714586,0.028067184152714586,0.036458333333333336,0.03645833333333333,0.004528985507246376
6,11,3,2,0.03125,0,2,0.84375,0.02949796068990873,0.004609056357798239,0.0,0.057291666666666664,0.10323383084577113
6,11,3,3,0.15625,3,3,0.0,0.06790141606271172,0.06790141606271172,0.08333333333333333,0.08333333333333333,0.02185792349726776
6,12,0,0,0.15625,0,0,0.0,0.01429951201920665,0.01429951201920665,0.041666666666666664,0.041666666666666664,0.0
6,12,0,1,0.03125,0,1,1.0,0.01429951201920665,0.004430806473453286,0.11458333333333331,0.13020833333333331,0.019927536231884056
6,12,0,2,0.03125,2,2,0.0,0.0,0.0,0.22395833333333331,0.2649739583333333,0.11318407960199003
6,12,0,3,0.03125,3,3,0.0,0.03662846020863908,0.03662846020863908,0.13020833333333331,0.13020833333333334,0.03415300546448088
6,12,1,0,0.03125,0,0,0.0,0.014331022318627706,0.014331022318627706,0.05729166666666667,0.057291666666666664,0.004830917874396134
6,12,1,1,0.15625,0,0,0.0625,0.014331022318627706,0.014294878482418477,0.03125,0.03255208333333333,0.009057971014492752
6,12,1,2,0.03125,2,2,0.0,0.0,0.0,0.203125,0.25553385416666663,0.10945273631840796
6,12,1,3,0.03125,3,3,0.0,0.04222039468842198,0.04222039468842198,0.09375,0.09375,0.024590163934426226
6,12,2,0,0.03125,1,1,0.0,0.0,0.0,0.07291666666666666,0.07747395833333333,-0.0012077294685990312
6,12,2,1,0.03125,0,0,0.0,0.0010458031903082254,0.0010458031903082254,0.18229166666666669,0.189453125,0.034420289855072464
6,12,2,2,0.15625,2,2,0.0,0.04374477019080569,0.04374477019080569,0.6458333333333333,0.6510416666666666,0.15360696517412933
6,12,2,3,0.03125,3,3,0.0,0.008435546493580914,0.008435546493580914,0.20833333333333331,0.20833333333333331,0.06557377049180328
6,12,3,0,0.03125,0,0,0.0,0.023752823257637612,0.023752823257637612,0.08333333333333333,0.08593749999999999,0.020531400966183572
6,12,3,1,0.03125,0,0,0.15625,0.023752823257637612,0.025365362246516247,0.0,0.013997395833333332,0.003623188405797101
6,12,3,2,0.03125,2,2,0.0,0.0,0.0,0.015625,0.06656901041666666,0.10074626865671642
6,12,3,3,0.15625,3,3,0.0,0.06370284664194581,0.06370284664194581,0.12499999999999999,0.12499999999999999,0.032786885245901634
6,13,0,0,0.15625,0,0,0.0,0.017642059599151882,0.017642059599151882,0.046875,0.046875,0.002415458937198067
6,13,0,1,0.03125,1,1,0.0,0.011000018821836322,0.011000018821836322,0.10937499999999999,0.10937499999999999,0.019021739130434784
6,13,0,2,0.03125,2,2,0.0,0.0,0.0,0.20833333333333331,0.25895182291666663,0.11380597014925373
6,13,0,3,0.03125,3,3,0.0,0.04601167205823875,0.04601167205823875,0.13541666666666666,0.13541666666666669,0.03551912568306011
6,13,1,0,0.03125,0,0,0.0,0.0,0.0,0.05208333333333333,0.05208333333333333,0.0036231884057971015
6,13,1,1,0.15625,0,0,0.125,0.0,0.001405336707828983,0.078125,0.10156249999999997,0.01539855072463768
6,13,1,2,0.03125,2,2,0.0,0.00159458236111365,0.00159458236111365,0.2708333333333333,0.29443359375,0.10945273631840796
6,13,1,3,0.03125,1,1,0.0,0.011242693662631864,0.011242693662631864,0.08333333333333333,0.08333333333333333,0.02185792349726776
6,13,2,0,0.03125,0,0,0.0,0.0,0.0,0.11979166666666666,0.11979166666666666,0.008454106280193236
6,13,2,1,0.03125,1,1,0.0,0.0009433759288133281,0.0009433759288133281,0.16145833333333331,0.16438802083333331,0.036231884057971016
6,13,2,2,0.15625,2,2,0.0,0.04738589524449921,0.04738589524449921,0.6666666666666666,0.66796875,0.14738805970149255
6,13,2,3,0.03125,3,3,0.0,0.009981159169285547,0.009981159169285547,0.16666666666666666,0.16666666666666666,0.054644808743169404
6,13,3,0,0.03125,0,0,0.0,0.028244927202336734,0.028244927202336734,0.07291666666666667,0.0791015625,0.020531400966183572
6,13,3,1,0.03125,1,1,0.0,0.024872933603021563,0.024872933603021563,0.04166666666666667,0.04329427083333334,0.005434782608695651
6,13,3,2,0.03125,2,2,0.0,0.0,0.0,0.015625,0.0751953125,0.1044776119402985
6,13,3,3,0.15625,3,3,0.0,0.07869539014873017,0.07869539014873017,0.13020833333333331,0.13020833333333331,0.03415300546448087
6,14,0,0,0.15625,0,0,0.0,0.018575117323604506,0.018575117323604506,0.0625,0.0625,0.007246376811594203
6,14,0,1,0.03125,0,0,0.0,0.018575117323604506,0.018575117323604506,0.06249999999999999,0.06249999999999999,0.008152173913043478
6,14,0,2,0.03125,2,2,0.0,0.0,0.0,0.1875,0.23307291666666666,0.10261194029850747
6,14,0,3,0.03125,3,3,0.0,0.04762610047840965,0.04762610047840965,0.10416666666666666,0.10416666666666667,0.027322404371584702
6,14,1,0,0.03125,0,0,0.0,0.013047745550922918,0.013047745550922918,0.05208333333333333,0.05208333333333333,0.0036231884057971015
6,14,1,1,0.15625,1,1,0.0,0.009446574056916734,0.009446574056916734,0.08854166666666666,0.08854166666666666,0.01539855072463768
6,14,1,2,0.03125,2,2,0.0,0.0,0.0,0.18229166666666666,0.21630859374999997,0.09577114427860696
6,14,1,3,0.03125,3,3,0.0,0.04054957026313977,0.04054957026313977,0.11979166666666666,0.11979166666666667,0.031420765027322405
6,14,2,0,0.03125,3,3,0.0,0.008521933878117949,0.008521933878117949,0.078125,0.0810546875,-0.0012077294685990327
6,14,2,1,0.03125,0,0,0.0,0.003448494740082353,0.003448494740082353,0.16145833333333331,0.16145833333333331,0.03260869565217391
6,14,2,2,0.15625,2,2,0.0,0.05089354986460726,0.05089354986460726,0.609375,0.6103515625,0.1424129353233831
6,14,2,3,0.03125,3,3,0.0,0.008521933878117949,0.008521933878117949,0.15624999999999997,0.15625,0.054644808743169404
6,14,3,0,0.03125,0,0,0.0,0.025190249632058515,0.025190249632058515,0.08333333333333333,0.08463541666666666,0.01932367149758454
6,14,3,1,0.03125,1,1,0.0,0.028524867477710547,0.028524867477710547,0.031249999999999997,0.03125,0.007246376811594204
6,14,3,2,0.03125,0,2,0.78125,0.025190249632058515,0.0055103671070128,0.0,0.052734375,0.10074626865671642
6,14,3,3,0.15625,3,3,0.0,0.06606764470725468,0.06606764470725468,0.09895833333333333,0.09895833333333334,0.025956284153005462
6,15,0,0,0.15625,0,0,0.0,0.016346474340209194,0.016346474340209194,0.046875,0.046875,0.006038647342995168
6,15,0,1,0.03125,0,1,1.0,0.016346474340209194,0.005425982391812023,0.06249999999999999,0.078125,0.010869565217391302
6,15,0,2,0.03125,2,2,0.0,0.0,0.0,0.20833333333333331,0.25764973958333326,0.10261194029850747
6,15,0,3,0.03125,3,3,0.0,0.04064024289788992,0.04064024289788992,0.125,0.125,0.032786885245901634
6,15,1,0,0.03125,0,0,0.0,0.0033291575796577932,0.0033291575796577932,0.06249999999999999,0.06249999999999999,0.0036231884057971015
6,15,1,1,0.15625,0,0,0.0,0.0033291575796577932,0.0033291575796577932,0.057291666666666664,0.057291666666666664,0.009057971014492752
6,15,1,2,0.03125,2,2,0.0,0.0,0.0,0.2708333333333333,0.2928059895833333,0.11629353233830846
6,15,1,3,0.03125,3,3,0.0,0.03467343985791638,0.03467343985791638,0.15625,0.15625,0.040983606557377046
6,15,2,0,0.03125,0,0,0.0,0.0,0.0,0.13020833333333331,0.13020833333333331,0.00845410628019324
6,15,2,1,0.03125,1,1,0.0,0.005006246176383344,0.005006246176383344,0.19791666666666663,0.20491536458333334,0.0407608695652174
6,15,2,2,0.15625,2,2,0.0,0.05263017973072315,0.05263017973072315,0.6197916666666666,0.62451171875,0.13930348258706465
6,15,2,3,0.03125,1,1,0.0,0.005006246176383344,0.005006246176383344,0.18229166666666666,0.18229166666666666,0.06010928961748633
6,15,3,0,0.03125,2,2,0.0,0.0,0.0,0.09375,0.09375,0.020531400966183572
6,15,3,1,0.03125,0,0,0.0,0.027125687694343426,0.027125687694343426,0.005208333333333333,0.005859375,-0.001811594202898551
6,15,3,2,0.03125,0,2,0.8125,0.027125687694343426,0.0059521156439262535,0.0,0.05550130208333333,0.09328358208955223
6,15,3,3,0.15625,3,3,0.0,0.06232557483954981,0.06232557483954981,0.08333333333333334,0.08333333333333334,0.02185792349726776
6,16,0,0,0.15625,0,0,0.0,0.007953460208986907,0.007953460208986907,0.03645833333333333,0.03645833333333333,0.0
6,16,0,1,0.03125,0,0,0.0,0.007953460208986907,0.007953460208986907,0.08854166666666666,0.08854166666666666,0.01539855072463768
6,16,0,2,0.03125,2,2,0.0,0.0,0.0,0.21875,0.25504557291666663,0.10509950248756218
6,16,0,3,0.03125,3,3,0.0,0.0444253564045658,0.0444253564045658,0.13541666666666666,0.13541666666666666,0.03551912568306011
6,16,1,0,0.03125,0,0,0.0,0.006912240457840113,0.006912240457840113,0.046875,0.046875,-0.0012077294685990344
6,16,1,1,0.15625,0,0,0.0,0.006912240457840113,0.006912240457840113,0.046875,0.046875,0.0009057971014492745
6,16,1,2,0.03125,2,2,0.0,0.0,0.0,0.265625,0.28173828125,0.10883084577114427
6,16,1,3,0.03125,3,3,0.0,0.04072015671174711,0.04072015671174711,0.140625,0.140625,0.036885245901639344
6,16,2,0,0.03125,1,1,0.28125,0.003045608802186628,0.002189031326571639,0.07291666666666666,0.07633463541666667,-0.0024154589371980653
6,16,2,1,0.03125,1,1,0.0,0.003045608802186628,0.003045608802186628,0.24999999999999997,0.25341796875,0.05163043478260869
6,16,2,2,0.15625,2,2,0.0,0.05134585241511025,0.05134585241511025,0.6354166666666666,0.64306640625,0.13619402985074627
6,16,2,3,0.03125,3,3,0.0,0.008792762740620796,0.008792762740620796,0.18229166666666666,0.18229166666666666,0.06010928961748634
6,16,3,0,0.03125,0,0,0.0,0.02601419513493619,0.02601419513493619,0.06770833333333333,0.07259114583333331,0.01932367149758454
6,16,3,1,0.03125,1,1,0.0,0.028130902632154786,0.028130902632154786,0.03645833333333333,0.03645833333333333,0.006340579710144927
6,16,3,2,0.03125,0,2,0.6875,0.02601419513493619,0.00812943597966756,0.0,0.04850260416666666,0.10385572139303482
6,16,3,3,0.15625,3,3,0.0,0.07349871369758187,0.07349871369758187,0.10937499999999999,0.109375,0.028688524590163935
6,17,0,0,0.15625,0,0,0.0,0.01584110414470885,0.01584110414470885,0.046875,0.046875,0.002415458937198067
6,17,0,1,0.03125,1,1,0.0,0.016813144532749846,0.016813144532749846,0.10416666666666666,0.10416666666666666,0.018115942028985504
6,17,0,2,0.03125,2,2,0.0,0.0,0.0,0.22395833333333331,0.2674153645833333,0.1144278606965174
6,17,0,3,0.03125,3,3,0.0,0.053799826677625284,0.053799826677625284,0.16666666666666666,0.16666666666666666,0.04371584699453552
6,17,1,0,0.03125,0,0,0.0,0.011790165518348883,0.011790165518348883,0.05208333333333333,0.05208333333333333,0.002415458937198067
6,17,1,1,0.15625,0,0,0.0,0.011790165518348883,0.011790165518348883,0.046875,0.046875,0.006340579710144927
6,17,1,2,0.03125,2,2,0.0,0.0,0.0,0.24479166666666666,0.2786458333333333,0.10509950248756218
6,17,1,3,0.03125,3,3,0.0,0.028614420320749567,0.028614420320749567,0.09375,0.09375,0.024590163934426226
6,17,2,0,0.03125,0,0,0.0,0.0,0.0,0.109375,0.10937499999999999,-0.0024154589371980653
6,17,2,1,0.03125,1,1,0.0,0.0016585971214979622,0.0016585971214979622,0.17708333333333331,0.17773437499999997,0.03713768115942029
6,17,2,2,0.15625,2,2,0.0,0.04882816059496564,0.04882816059496564,0.6354166666666666,0.6427408854166666,0.1442786069651741
6,17,2,3,0.03125,3,3,0.0,0.008821841791652352,0.008821841791652352,0.18749999999999997,0.18880208333333331,0.06420765027322403
6,17,3,0,0.03125,0,0,0.0,0.024209749511193035,0.024209749511193035,0.05729166666666666,0.057291666666666664,0.012077294685990336
6,17,3,1,0.03125,0,0,0.1875,0.024209749511193035,0.023954799239741704,0.015625,0.01953125,0.004528985507246376
6,17,3,2,0.03125,2,2,0.0,0.0,0.0,0.078125,0.12516276041666666,0.097636815920398
6,17,3,3,0.15625,3,3,0.0,0.04978403538231879,0.04978403538231879,0.078125,0.078125,0.02049180327868852
6,18,0,0,0.15625,0,0,0.0,0.006492422136553433,0.006492422136553433,0.036458333333333336,0.03645833333333333,0.0024154589371980675
6,18,0,1,0.03125,0,0,0.0,0.006492422136553433,0.006492422136553433,0.078125,0.07812499999999999,0.01358695652173913
6,18,0,2,0.03125,2,2,0.0,0.0,0.0,0.20833333333333331,0.24332682291666663,0.1013681592039801
6,18,0,3,0.03125,3,3,0.0,0.02819079513448719,0.02819079513448719,0.11979166666666666,0.11979166666666666,0.031420765027322405
6,18,1,0,0.03125,0,0,0.0,0.028842768497391313,0.028842768497391313,0.05208333333333333,0.05208333333333333,0.010869565217391302
6,18,1,1,0.15625,1,1,0.0,0.027324203077693454,0.027324203077693454,0.026041666666666668,0.027018229166666664,0.0027173913043478256
6,18,1,2,0.03125,2,2,0.0,0.0,0.0,0.0625,0.11751302083333331,0.11318407960199005
6,18,1,3,0.03125,3,3,0.0,0.06747476673956498,0.06747476673956498,0.14583333333333331,0.14583333333333331,0.03825136612021858
6,18,2,0,0.03125,0,0,0.0,0.0,0.0,0.11458333333333333,0.11458333333333333,0.009661835748792272
6,18,2,1,0.03125,0,0,0.0,0.0,0.0,0.16145833333333331,0.16341145833333331,0.03260869565217391
6,18,2,2,0.15625,2,2,0.0,0.046159443326440286,0.046159443326440286,0.6145833333333333,0.6279296875,0.15298507462686567
6,18,2,3,0.03125,3,3,0.0,0.007412191048799088,0.007412191048799088,0.17187499999999997,0.171875,0.05737704918032786
6,18,3,0,0.03125,0,0,0.0,0.02418282431480101,0.02418282431480101,0.140625,0.140625,0.03502415458937198
6,18,3,1,0.03125,0,0,0.0,0.02418282431480101,0.02418282431480101,0.005208333333333333,0.005208333333333333,-0.0009057971014492756
6,18,3,2,0.03125,2,2,0.0,0.0,0.0,0.015625,0.06575520833333333,0.10074626865671642
6,18,3,3,0.15625,3,3,0.0,0.07225644539872522,0.07225644539872522,0.109375,0.109375,0.028688524590163935
6,19,0,0,0.15625,0,0,0.0,0.01987227325997376,0.01987227325997376,0.05208333333333333,0.05208333333333333,0.006038647342995168
6,19,0,1,0.03125,1,1,0.0,0.017039780616473377,0.017039780616473377,0.13541666666666666,0.13541666666666666,0.023550724637681156
6,19,0,2,0.03125,2,2,0.0,0.0,0.0,0.125,0.16341145833333331,0.09577114427860696
6,19,0,3,0.03125,3,3,0.0,0.043543744830499276,0.043543744830499276,0.11458333333333333,0.11458333333333331,0.030054644808743168
6,19,1,0,0.03125,0,0,0.0,0.011836501356150775,0.011836501356150775,0.06770833333333333,0.06770833333333333,0.00603864734299517
6,19,1,1,0.15625,1,1,0.0,0.016021465254419165,0.016021465254419165,0.057291666666666664,0.057291666666666664,0.009057971014492752
6,19,1,2,0.03125,2,2,0.0,0.0,0.0,0.2552083333333333,0.28173828125,0.125
6,19,1,3,0.03125,3,3,0.0,0.052208445063009146,0.052208445063009146,0.11979166666666666,0.11979166666666666,0.0314207650273224
6,19,2,0,0.03125,3,3,0.40625,0.008357098412752562,0.0049620271825718335,0.125,0.12923177083333331,0.014492753623188406
6,19,2,1,0.03125,1,1,0.0,0.002699532308050756,0.002699532308050756,0.13541666666666666,0.14485677083333331,0.02807971014492754
6,19,2,2,0.15625,2,2,0.0,0.04951530724180497,0.04951530724180497,0.65625,0.6569010416666666,0.13992537313432835
6,19,2,3,0.03125,3,3,0.0,0.008357098412752562,0.008357098412752562,0.171875,0.171875,0.054644808743169404
6,19,3,0,0.03125,2,2,0.0,0.0,0.0,0.05729166666666666,0.057291666666666664,0.012077294685990338
6,19,3,1,0.03125,1,1,0.0,0.021837372171523706,0.021837372171523706,0.031249999999999997,0.03125,0.005434782608695651
6,19,3,2,0.03125,0,2,0.8125,0.019937927111686293,0.004420779213801296,0.0,0.05843098958333333,0.0945273631840796
6,19,3,3,0.15625,3,3,0.0,0.06227692734349721,0.06227692734349721,0.08854166666666667,0.08854166666666666,0.023224043715846993
7,4,0,0,0.15625,0,0,0.0,0.03198809829933991,0.03198809829933991,0.2864583333333333,0.2874348958333333,0.005434782608695652
7,4,0,1,0.03125,1,1,0.0,0.0016601837545968667,0.0016601837545968667,0.08854166666666666,0.08854166666666666,0.018072289156626502
7,4,0,2,0.03125,0,2,0.71875,0.03198809829933991,0.009567340812332022,0.0,0.022786458333333332,0.03314393939393939
7,4,0,3,0.03125,2,2,0.0,0.0,0.0,0.05208333333333333,0.05501302083333333,-0.0030441400304414006
7,4,1,0,0.03125,0,0,0.0,0.05606613084494816,0.05606613084494816,0.22395833333333331,0.24576822916666663,0.051630434782608696
7,4,1,1,0.15625,2,2,0.0,0.0008836797381015504,0.0008836797381015504,0.16145833333333331,0.16145833333333331,0.013052208835341366
7,4,1,2,0.03125,2,2,0.0,0.0008836797381015504,0.0008836797381015504,0.39062499999999994,0.4033203125,0.0990530303030303
7,4,1,3,0.03125,3,3,0.0,0.03739719343587056,0.03739719343587056,0.03645833333333333,0.09423828125,-0.00038051750380517496
7,4,2,0,0.03125,0,0,0.0,0.04534959372884939,0.04534959372884939,0.13541666666666666,0.16357421875,0.06340579710144927
7,4,2,1,0.03125,2,2,0.09375,0.0,0.0013766101056823382,-0.04166666666666667,0.029296875,0.009036144578313253
7,4,2,2,0.15625,2,2,0.0,0.0,0.0,0.4895833333333333,0.49983723958333326,0.13143939393939394
7,4,2,3,0.03125,3,3,0.0,0.012947950165586808,0.012947950165586808,0.09895833333333333,0.09944661458333333,-0.00038051750380517523
7,4,3,0,0.03125,0,0,0.0,0.07152975036794118,0.07152975036794118,0.21875,0.23518880208333331,0.03791407867494823
7,4,3,1,0.03125,2,2,0.0,0.0,0.0,0.15625,0.15625,0.015060240963855422
7,4,3,2,0.03125,2,2,0.0,0.0,0.0,0.12499999999999999,0.15559895833333331,0.07462121212121212
7,4,3,3,0.15625,1,1,0.0,0.008607875578905855,0.008607875578905855,0.041666666666666664,0.06184895833333333,0.003805175038051751
7,5,0,0,0.15625,0,0,0.0,0.034802736347377294,0.034802736347377294,0.265625,0.265625,0.006469979296066252
7,5,0,1,0.03125,1,1,0.0,0.004501982727423304,0.004501982727423304,0.08333333333333333,0.08561197916666666,0.019076305220883535
7,5,0,2,0.03125,0,0,0.625,0.034802736347377294,0.014598582692818246,0.0,0.019856770833333332,0.03049242424242424
7,5,0,3,0.03125,2,2,0.0,0.0,0.0,0.02083333333333333,0.0400390625,-0.008751902587519025
7,5,1,0,0.03125,0,0,0.0,0.05544810595928118,0.05544810595928118,0.19791666666666666,0.24332682291666663,0.06909937888198757
7,5,1,1,0.15625,1,1,0.0,0.0,0.0,0.140625,0.140625,0.004016064257028111
7,5,1,2,0.03125,2,2,0.0,0.003943792445161409,0.003943792445161409,0.43229166666666663,0.44270833333333326,0.09545454545454546
7,5,1,3,0.03125,1,1,0.1875,0.0,0.001749510114964957,-0.010416666666666671,0.04361979166666666,0.0003805175038051742
7,5,2,0,0.03125,0,0,0.0,0.047249768912777546,0.047249768912777546,0.15625,0.19059244791666663,0.06961697722567287
7,5,2,1,0.03125,2,2,0.0,0.0,0.0,0.09375,0.09375,0.004016064257028111
7,5,2,2,0.15625,2,2,0.0,0.0,0.0,0.5104166666666666,0.5213216145833333,0.11477272727272728
7,5,2,3,0.03125,3,3,0.0,0.017289529870955778,0.017289529870955778,0.078125,0.08268229166666666,-0.006468797564687975
7,5,3,0,0.03125,0,0,0.0,0.07064192681585213,0.07064192681585213,0.2708333333333333,0.29557291666666663,0.04438405797101449
7,5,3,1,0.03125,2,2,0.09375,0.0,0.0010181050892436316,0.15625,0.1572265625,0.01506024096385542
7,5,3,2,0.03125,2,2,0.0,0.0,0.0,0.26041666666666663,0.29117838541666663,0.07878787878787878
7,5,3,3,0.15625,3,3,0.0,0.04407446258109493,0.04407446258109493,0.06249999999999999,0.06331380208333333,-0.0030441400304413997
7,6,0,0,0.15625,0,0,0.0,0.03614337607028861,0.03614337607028861,0.234375,0.23714192708333331,0.004787784679089026
7,6,0,1,0.03125,2,2,0.09375,0.0,0.00032535884201849094,0.078125,0.07991536458333333,0.014056224899598391
7,6,0,2,0.03125,0,0,0.625,0.03614337607028861,0.014421389605074206,0.0,0.0224609375,0.036742424242424236
7,6,0,3,0.03125,1,1,0.03125,0.0034704943148639034,0.0033620413675244064,0.010416666666666664,0.03987630208333333,0.0019025875190258753
7,6,1,0,0.03125,0,0,0.0,0.047512947992215504,0.047512947992215504,0.22916666666666663,0.2508138020833333,0.05758281573498964
7,6,1,1,0.15625,1,1,0.0,0.0,0.0,0.22395833333333331,0.22395833333333331,0.03313253012048192
7,6,1,2,0.03125,2,2,0.0,0.0003667150829552712,0.0003667150829552712,0.390625,0.39664713541666663,0.09450757575757575
7,6,1,3,0.03125,3,3,0.0,0.018374350764854386,0.018374350764854386,0.08854166666666666,0.09521484375,0.00038051750380517675
7,6,2,0,0.03125,0,0,0.0,0.04722189826173517,0.04722189826173517,0.14583333333333331,0.19010416666666663,0.07712215320910971
7,6,2,1,0.03125,1,1,0.0,0.0,0.0,0.16666666666666666,0.17171223958333331,0.02108433734939759
7,6,2,2,0.15625,1,1,0.0,0.0,0.0,0.515625,0.5208333333333333,0.11401515151515151
7,6,2,3,0.03125,3,3,0.0,0.007151651989010466,0.007151651989010466,0.05729166666666666,0.06689453125,-0.0007610350076103507
7,6,3,0,0.03125,0,0,0.0,0.06177224321111818,0.06177224321111818,0.22916666666666663,0.25048828124999994,0.050983436853002065
7,6,3,1,0.03125,2,2,0.28125,0.0,0.0020830588896094022,0.13541666666666666,0.138671875,0.01706827309236948
7,6,3,2,0.03125,2,2,0.0,0.0,0.0,0.390625,0.39501953124999994,0.08068181818181819
7,6,3,3,0.15625,3,3,0.0,0.015347666952413297,0.015347666952413297,0.05208333333333333,0.05517578124999999,0.007229832572298326
7,7,0,0,0.15625,0,0,0.0,0.03508141450924673,0.03508141450924673,0.24479166666666666,0.24658203124999997,0.006599378881987578
7,7,0,1,0.03125,2,2,0.0,0.0,0.0,0.08854166666666666,0.08984374999999999,0.019076305220883532
7,7,0,2,0.03125,0,0,0.59375,0.03508141450924673,0.017426926373172415,0.0,0.016276041666666664,0.03465909090909091
7,7,0,3,0.03125,2,2,0.0,0.0,0.0,0.036458333333333336,0.049967447916666664,-0.001522070015220699
7,7,1,0,0.03125,0,0,0.0,0.049621227593368844,0.049621227593368844,0.21354166666666663,0.23681640624999997,0.06534679089026914
7,7,1,1,0.15625,2,2,0.09375,0.0,0.00021294898630006345,0.17708333333333331,0.17805989583333331,0.01706827309236948
7,7,1,2,0.03125,2,2,0.0,0.0,0.0,0.4270833333333333,0.4345703125,0.08844696969696969
7,7,1,3,0.03125,3,3,0.0625,0.0010438533464548483,0.0011205785031681292,0.07291666666666666,0.09684244791666666,0.0091324200913242
7,7,2,0,0.03125,0,0,0.0,0.0501797617446208,0.0501797617446208,0.16666666666666666,0.21565755208333331,0.08333333333333333
7,7,2,1,0.03125,1,1,0.0,0.0,0.0,0.125,0.125,0.013052208835341366
7,7,2,2,0.15625,1,1,0.375,0.0,0.0023094019798763077,0.46874999999999994,0.47656249999999994,0.11306818181818182
7,7,2,3,0.03125,1,1,0.34375,0.0,0.0005774546831261544,-0.010416666666666664,0.04720052083333333,0.01141552511415525
7,7,3,0,0.03125,0,0,0.0,0.06898333675468538,0.06898333675468538,0.27604166666666663,0.29313151041666663,0.04593685300207039
7,7,3,1,0.03125,2,2,0.1875,0.0,0.0016081771789357782,0.140625,0.142578125,0.01104417670682731
7,7,3,2,0.03125,2,2,0.0,0.0,0.0,0.3177083333333333,0.33072916666666663,0.0865530303030303
7,7,3,3,0.15625,3,3,0.0,0.029628388811474005,0.029628388811474005,0.05729166666666666,0.06298828125,-0.003424657534246576
7,8,0,0,0.15625,0,0,0.0,0.038302844396421065,0.038302844396421065,0.26041666666666663,0.26334635416666663,0.005305383022774328
7,8,0,1,0.03125,1,1,0.0,0.0051678167687435606,0.0051678167687435606,0.08854166666666666,0.09016927083333333,0.018072289156626505
7,8,0,2,0.03125,0,0,0.5,0.038302844396421065,0.020443376390396423,0.0,0.0166015625,0.03428030303030303
7,8,0,3,0.03125,2,2,0.15625,0.0,0.0008074713701161813,0.05208333333333332,0.057779947916666664,0.0007610350076103509
7,8,1,0,0.03125,0,0,0.0,0.04615991471008274,0.04615991471008274,0.1875,0.21630859375,0.06884057971014491
7,8,1,1,0.15625,1,1,0.0,0.005077929523660596,0.005077929523660596,0.21354166666666663,0.21451822916666666,0.012048192771084335
7,8,1,2,0.03125,1,1,0.03125,0.005077929523660596,0.004919244226046202,0.546875,0.5548502604166666,0.09734848484848484
7,8,1,3,0.03125,3,3,0.0,0.010423939136694815,0.010423939136694815,0.03645833333333333,0.05940755208333333,0.007229832572298326
7,8,2,0,0.03125,0,0,0.0,0.043069360146961055,0.043069360146961055,0.16666666666666666,0.19807942708333331,0.06482919254658386
7,8,2,1,0.03125,2,2,0.0,0.0,0.0,0.03645833333333333,0.04036458333333333,0.004016064257028113
7,8,2,2,0.15625,2,2,0.0,0.0,0.0,0.4739583333333333,0.48551432291666663,0.11325757575757575
7,8,2,3,0.03125,3,3,0.0,0.013136912873969231,0.013136912873969231,0.078125,0.07845052083333333,-0.008371385083713849
7,8,3,0,0.03125,0,0,0.0,0.05396134495065441,0.05396134495065441,0.265625,0.2879231770833333,0.05292443064182194
7,8,3,1,0.03125,2,2,0.0,0.0,0.0,0.17708333333333331,0.18196614583333331,0.020080321285140562
7,8,3,2,0.03125,2,2,0.0,0.0,0.0,0.4114583333333333,0.41959635416666663,0.09053030303030302
7,8,3,3,0.15625,3,3,0.0,0.025071008680547124,0.025071008680547124,0.05729166666666666,0.05989583333333333,-0.001902587519025874
7,9,0,0,0.15625,0,0,0.0,0.03452168537261002,0.03452168537261002,0.23437499999999997,0.23583984374999994,0.004399585921325051
7,9,0,1,0.03125,1,1,0.0,0.00681755834630704,0.00681755834630704,0.08333333333333333,0.0849609375,0.017068273092369475
7,9,0,2,0.03125,0,2,0.65625,0.03452168537261002,0.013145121536767265,0.0,0.02001953125,0.027462121212121212
7,9,0,3,0.03125,2,2,0.0,0.0,0.0,0.005208333333333335,0.014811197916666668,-0.0045662100456621
7,9,1,0,0.03125,0,0,0.0,0.06417547379907762,0.06417547379907762,0.1875,0.22005208333333331,0.050854037267080744
7,9,1,1,0.15625,2,2,0.0,0.0,0.0,0.21875,0.21875,0.019076305220883532
7,9,1,2,0.03125,2,2,0.0,0.0,0.0,0.36979166666666663,0.37890624999999994,0.08768939393939393
7,9,1,3,0.03125,3,3,0.0,0.03562981081587435,0.03562981081587435,0.05729166666666667,0.07893880208333333,-0.0003805175038051742
7,9,2,0,0.03125,0,0,0.0,0.044638564591956476,0.044638564591956476,0.171875,0.19938151041666663,0.06288819875776397
7,9,2,1,0.03125,2,2,0.0,0.0,0.0,0.03645833333333333,0.05826822916666666,0.007028112449799196
7,9,2,2,0.15625,2,2,0.0,0.0,0.0,0.5208333333333333,0.5354817708333333,0.12670454545454543
7,9,2,3,0.03125,3,3,0.0,0.02587644314068105,0.02587644314068105,0.08333333333333333,0.08837890624999999,-0.007229832572298325
7,9,3,0,0.03125,0,0,0.0,0.06327719988733094,0.06327719988733094,0.24999999999999997,0.26676432291666663,0.047619047619047616
7,9,3,1,0.03125,2,2,0.0,0.0,0.0,0.13541666666666666,0.13541666666666666,0.006024096385542169
7,9,3,2,0.03125,2,2,0.0,0.0,0.0,0.3333333333333333,0.34651692708333326,0.08768939393939393
7,9,3,3,0.15625,3,3,0.0,0.03697497284406759,0.03697497284406759,0.026041666666666664,0.05891927083333333,-0.0091324200913242
7,10,0,0,0.15625,0,0,0.0,0.03382547704760719,0.03382547704760719,0.24479166666666666,0.24820963541666663,0.005046583850931676
7,10,0,1,0.03125,1,1,0.0,0.0054289616411381525,0.0054289616411381525,0.07291666666666666,0.07486979166666666,0.017068273092369475
7,10,0,2,0.03125,0,0,0.53125,0.03382547704760719,0.017552242878921542,0.0,0.01513671875,0.03712121212121212
7,10,0,3,0.03125,2,2,0.0,0.0,0.0,0.036458333333333336,0.05078125,-0.006468797564687975
7,10,1,0,0.03125,0,0,0.0,0.05082757782306657,0.05082757782306657,0.15104166666666666,0.18017578124999997,0.059006211180124224
7,10,1,1,0.15625,2,2,0.4375,0.0,0.0026443040105099125,0.10416666666666667,0.11669921875,0.010040160642570281
7,10,1,2,0.03125,2,2,0.0,0.0,0.0,0.38541666666666663,0.39632161458333326,0.08409090909090909
7,10,1,3,0.03125,1,1,0.125,0.006044123452594086,0.006601030340068689,-0.010416666666666668,0.06949869791666666,-0.0015220700152206996
7,10,2,0,0.03125,0,0,0.0,0.04068360795021542,0.04068360795021542,0.17708333333333331,0.20947265624999997,0.07686335403726709
7,10,2,1,0.03125,2,2,0.0,0.0,0.0,0.09374999999999999,0.09375,0.0050200803212851405
7,10,2,2,0.15625,1,1,0.0,0.0012555307733448373,0.0012555307733448373,0.5677083333333333,0.5686848958333333,0.12178030303030302
7,10,2,3,0.03125,3,3,0.03125,0.004468152057201857,0.0043677576420813255,0.015625,0.04899088541666666,0.0007610350076103499
7,10,3,0,0.03125,0,0,0.0,0.06608124420819439,0.06608124420819439,0.3020833333333333,0.3212890625,0.045419254658385096
7,10,3,1,0.03125,2,2,0.0,0.0,0.0,0.18229166666666663,0.18229166666666666,0.028112449799196783
7,10,3,2,0.03125,2,2,0.0,0.0,0.0,0.3489583333333333,0.3583984375,0.07178030303030303
7,10,3,3,0.15625,3,3,0.0,0.02334467739082302,0.02334467739082302,0.078125,0.07991536458333333,0.0060882800608828
7,11,0,0,0.15625,0,0,0.0,0.03412963196636554,0.03412963196636554,0.29166666666666663,0.29215494791666663,0.005693581780538303
7,11,0,1,0.03125,2,2,0.25,0.0,0.0012155742770911249,0.07291666666666666,0.07617187499999999,0.01606425702811245
7,11,0,2,0.03125,0,1,0.6875,0.03412963196636554,0.012336924620489527,0.0,0.01904296875,0.03598484848484848
7,11,0,3,0.03125,2,2,0.0,0.0,0.0,0.03125,0.03694661458333333,0.0007610350076103501
7,11,1,0,0.03125,0,0,0.0,0.049257763060746806,0.049257763060746806,0.26041666666666663,0.2854817708333333,0.06418219461697722
7,11,1,1,0.15625,2,2,0.0,0.0,0.0,0.140625,0.140625,0.017068273092369475
7,11,1,2,0.03125,2,2,0.0,0.0,0.0,0.4375,0.44645182291666663,0.08768939393939393
7,11,1,3,0.03125,3,3,0.03125,0.005502549112036403,0.005330594452285266,-0.010416666666666671,0.04345703125,-0.005707762557077625
7,11,2,0,0.03125,0,0,0.0,0.047761983673542896,0.047761983673542896,0.140625,0.177734375,0.08333333333333333
7,11,2,1,0.03125,1,1,0.0,0.0009184485841519097,0.0009184485841519097,0.15104166666666666,0.15950520833333331,0.01706827309236948
7,11,2,2,0.15625,1,1,0.09375,0.0009184485841519097,0.0008323440293876681,0.5520833333333333,0.5625,0.11477272727272728
7,11,2,3,0.03125,3,3,0.0,0.008809794367331536,0.008809794367331536,0.08333333333333333,0.08902994791666666,-0.00989345509893455
7,11,3,0,0.03125,0,0,0.0,0.06301474815759711,0.06301474815759711,0.28125,0.30371093749999994,0.046583850931677016
7,11,3,1,0.03125,2,2,0.0,0.0,0.0,0.11979166666666667,0.12109374999999999,0.007028112449799198
7,11,3,2,0.03125,2,2,0.0,0.0,0.0,0.3333333333333333,0.3430989583333333,0.09223484848484848
7,11,3,3,0.15625,3,3,0.0,0.04162774690504656,0.04162774690504656,0.02604166666666666,0.06298828125,-0.0026636225266362256
7,12,0,0,0.15625,0,0,0.0,0.036750181437925966,0.036750181437925966,0.265625,0.2669270833333333,0.004528985507246376
7,12,0,1,0.03125,2,2,0.21875,0.0,0.0005835984788054374,0.09895833333333333,0.10188802083333331,0.017068273092369475
7,12,0,2,0.03125,0,0,0.53125,0.036750181437925966,0.017893617239091154,0.0,0.016927083333333332,0.03371212121212121
7,12,0,3,0.03125,2,2,0.03125,0.0,8.337121125791963e-05,0.041666666666666664,0.05013020833333333,5.069511527968751e-19
7,12,1,0,0.03125,0,0,0.0,0.04679440973978066,0.04679440973978066,0.22916666666666666,0.26611328125,0.06262939958592131
7,12,1,1,0.15625,1,1,0.0,0.0,0.0,0.171875,0.171875,0.014056224899598395
7,12,1,2,0.03125,2,2,0.0,0.0014714608299390974,0.0014714608299390974,0.43229166666666663,0.43961588541666663,0.09071969696969696
7,12,1,3,0.03125,3,3,0.0,0.014921542251583597,0.014921542251583597,0.0625,0.06412760416666666,-0.0003805175038051754
7,12,2,0,0.03125,0,0,0.0,0.046710095572359056,0.046710095572359056,0.17708333333333331,0.19726562499999997,0.06664078674948239
7,12,2,1,0.03125,2,2,0.34375,0.0,0.002063443108118467,-1.734723475976807e-18,0.03548177083333333,0.019076305220883532
7,12,2,2,0.15625,2,2,0.0,0.0,0.0,0.46874999999999994,0.4866536458333333,0.11515151515151514
7,12,2,3,0.03125,1,1,0.125,0.006002743587253723,0.005504908307031237,0.06770833333333333,0.07649739583333331,0.007990867579908675
7,12,3,0,0.03125,0,0,0.0,0.06102706125383972,0.06102706125383972,0.2552083333333333,0.2705078125,0.04257246376811594
7,12,3,1,0.03125,2,2,0.375,0.0,0.002763633193180612,0.15624999999999997,0.16015625,0.019076305220883532
7,12,3,2,0.03125,2,2,0.0,0.0,0.0,0.3125,0.32047526041666663,0.08087121212121211
7,12,3,3,0.15625,3,3,0.0,0.026769798620348007,0.026769798620348007,0.07291666666666667,0.07633463541666666,0.0045662100456621
7,13,0,0,0.15625,0,0,0.0,0.034746682795133155,0.034746682795133155,0.27604166666666663,0.27652994791666663,0.006211180124223602
7,13,0,1,0.03125,2,2,0.15625,0.0,0.0005800925036772951,0.057291666666666664,0.05908203124999999,0.012048192771084338
7,13,0,2,0.03125,0,0,0.53125,0.034746682795133155,0.017563711068308716,0.0,0.012369791666666666,0.03465909090909091
7,13,0,3,0.03125,2,2,0.0,0.0,0.0,0.041666666666666664,0.0458984375,0.0011415525114155253
7,13,1,0,0.03125,0,0,0.0,0.052652293852313736,0.052652293852313736,0.22916666666666666,0.25683593749999994,0.055900621118012424
7,13,1,1,0.15625,2,2,0.0,0.0,0.0,0.11458333333333333,0.11458333333333333,0.015060240963855422
7,13,1,2,0.03125,2,2,0.0,0.0,0.0,0.43229166666666663,0.44205729166666663,0.09829545454545455
7,13,1,3,0.03125,3,3,0.0,0.0021820319811580724,0.0021820319811580724,0.078125,0.08170572916666666,0.011796042617960427
7,13,2,0,0.03125,0,0,0.0,0.04774325847217453,0.04774325847217453,0.20312499999999997,0.251953125,0.07893374741200827
7,13,2,1,0.03125,1,1,0.0,0.006769297160147181,0.006769297160147181,0.125,0.12565104166666666,0.0020080321285140565
7,13,2,2,0.15625,1,1,0.0,0.006769297160147181,0.006769297160147181,0.5625,0.5628255208333333,0.11174242424242423
7,13,2,3,0.03125,3,3,0.0,0.010566886402671116,0.010566886402671116,0.06770833333333333,0.0908203125,0.0
7,13,3,0,0.03125,0,0,0.0,0.07050661228308952,0.07050661228308952,0.296875,0.3255208333333333,0.04503105590062112
7,13,3,1,0.03125,2,2,0.0,0.0,0.0,0.171875,0.171875,0.024096385542168676
7,13,3,2,0.03125,2,2,0.0,0.0,0.0,0.2864583333333333,0.29557291666666663,0.07840909090909091
7,13,3,3,0.15625,1,3,1.0,0.004816096488396426,0.04101211044797104,0.05729166666666667,0.07600911458333334,0.0007610350076103499
7,14,0,0,0.15625,0,0,0.0,0.03339034677179564,0.03339034677179564,0.29166666666666663,0.29166666666666663,0.008152173913043476
7,14,0,1,0.03125,1,1,0.0,0.010238875781711232,0.010238875781711232,0.07291666666666666,0.07291666666666666,0.015060240963855422
7,14,0,2,0.03125,0,0,0.4375,0.03339034677179564,0.020061929531848953,0.0,0.01318359375,0.03276515151515151
7,14,0,3,0.03125,2,2,0.0,0.0,0.0,0.04687499999999999,0.052734375,-0.0003805175038051747
7,14,1,0,0.03125,0,0,0.0,0.051769512105581006,0.051769512105581006,0.15625,0.19026692708333331,0.067675983436853
7,14,1,1,0.15625,1,1,0.0,0.001465118990423453,0.001465118990423453,0.18229166666666666,0.18229166666666663,0.005020080321285139
7,14,1,2,0.03125,1,1,0.1875,0.001465118990423453,0.0011904091797190555,0.44791666666666663,0.46044921874999994,0.09204545454545454
7,14,1,3,0.03125,3,3,0.0,0.0025912690857802234,0.0025912690857802234,0.03645833333333333,0.06412760416666666,0.012557077625570776
7,14,2,0,0.03125,0,0,0.0,0.051221413565911256,0.051221413565911256,0.171875,0.21500651041666663,0.08307453416149067
7,14,2,1,0.03125,1,1,0.0,0.004697116932770973,0.004697116932770973,0.14583333333333331,0.15071614583333331,0.014056224899598391
7,14,2,2,0.15625,1,1,0.0,0.004697116932770973,0.004697116932770973,0.48958333333333326,0.4954427083333333,0.11344696969696969
7,14,2,3,0.03125,3,3,0.0,0.02472505394825264,0.02472505394825264,0.06770833333333334,0.07828776041666666,-0.01293759512937595
7,14,3,0,0.03125,0,0,0.0,0.07110645667157711,0.07110645667157711,0.296875,0.3240559895833333,0.05861801242236025
7,14,3,1,0.03125,2,2,0.0,0.0,0.0,0.15104166666666666,0.15299479166666663,0.02108433734939759
7,14,3,2,0.03125,2,2,0.0,0.0,0.0,0.375,0.38492838541666663,0.0715909090909091
7,14,3,3,0.15625,1,3,1.0,0.015496510580419343,0.01645699387060373,-0.005208333333333336,0.06103515625,0.002663622526636226
7,15,0,0,0.15625,0,0,0.0,0.034685950108642616,0.034685950108642616,0.24479166666666663,0.24658203125,0.004528985507246377
7,15,0,1,0.03125,2,2,0.34375,0.0,0.0012854133522828305,0.09374999999999999,0.09847005208333331,0.017068273092369475
7,15,0,2,0.03125,0,2,0.6875,0.034685950108642616,0.012007917001935209,0.0,0.022298177083333332,0.04223484848484849
7,15,0,3,0.03125,2,2,0.0,0.0,0.0,0.010416666666666668,0.0166015625,-0.0026636225266362256
7,15,1,0,0.03125,0,0,0.0,0.05484185223134441,0.05484185223134441,0.23958333333333331,0.2664388020833333,0.05926501035196687
7,15,1,1,0.15625,2,2,0.40625,0.0,0.0011039184408280708,0.15104166666666666,0.15527343749999997,0.01706827309236948
7,15,1,2,0.03125,2,2,0.0,0.0,0.0,0.44791666666666663,0.45703124999999994,0.09128787878787878
7,15,1,3,0.03125,3,3,0.0,0.009573233810056703,0.009573233810056703,0.05729166666666666,0.07063802083333331,0.0136986301369863
7,15,2,0,0.03125,0,0,0.0,0.045731444066182014,0.045731444066182014,0.16145833333333331,0.18343098958333331,0.06366459627329192
7,15,2,1,0.03125,2,2,0.03125,0.0,0.0003936706475542798,-0.026041666666666664,0.015462239583333332,-0.0050200803212851405
7,15,2,2,0.15625,2,2,0.0,0.0,0.0,0.5208333333333333,0.5304361979166666,0.12443181818181817
7,15,2,3,0.03125,1,1,0.09375,0.012597460721736953,0.013399776515901338,0.0625,0.06461588541666666,-0.008371385083713852
7,15,3,0,0.03125,0,0,0.0,0.0588232228636697,0.0588232228636697,0.21354166666666666,0.23811848958333331,0.05551242236024845
7,15,3,1,0.03125,1,1,0.0,0.004632524288834761,0.004632524288834761,0.16666666666666666,0.16666666666666666,0.02610441767068273
7,15,3,2,0.03125,2,2,0.0,0.0,0.0,0.3802083333333333,0.39013671874999994,0.09185606060606062
7,15,3,3,0.15625,3,3,0.0,0.02502835594003816,0.02502835594003816,0.046875,0.04915364583333333,-0.00380517503805175
7,16,0,0,0.15625,0,0,0.0,0.04099949353640975,0.04099949353640975,0.265625,0.26708984375,0.004658385093167702
7,16,0,1,0.03125,1,1,0.0,0.0,0.0,0.109375,0.11165364583333331,0.024096385542168672
7,16,0,2,0.03125,0,2,0.65625,0.04099949353640975,0.015657819281964816,0.0,0.020345052083333332,0.02992424242424242
7,16,0,3,0.03125,1,1,0.15625,0.0,0.0013210292639111512,0.041666666666666664,0.06119791666666666,0.004566210045662101
7,16,1,0,0.03125,0,0,0.0,0.05611482012929292,0.05611482012929292,0.23958333333333331,0.26578776041666663,0.06431159420289854
7,16,1,1,0.15625,2,2,0.25,0.0,0.0029333906471721016,0.15104166666666666,0.15364583333333331,0.00502008032128514
7,16,1,2,0.03125,2,2,0.0,0.0,0.0,0.4114583333333333,0.42122395833333326,0.09053030303030302
7,16,1,3,0.03125,3,3,0.0,0.009233493517137425,0.009233493517137425,0.03125,0.07389322916666666,-0.0019025875190258757
7,16,2,0,0.03125,0,0,0.0,0.0417383652832215,0.0417383652832215,0.19791666666666663,0.23063151041666663,0.07000517598343685
7,16,2,1,0.03125,2,2,0.15625,0.0,0.000251087912849033,0.0,0.05143229166666666,0.00502008032128514
7,16,2,2,0.15625,2,2,0.0,0.0,0.0,0.4895833333333333,0.4993489583333333,0.11647727272727272
7,16,2,3,0.03125,1,1,0.21875,0.0016069626422338112,0.0016705104182223422,0.06249999999999999,0.08479817708333333,0.009512937595129375
7,16,3,0,0.03125,0,0,0.0,0.06367670688543592,0.06367670688543592,0.3645833333333333,0.38411458333333326,0.04619565217391304
7,16,3,1,0.03125,2,2,0.0,0.0,0.0,0.14583333333333331,0.14583333333333331,0.022088353413654616
7,16,3,2,0.03125,2,2,0.0,0.0,0.0,0.3333333333333333,0.35628255208333326,0.07575757575757575
7,16,3,3,0.15625,3,3,0.0,0.008942832899694775,0.008942832899694775,0.12499999999999999,0.14453125,0.014079147640791479
7,17,0,0,0.15625,0,0,0.0,0.03200629986672965,0.03200629986672965,0.23958333333333331,0.24055989583333331,0.004140786749482402
7,17,0,1,0.03125,1,1,0.0,0.006956871295474842,0.006956871295474842,0.09375,0.09635416666666666,0.019076305220883532
7,17,0,2,0.03125,0,0,0.4375,0.03200629986672965,0.019960163726887727,0.0,0.010904947916666666,0.031060606060606063
7,17,0,3,0.03125,2,2,0.0625,0.0,0.0005800077500832529,0.015625000000000003,0.03076171875,0.0030441400304413997
7,17,1,0,0.03125,0,0,0.0,0.054533564017389624,0.054533564017389624,0.23958333333333331,0.26708984375,0.055771221532091096
7,17,1,1,0.15625,2,2,0.21875,0.0,0.0005539003054388508,0.18229166666666663,0.1845703125,0.019076305220883532
7,17,1,2,0.03125,2,2,0.0,0.0,0.0,0.3958333333333333,0.40087890625,0.08503787878787879
7,17,1,3,0.03125,3,3,0.0,0.010029109810915982,0.010029109810915982,0.08333333333333334,0.08528645833333331,0.008371385083713849
7,17,2,0,0.03125,0,0,0.0,0.0488392845776513,0.0488392845776513,0.14583333333333331,0.17936197916666666,0.06677018633540373
7,17,2,1,0.03125,2,2,0.125,0.0,0.00022274094773212794,0.07291666666666666,0.07486979166666666,0.007028112449799196
7,17,2,2,0.15625,1,1,0.0,0.0017819275818570235,0.0017819275818570235,0.5520833333333333,0.55419921875,0.11912878787878788
7,17,2,3,0.03125,3,3,0.0,0.013825308193538666,0.013825308193538666,0.07291666666666666,0.07877604166666666,-0.006468797564687973
7,17,3,0,0.03125,0,0,0.0,0.06691612948739745,0.06691612948739745,0.2552083333333333,0.2763671875,0.04813664596273291
7,17,3,1,0.03125,2,2,0.03125,0.0,0.00030926320801306223,0.11979166666666666,0.12109375,0.013052208835341366
7,17,3,2,0.03125,2,2,0.0,0.0,0.0,0.3125,0.3211263020833333,0.09109848484848483
7,17,3,3,0.15625,1,3,0.96875,0.009896422656417991,0.040115964773820095,-1.734723475976807e-18,0.05419921874999999,-0.0076103500761035
7,18,0,0,0.15625,0,0,0.0,0.037304956385359245,0.037304956385359245,0.2864583333333333,0.2884114583333333,0.004658385093167702
7,18,0,1,0.03125,1,1,0.0,0.005017832057420346,0.005017832057420346,0.07291666666666666,0.07454427083333333,0.012048192771084338
7,18,0,2,0.03125,0,1,0.6875,0.037304956385359245,0.014323522150929323,0.0,0.02034505208333333,0.03371212121212121
7,18,0,3,0.03125,2,2,0.0,0.0,0.0,0.036458333333333336,0.051432291666666664,-0.0007610350076103492
7,18,1,0,0.03125,0,0,0.0,0.055655491363649334,0.055655491363649334,0.234375,0.2635091145833333,0.06832298136645963
7,18,1,1,0.15625,2,1,0.5,0.0,0.004398799088680794,0.13020833333333331,0.14322916666666666,0.013052208835341366
7,18,1,2,0.03125,2,2,0.0,0.0,0.0,0.35416666666666663,0.36295572916666663,0.09867424242424241
7,18,1,3,0.03125,3,3,0.0,0.007832245006565541,0.007832245006565541,0.015624999999999997,0.055826822916666664,0.0106544901065449
7,18,2,0,0.03125,0,0,0.0,0.0515544163040732,0.0515544163040732,0.15104166666666666,0.19091796875,0.07595755693581781
7,18,2,1,0.03125,1,1,0.0,0.012607877949364021,0.012607877949364021,0.13020833333333331,0.13411458333333331,0.0030120481927710836
7,18,2,2,0.15625,1,1,0.21875,0.012607877949364021,0.009849904647940642,0.44791666666666663,0.46256510416666663,0.10075757575757574
7,18,2,3,0.03125,3,3,0.0,0.016500337281361244,0.016500337281361244,0.08333333333333333,0.09244791666666666,-0.0022831050228310497
7,18,3,0,0.03125,0,0,0.0,0.07729366690843142,0.07729366690843142,0.234375,0.24837239583333331,0.03493788819875776
7,18,3,1,0.03125,2,2,0.0,0.0,0.0,0.10416666666666666,0.107421875,0.014056224899598391
7,18,3,2,0.03125,2,2,0.0,0.0,0.0,0.25,0.28499348958333326,0.08428030303030302
7,18,3,3,0.15625,1,1,0.0,0.01985669768150855,0.01985669768150855,0.15625,0.1572265625,0.009893455098934549
7,19,0,0,0.15625,0,0,0.0,0.037264374652354326,0.037264374652354326,0.19791666666666669,0.20247395833333331,0.004270186335403727
7,19,0,1,0.03125,2,2,0.0,0.0,0.0,0.03645833333333333,0.0390625,0.008032128514056224
7,19,0,2,0.03125,0,1,0.6875,0.037264374652354326,0.013855903641945048,0.0,0.02001953125,0.036931818181818184
7,19,0,3,0.03125,2,2,0.09375,0.0,0.0005526966407710804,0.03125,0.037760416666666664,0.00038051750380517523
7,19,1,0,0.03125,0,0,0.0,0.04970316393065666,0.04970316393065666,0.23437499999999997,0.2578125,0.060947204968944096
7,19,1,1,0.15625,2,2,0.0,0.0017141539352087953,0.0017141539352087953,0.16145833333333334,0.16145833333333334,0.013052208835341366
7,19,1,2,0.03125,2,2,0.0,0.0017141539352087953,0.0017141539352087953,0.40624999999999994,0.4158528645833333,0.09356060606060605
7,19,1,3,0.03125,3,3,0.0,0.005433971377444724,0.005433971377444724,0.046875,0.08870442708333333,0.004185692541856926
7,19,2,0,0.03125,0,0,0.0,0.04309449606611537,0.04309449606611537,0.171875,0.21907552083333331,0.08605072463768115
7,19,2,1,0.03125,1,1,0.0,0.0046719311242764405,0.0046719311242764405,0.11979166666666666,0.12174479166666666,0.006024096385542169
7,19,2,2,0.15625,1,1,0.15625,0.0046719311242764405,0.0040130908079185935,0.4895833333333333,0.4973958333333333,0.1111742424242424
7,19,2,3,0.03125,3,3,0.0,0.0,0.0,0.041666666666666664,0.050944010416666664,0.009512937595129377
7,19,3,0,0.03125,0,0,0.0,0.06741283876959892,0.06741283876959892,0.296875,0.3173828125,0.04736024844720497
7,19,3,1,0.03125,2,2,0.0625,0.0,0.00042073530008470555,0.14583333333333331,0.150390625,0.02208835341365462
7,19,3,2,0.03125,2,2,0.0,0.0,0.0,0.36979166666666663,0.37939453124999994,0.08598484848484847
7,19,3,3,0.15625,3,3,0.0,0.026244495243373023,0.026244495243373023,0.10416666666666666,0.10807291666666666,0.0091324200913242
8,4,0,0,0.15625,0,0,0.0,0.0018231989058393738,0.0018231989058393738,0.45312499999999994,0.4541015625,0.146640826873385
8,4,0,1,0.03125,1,1,0.0,0.08729394145321401,0.08729394145321401,0.3958333333333333,0.3958333333333333,0.1118421052631579
8,4,0,2,0.03125,0,0,0.0,0.0018231989058393738,0.0018231989058393738,0.5364583333333333,0.5439453125,0.1610863095238095
8,4,0,3,0.03125,1,1,0.0,0.08729394145321401,0.08729394145321401,0.15104166666666669,0.17822265625,0.03887510339123242
8,4,1,0,0.03125,0,0,0.0,0.0,0.0,0.0,0.023925781249999997,0.03294573643410853
8,4,1,1,0.15625,0,0,0.0,0.0,0.0,0.0,0.0,0.0
8,4,1,2,0.03125,0,0,0.03125,0.0,9.519103340811796e-05,0.0,0.009114583333333332,0.01636904761904762
8,4,1,3,0.03125,0,0,0.03125,0.0,0.0009583570594113543,0.0,0.00048828125,0.0012406947890818859
8,4,2,0,0.03125,0,0,0.0,0.0,0.0,0.46354166666666663,0.4646809895833333,0.15374677002583978
8,4,2,1,0.03125,1,1,0.0,0.08466193285481216,0.08466193285481216,0.3645833333333333,0.36458333333333326,0.10197368421052631
8,4,2,2,0.15625,0,0,0.0,0.0,0.0,0.4427083333333333,0.44303385416666663,0.15476190476190474
8,4,2,3,0.03125,1,1,0.0,0.08466193285481216,0.08466193285481216,0.22916666666666663,0.25651041666666663,0.039081885856079406
8,4,3,0,0.03125,0,0,0.0,0.0022545962849207513,0.0022545962849207513,0.1875,0.23795572916666663,0.08268733850129197
8,4,3,1,0.03125,1,1,0.0,0.08196108597468865,0.08196108597468865,0.23958333333333331,0.23958333333333331,0.05043859649122807
8,4,3,2,0.03125,0,0,0.03125,0.0022545962849207513,0.0021841401510169778,0.203125,0.24462890625,0.09188988095238095
8,4,3,3,0.15625,1,1,0.0,0.08196108597468865,0.08196108597468865,0.21875,0.2236328125,0.011166253101736972
8,5,0,0,0.15625,0,0,0.0,0.0,0.0,0.45312499999999994,0.46207682291666663,0.15180878552971572
8,5,0,1,0.03125,1,1,0.0,0.08422877525720263,0.08422877525720263,0.35416666666666663,0.35416666666666663,0.10307017543859649
8,5,0,2,0.03125,0,0,0.0,0.0,0.0,0.49479166666666663,0.49511718749999994,0.15364583333333334
8,5,0,3,0.03125,1,1,0.0,0.08422877525720263,0.08422877525720263,0.21875,0.25390625,0.04094292803970223
8,5,1,0,0.03125,0,0,0.0,0.0,0.0,0.0,0.01806640625,0.029069767441860465
8,5,1,1,0.15625,0,0,0.0,0.0,0.0,0.0,0.0,0.0
8,5,1,2,0.03125,0,0,0.03125,0.0,6.871826291932753e-05,0.0,0.004231770833333333,0.014136904761904762
8,5,1,3,0.03125,0,0,0.0625,0.0,0.0018137161159242632,0.0,0.001953125,0.0020678246484698098
8,5,2,0,0.03125,0,0,0.0,0.0,0.0,0.5104166666666666,0.5104166666666666,0.14728682170542637
8,5,2,1,0.03125,1,1,0.0,0.09125144051147305,0.09125144051147305,0.38541666666666663,0.38541666666666663,0.10416666666666666
8,5,2,2,0.15625,0,0,0.0,0.0,0.0,0.47916666666666663,0.47965494791666663,0.16145833333333331
8,5,2,3,0.03125,1,1,0.0,0.09125144051147305,0.09125144051147305,0.18229166666666666,0.20849609375,0.03494623655913978
8,5,3,0,0.03125,0,0,0.0,0.0,0.0,0.03645833333333333,0.05908203125,0.03682170542635659
8,5,3,1,0.03125,1,1,0.0,0.06135442364453769,0.06135442364453769,0.13020833333333331,0.13020833333333331,0.02741228070175438
8,5,3,2,0.03125,0,0,0.0,0.0,0.0,0.015625,0.05810546874999999,0.06882440476190477
8,5,3,3,0.15625,1,1,0.09375,0.06135442364453769,0.05925658152503411,0.13541666666666666,0.15218098958333331,0.00620347394540943
8,6,0,0,0.15625,0,0,0.0,0.0,0.0,0.4895833333333333,0.4905598958333333,0.1511627906976744
8,6,0,1,0.03125,1,1,0.0,0.084996421860012,0.084996421860012,0.3802083333333333,0.38167317708333326,0.10964912280701752
8,6,0,2,0.03125,0,0,0.0,0.0,0.0,0.47395833333333326,0.47542317708333326,0.1491815476190476
8,6,0,3,0.03125,1,1,0.0,0.084996421860012,0.084996421860012,0.18229166666666669,0.21321614583333331,0.032051282051282055
8,6,1,0,0.03125,0,0,0.0,0.0022672619974003494,0.0022672619974003494,0.0,0.02376302083333333,0.029069767441860465
8,6,1,1,0.15625,0,0,0.0,0.0022672619974003494,0.0022672619974003494,0.0,0.0,0.0
8,6,1,2,0.03125,0,0,0.0625,0.0022672619974003494,0.0021255581225628276,0.0,0.011555989583333332,0.015997023809523808
8,6,1,3,0.03125,1,1,0.03125,0.03110124702282291,0.030697129508410692,0.015625,0.01611328125,0.0026881720430107525
8,6,2,0,0.03125,0,0,0.0,0.00014717800437724637,0.00014717800437724637,0.44791666666666663,0.44921874999999994,0.148578811369509
8,6,2,1,0.03125,1,1,0.0,0.08224429527861632,0.08224429527861632,0.3645833333333333,0.3645833333333333,0.10526315789473684
8,6,2,2,0.15625,0,0,0.0,0.00014717800437724637,0.00014717800437724637,0.44791666666666663,0.44954427083333326,0.15997023809523808
8,6,2,3,0.03125,1,1,0.0,0.08224429527861632,0.08224429527861632,0.234375,0.2596028645833333,0.03928866832092638
8,6,3,0,0.03125,0,0,0.0,0.0020522274835085286,0.0020522274835085286,0.0,0.015299479166666666,0.028423772609819115
8,6,3,1,0.03125,1,1,0.0,0.053785412603231775,0.053785412603231775,0.08333333333333333,0.08333333333333333,0.017543859649122806
8,6,3,2,0.03125,0,0,0.15625,0.0020522274835085286,0.001731566939210321,0.0,0.01936848958333333,0.045014880952380945
8,6,3,3,0.15625,1,1,0.03125,0.053785412603231775,0.05283755256279894,0.08333333333333333,0.1103515625,0.00020678246484698106
8,7,0,0,0.15625,0,0,0.0,0.0025538885899620833,0.0025538885899620833,0.4270833333333333,0.42708333333333326,0.1453488372093023
8,7,0,1,0.03125,1,1,0.0,0.08696789013429007,0.08696789013429007,0.33854166666666663,0.33854166666666663,0.09210526315789473
8,7,0,2,0.03125,0,0,0.0,0.0025538885899620833,0.0025538885899620833,0.44791666666666663,0.44921875,0.16369047619047614
8,7,0,3,0.03125,1,1,0.0,0.08696789013429007,0.08696789013429007,0.265625,0.28092447916666663,0.04425144747725392
8,7,1,0,0.03125,0,0,0.0,0.0,0.0,0.0,0.010091145833333332,0.027777777777777776
8,7,1,1,0.15625,0,0,0.0,0.0,0.0,0.0,0.0,0.0
8,7,1,2,0.03125,0,0,0.0625,0.0,8.744119473485384e-05,0.0,0.007975260416666666,0.01525297619047619
8,7,1,3,0.03125,1,1,0.0,0.030039655516623243,0.030039655516623243,0.010416666666666666,0.0107421875,0.0024813895781637717
8,7,2,0,0.03125,0,0,0.0,0.0015742420779862876,0.0015742420779862876,0.484375,0.48502604166666663,0.146640826873385
8,7,2,1,0.03125,1,1,0.0,0.08758512368365101,0.08758512368365101,0.3958333333333333,0.39729817708333326,0.11074561403508772
8,7,2,2,0.15625,0,0,0.0,0.0015742420779862876,0.0015742420779862876,0.5104166666666666,0.5205078124999999,0.1603422619047619
8,7,2,3,0.03125,1,1,0.0,0.08758512368365101,0.08758512368365101,0.11979166666666667,0.14176432291666666,0.032258064516129024
8,7,3,0,0.03125,0,0,0.0,0.003248619687591159,0.003248619687591159,0.0,0.0185546875,0.025839793281653745
8,7,3,1,0.03125,1,1,0.0,0.06100571240039154,0.06100571240039154,0.03125,0.03125,0.006578947368421052
8,7,3,2,0.03125,0,0,0.25,0.003248619687591159,0.002436464765693369,0.0,0.03515625,0.060639880952380945
8,7,3,3,0.15625,1,1,0.0,0.06100571240039154,0.06100571240039154,0.203125,0.20703125,0.011166253101736972
8,8,0,0,0.15625,0,0,0.0,0.0012009514548957378,0.0012009514548957378,0.48437499999999994,0.48502604166666663,0.1498708010335917
8,8,0,1,0.03125,1,1,0.0,0.09001810025388335,0.09001810025388335,0.40625,0.40625,0.1118421052631579
8,8,0,2,0.03125,0,0,0.0,0.0012009514548957378,0.0012009514548957378,0.515625,0.5169270833333333,0.16034226190476192
8,8,0,3,0.03125,1,1,0.0,0.09001810025388335,0.09001810025388335,0.22395833333333331,0.2547200520833333,0.03949545078577336
8,8,1,0,0.03125,0,0,0.0,0.0,0.0,0.0,0.0205078125,0.025839793281653745
8,8,1,1,0.15625,0,0,0.0,0.0,0.0,0.0,0.0,0.0
8,8,1,2,0.03125,0,0,0.03125,0.0,1.1326997552279366e-05,0.0,0.00830078125,0.017113095238095236
8,8,1,3,0.03125,1,1,0.03125,0.029242016279383165,0.02833953026820472,0.005208333333333333,0.006673177083333332,0.0018610421836228281
8,8,2,0,0.03125,0,0,0.0,0.0,0.0,0.4270833333333333,0.42708333333333326,0.1434108527131783
8,8,2,1,0.03125,1,1,0.0,0.09224714575175863,0.09224714575175863,0.39583333333333326,0.3958333333333333,0.1118421052631579
8,8,2,2,0.15625,0,0,0.0,0.0,0.0,0.4270833333333333,0.44108072916666663,0.15662202380952378
8,8,2,3,0.03125,1,1,0.0,0.09224714575175863,0.09224714575175863,0.234375,0.25992838541666663,0.03825475599669148
8,8,3,0,0.03125,0,0,0.0,0.0,0.0,0.0,0.018554687499999997,0.03746770025839793
8,8,3,1,0.03125,1,1,0.0,0.058325846180928065,0.058325846180928065,0.0625,0.0625,0.013157894736842105
8,8,3,2,0.03125,0,0,0.0,0.0,0.0,0.0,0.028808593749999997,0.046502976190476185
8,8,3,3,0.15625,1,1,0.0,0.058325846180928065,0.058325846180928065,0.171875,0.17366536458333331,0.009925558312655087
8,9,0,0,0.15625,0,0,0.0,0.0,0.0,0.46354166666666663,0.46354166666666663,0.1479328165374677
8,9,0,1,0.03125,1,1,0.0,0.08697147095579205,0.08697147095579205,0.4114583333333333,0.41145833333333326,0.11403508771929824
8,9,0,2,0.03125,0,0,0.0,0.0,0.0,0.5729166666666666,0.5748697916666666,0.1603422619047619
8,9,0,3,0.03125,1,1,0.0,0.08697147095579205,0.08697147095579205,0.23437499999999997,0.2542317708333333,0.03887510339123243
8,9,1,0,0.03125,0,0,0.0,0.0,0.0,0.0,0.026041666666666664,0.030361757105943146
8,9,1,1,0.15625,0,0,0.0,0.0,0.0,0.0,0.0,0.0
8,9,1,2,0.03125,0,0,0.03125,0.0,4.6499795412352496e-05,0.0,0.005859374999999999,0.01636904761904762
8,9,1,3,0.03125,0,0,0.0,0.0,0.0,0.0,0.0,0.0010339123242349047
8,9,2,0,0.03125,0,0,0.0,0.005108977538063275,0.005108977538063275,0.453125,0.45377604166666663,0.14922480620155038
8,9,2,1,0.03125,1,1,0.0,0.08902968725788185,0.08902968725788185,0.359375,0.359375,0.10307017543859649
8,9,2,2,0.15625,0,0,0.0,0.005108977538063275,0.005108977538063275,0.47916666666666663,0.48063151041666663,0.16480654761904762
8,9,2,3,0.03125,1,1,0.0,0.08902968725788185,0.08902968725788185,0.23958333333333331,0.2586263020833333,0.03494623655913978
8,9,3,0,0.03125,0,0,0.0,0.0010193960725189966,0.0010193960725189966,0.0,0.0205078125,0.03811369509043927
8,9,3,1,0.03125,1,1,0.0,0.048484246390110175,0.048484246390110175,0.026041666666666664,0.026041666666666664,0.005482456140350877
8,9,3,2,0.03125,0,0,0.09375,0.0010193960725189966,0.0009238276907203406,0.0,0.017903645833333332,0.033482142857142856
8,9,3,3,0.15625,1,1,0.0,0.048484246390110175,0.048484246390110175,0.11979166666666666,0.12223307291666666,0.006823821339950372
8,10,0,0,0.15625,0,0,0.0,0.003321565779179303,0.003321565779179303,0.49999999999999994,0.5032552083333333,0.15503875968992248
8,10,0,1,0.03125,1,1,0.0,0.08495892993921661,0.08495892993921661,0.4375,0.44189453125,0.12061403508771928
8,10,0,2,0.03125,0,0,0.0,0.003321565779179303,0.003321565779179303,0.48958333333333326,0.49381510416666663,0.15141369047619047
8,10,0,3,0.03125,1,1,0.0,0.08495892993921661,0.08495892993921661,0.203125,0.22672526041666663,0.03970223325062034
8,10,1,0,0.03125,0,0,0.0,0.0011104515700068873,0.0011104515700068873,0.0,0.026041666666666664,0.03617571059431524
8,10,1,1,0.15625,0,0,0.0,0.0011104515700068873,0.0011104515700068873,0.0,0.0,0.0
8,10,1,2,0.03125,0,0,0.0625,0.0011104515700068873,0.0010410483468814569,0.0,0.006673177083333332,0.015624999999999998
8,10,1,3,0.03125,0,0,0.0,0.0011104515700068873,0.0011104515700068873,0.0,0.0,0.000827129859387924
8,10,2,0,0.03125,0,0,0.0,0.00020071023985257508,0.00020071023985257508,0.46354166666666663,0.46419270833333326,0.14534883720930233
8,10,2,1,0.03125,1,1,0.0,0.0831929397607053,0.0831929397607053,0.4114583333333333,0.4148763020833333,0.11842105263157894
8,10,2,2,0.15625,0,0,0.0,0.00020071023985257508,0.00020071023985257508,0.49999999999999994,0.5013020833333333,0.15438988095238093
8,10,2,3,0.03125,1,1,0.0,0.0831929397607053,0.0831929397607053,0.24479166666666666,0.26318359375,0.0423904052936311
8,10,3,0,0.03125,0,0,0.0,0.0,0.0,0.0,0.014322916666666664,0.03229974160206718
8,10,3,1,0.03125,1,1,0.0,0.05339647234387146,0.05339647234387146,0.03125,0.03125,0.006578947368421052
8,10,3,2,0.03125,0,0,0.03125,0.0,5.831382402683716e-06,0.0,0.018391927083333332,0.04575892857142857
8,10,3,3,0.15625,1,1,0.0,0.05339647234387146,0.05339647234387146,0.09895833333333333,0.10107421875,0.00620347394540943
8,11,0,0,0.15625,0,0,0.0,0.0036425926428472755,0.0036425926428472755,0.44791666666666663,0.45751953124999994,0.14470284237726097
8,11,0,1,0.03125,1,1,0.0,0.08543367807697155,0.08543367807697155,0.359375,0.359375,0.09978070175438596
8,11,0,2,0.03125,0,0,0.0,0.0036425926428472755,0.0036425926428472755,0.44270833333333326,0.44401041666666663,0.15364583333333334
8,11,0,3,0.03125,1,1,0.0,0.08543367807697155,0.08543367807697155,0.24999999999999997,0.2705078125,0.03639371381306865
8,11,1,0,0.03125,0,0,0.0,0.0012487747476457312,0.0012487747476457312,0.0,0.019694010416666664,0.031007751937984496
8,11,1,1,0.15625,0,0,0.0,0.0012487747476457312,0.0012487747476457312,0.0,0.0,0.0
8,11,1,2,0.03125,0,0,0.0,0.0012487747476457312,0.0012487747476457312,0.0,0.006835937499999999,0.018601190476190473
8,11,1,3,0.03125,1,1,0.03125,0.03283989085836381,0.03181364426903994,0.010416666666666666,0.011555989583333332,0.001654259718775848
8,11,2,0,0.03125,0,0,0.0,0.001228081729015007,0.001228081729015007,0.48437499999999994,0.48828124999999994,0.14470284237726097
8,11,2,1,0.03125,1,1,0.0,0.08547960408862809,0.08547960408862809,0.3489583333333333,0.3518880208333333,0.10307017543859649
8,11,2,2,0.15625,0,0,0.0,0.001228081729015007,0.001228081729015007,0.49479166666666663,0.49625651041666663,0.15662202380952378
8,11,2,3,0.03125,1,1,0.0,0.08547960408862809,0.08547960408862809,0.20833333333333331,0.2275390625,0.035773366418527706
8,11,3,0,0.03125,0,0,0.0,0.0,0.0,0.0,0.020345052083333332,0.03746770025839793
8,11,3,1,0.03125,1,1,0.0,0.050813552928734684,0.050813552928734684,0.015625,0.015625,0.003289473684210526
8,11,3,2,0.03125,0,0,0.0625,0.0,0.0002518748834854784,0.0,0.023763020833333332,0.034970238095238096
8,11,3,3,0.15625,1,1,0.0,0.050813552928734684,0.050813552928734684,0.041666666666666664,0.043131510416666664,0.0033085194375516956
8,12,0,0,0.15625,0,0,0.0,0.0007768674133712405,0.0007768674133712405,0.47395833333333326,0.47395833333333326,0.15439276485788112
8,12,0,1,0.03125,1,1,0.0,0.08861517709230005,0.08861517709230005,0.36979166666666663,0.36979166666666663,0.10745614035087718
8,12,0,2,0.03125,0,0,0.0,0.0007768674133712405,0.0007768674133712405,0.48958333333333326,0.49023437499999994,0.1688988095238095
8,12,0,3,0.03125,1,1,0.0,0.08861517709230005,0.08861517709230005,0.24999999999999997,0.267578125,0.041770057899090156
8,12,1,0,0.03125,0,0,0.0,0.0,0.0,0.0,0.020019531249999997,0.027777777777777776
8,12,1,1,0.15625,0,0,0.0,0.0,0.0,0.0,0.0,0.0
8,12,1,2,0.03125,0,0,0.0,0.0,0.0,0.0,0.006998697916666666,0.01525297619047619
8,12,1,3,0.03125,1,1,0.0,0.030784220188068367,0.030784220188068367,0.010416666666666666,0.010416666666666666,0.0020678246484698098
8,12,2,0,0.03125,0,0,0.0,0.0,0.0,0.5364583333333333,0.5393880208333333,0.15891472868217055
8,12,2,1,0.03125,1,1,0.0,0.0865675471310009,0.0865675471310009,0.43229166666666663,0.43229166666666663,0.11842105263157894
8,12,2,2,0.15625,0,0,0.0,0.0,0.0,0.49479166666666663,0.5013020833333333,0.15438988095238093
8,12,2,3,0.03125,1,1,0.0,0.0865675471310009,0.0865675471310009,0.1875,0.21761067708333331,0.034119106699751864
8,12,3,0,0.03125,0,0,0.0,0.004024121428333194,0.004024121428333194,0.2552083333333333,0.259765625,0.07945736434108527
8,12,3,1,0.03125,1,1,0.0,0.08132119540361771,0.08132119540361771,0.3333333333333333,0.3333333333333333,0.07017543859649122
8,12,3,2,0.03125,2,2,0.0,0.0,0.0,0.24479166666666666,0.2744140625,0.0818452380952381
8,12,3,3,0.15625,1,1,0.0,0.08132119540361771,0.08132119540361771,0.078125,0.13004557291666666,0.0057899090157154665
8,13,0,0,0.15625,0,0,0.0,0.0012801146975581768,0.0012801146975581768,0.47395833333333326,0.47395833333333326,0.1434108527131783
8,13,0,1,0.03125,1,1,0.0,0.08750155358698641,0.08750155358698641,0.38541666666666663,0.38541666666666663,0.10745614035087718
8,13,0,2,0.03125,0,0,0.0,0.0012801146975581768,0.0012801146975581768,0.4895833333333333,0.49055989583333326,0.1558779761904762
8,13,0,3,0.03125,1,1,0.0,0.08750155358698641,0.08750155358698641,0.22916666666666663,0.2578125,0.03846153846153846
8,13,1,0,0.03125,0,0,0.0,0.0,0.0,0.0,0.0185546875,0.029715762273901807
8,13,1,1,0.15625,0,0,0.0,0.0,0.0,0.0,0.0,0.0
8,13,1,2,0.03125,0,0,0.0,0.0,0.0,0.0,0.005533854166666666,0.01376488095238095
8,13,1,3,0.03125,0,0,0.0,0.0,0.0,0.0,0.00048828125,0.0008271298593879239
8,13,2,0,0.03125,0,0,0.0,5.217812545832423e-05,5.217812545832423e-05,0.44791666666666663,0.44791666666666663,0.15245478036175708
8,13,2,1,0.03125,1,1,0.0,0.07978658496828861,0.07978658496828861,0.36979166666666663,0.36979166666666663,0.10745614035087718
8,13,2,2,0.15625,0,0,0.0,5.217812545832423e-05,5.217812545832423e-05,0.4583333333333333,0.46061197916666663,0.15959821428571427
8,13,2,3,0.03125,1,1,0.0,0.07978658496828861,0.07978658496828861,0.24479166666666666,0.267578125,0.04218362282878412
8,13,3,0,0.03125,0,0,0.0,0.0,0.0,0.0,0.026041666666666664,0.03488372093023255
8,13,3,1,0.03125,1,1,0.0,0.060538114979473256,0.060538114979473256,0.17708333333333331,0.17708333333333331,0.03728070175438596
8,13,3,2,0.03125,2,2,0.0,0.001677561101638303,0.001677561101638303,0.020833333333333332,0.05777994791666666,0.06547619047619047
8,13,3,3,0.15625,1,1,0.09375,0.060538114979473256,0.05757118182501995,0.08333333333333333,0.08577473958333333,0.0033085194375516956
8,14,0,0,0.15625,0,0,0.0,0.0,0.0,0.48437499999999994,0.48697916666666663,0.15568475452196381
8,14,0,1,0.03125,1,1,0.0,0.08804273281995956,0.08804273281995956,0.390625,0.392578125,0.11513157894736842
8,14,0,2,0.03125,0,0,0.0,0.0,0.0,0.5416666666666666,0.5426432291666666,0.1655505952380952
8,14,0,3,0.03125,1,1,0.0,0.08804273281995956,0.08804273281995956,0.21875,0.24137369791666666,0.041149710504549214
8,14,1,0,0.03125,0,0,0.0,0.0007612865539383673,0.0007612865539383673,0.0,0.01790364583333333,0.029069767441860465
8,14,1,1,0.15625,0,0,0.0,0.0007612865539383673,0.0007612865539383673,0.0,0.0,0.0
8,14,1,2,0.03125,0,0,0.0,0.0007612865539383673,0.0007612865539383673,0.0,0.0029296875,0.01525297619047619
8,14,1,3,0.03125,1,1,0.0625,0.028812823293089984,0.027869267454314853,0.015625,0.0166015625,0.0018610421836228288
8,14,2,0,0.03125,0,0,0.0,0.0,0.0,0.5,0.49999999999999994,0.15310077519379844
8,14,2,1,0.03125,1,1,0.0,0.0855181628316416,0.0855181628316416,0.36979166666666663,0.36979166666666663,0.10416666666666666
8,14,2,2,0.15625,0,0,0.0,0.0,0.0,0.5104166666666666,0.5123697916666666,0.16666666666666666
8,14,2,3,0.03125,1,1,0.0,0.0855181628316416,0.0855181628316416,0.24479166666666663,0.26969401041666663,0.04197684036393713
8,14,3,0,0.03125,0,0,0.0,0.0,0.0,0.0,0.024576822916666664,0.04134366925064599
8,14,3,1,0.03125,1,1,0.0,0.04821552879224322,0.04821552879224322,0.057291666666666664,0.057291666666666664,0.01206140350877193
8,14,3,2,0.03125,0,0,0.03125,0.0,8.805278233475419e-05,0.0,0.020670572916666664,0.03831845238095238
8,14,3,3,0.15625,1,1,0.03125,0.04821552879224322,0.04769138011275291,0.16145833333333331,0.16276041666666666,0.008064516129032256
8,15,0,0,0.15625,0,0,0.0,0.000690589338178782,0.000690589338178782,0.46354166666666663,0.46549479166666663,0.15762273901808785
8,15,0,1,0.03125,1,1,0.0,0.0886653653134013,0.0886653653134013,0.359375,0.359375,0.09978070175438596
8,15,0,2,0.03125,0,0,0.0,0.000690589338178782,0.000690589338178782,0.46354166666666663,0.46354166666666663,0.158110119047619
8,15,0,3,0.03125,1,1,0.0,0.0886653653134013,0.0886653653134013,0.21875,0.24267578125,0.03928866832092638
8,15,1,0,0.03125,0,0,0.0,0.0,0.0,0.0,0.014648437499999998,0.029069767441860465
8,15,1,1,0.15625,0,0,0.0,0.0,0.0,0.0,0.0,0.0
8,15,1,2,0.03125,0,0,0.0,0.0,0.0,0.0,0.008138020833333332,0.01636904761904762
8,15,1,3,0.03125,0,0,0.0625,0.0,0.0019108650284572065,0.0,0.0009765625,0.0026881720430107525
8,15,2,0,0.03125,0,0,0.0,0.0,0.0,0.48958333333333326,0.48958333333333326,0.1479328165374677
8,15,2,1,0.03125,1,1,0.0,0.08532790992970007,0.08532790992970007,0.40104166666666663,0.40348307291666663,0.11513157894736842
8,15,2,2,0.15625,0,0,0.0,0.0,0.0,0.45312499999999994,0.45312499999999994,0.14583333333333331
8,15,2,3,0.03125,1,1,0.0,0.08532790992970007,0.08532790992970007,0.140625,0.16813151041666666,0.036186931348221665
8,15,3,0,0.03125,0,0,0.0,0.0,0.0,0.0,0.019368489583333332,0.03294573643410853
8,15,3,1,0.03125,1,1,0.0,0.05505039317884597,0.05505039317884597,0.15104166666666666,0.15104166666666666,0.03179824561403508
8,15,3,2,0.03125,2,2,0.0,0.0009267983637020194,0.0009267983637020194,0.020833333333333332,0.04166666666666666,0.05171130952380952
8,15,3,3,0.15625,1,1,0.0,0.05505039317884597,0.05505039317884597,0.13020833333333331,0.13069661458333331,0.006410256410256409
8,16,0,0,0.15625,0,0,0.0,0.0022992132886765493,0.0022992132886765493,0.49479166666666663,0.49511718749999994,0.15180878552971572
8,16,0,1,0.03125,1,1,0.0,0.08458679624105747,0.08458679624105747,0.3958333333333333,0.3958333333333333,0.11074561403508772
8,16,0,2,0.03125,0,0,0.0,0.0022992132886765493,0.0022992132886765493,0.5104166666666666,0.5104166666666666,0.1569940476190476
8,16,0,3,0.03125,1,1,0.0,0.08458679624105747,0.08458679624105747,0.21874999999999997,0.23567708333333331,0.03887510339123242
8,16,1,0,0.03125,0,0,0.0,0.0014280417396856926,0.0014280417396856926,0.0,0.0166015625,0.027131782945736434
8,16,1,1,0.15625,0,0,0.0,0.0014280417396856926,0.0014280417396856926,0.0,0.0,0.0
8,16,1,2,0.03125,0,0,0.03125,0.0014280417396856926,0.0013834154353205147,0.0,0.007649739583333332,0.014880952380952382
8,16,1,3,0.03125,0,0,0.0625,0.0014280417396856926,0.0031137804664357754,0.0,0.0009765625,0.0010339123242349047
8,16,2,0,0.03125,0,0,0.0,0.001747647070168723,0.001747647070168723,0.43229166666666663,0.43587239583333326,0.1511627906976744
8,16,2,1,0.03125,1,1,0.0,0.0870851963292053,0.0870851963292053,0.375,0.375,0.106359649122807
8,16,2,2,0.15625,0,0,0.0,0.001747647070168723,0.001747647070168723,0.453125,0.4534505208333333,0.1599702380952381
8,16,2,3,0.03125,1,1,0.0,0.0870851963292053,0.0870851963292053,0.22916666666666663,0.25244140625,0.043217535153019015
8,16,3,0,0.03125,0,0,0.0,0.00089198112603317,0.00089198112603317,0.0,0.010579427083333332,0.025839793281653745
8,16,3,1,0.03125,1,1,0.0,0.048145789126065264,0.048145789126065264,0.05208333333333333,0.05208333333333333,0.010964912280701754
8,16,3,2,0.03125,0,0,0.15625,0.00089198112603317,0.0007526090750904872,0.0,0.021158854166666664,0.03794642857142857
8,16,3,3,0.15625,1,1,0.09375,0.048145789126065264,0.045912057660718125,0.09375,0.09635416666666666,0.00020678246484698065
8,17,0,0,0.15625,0,0,0.0,0.006594912342699266,0.006594912342699266,0.49479166666666663,0.49544270833333326,0.146640826873385
8,17,0,1,0.03125,1,1,0.0,0.08954584800414855,0.08954584800414855,0.36979166666666663,0.36979166666666663,0.1019736842105263
8,17,0,2,0.03125,0,0,0.0,0.006594912342699266,0.006594912342699266,0.484375,0.484375,0.15959821428571427
8,17,0,3,0.03125,1,1,0.0,0.08954584800414855,0.08954584800414855,0.27604166666666663,0.2903645833333333,0.03990901571546732
8,17,1,0,0.03125,0,0,0.0,0.0,0.0,0.0,0.017740885416666664,0.024547803617571057
8,17,1,1,0.15625,0,0,0.0,0.0,0.0,0.0,0.0,0.0
8,17,1,2,0.03125,0,0,0.0625,0.0,0.00013063675533635244,0.0,0.0087890625,0.01488095238095238
8,17,1,3,0.03125,0,0,0.0,0.0,0.0,0.010416666666666666,0.010416666666666666,0.0020678246484698098
8,17,2,0,0.03125,0,0,0.0,0.0,0.0,0.47916666666666663,0.47916666666666663,0.148578811369509
8,17,2,1,0.03125,1,1,0.0,0.08462872313397518,0.08462872313397518,0.44791666666666663,0.4505208333333333,0.125
8,17,2,2,0.15625,0,0,0.0,0.0,0.0,0.484375,0.48502604166666663,0.1558779761904762
8,17,2,3,0.03125,1,1,0.0,0.08462872313397518,0.08462872313397518,0.16666666666666666,0.20052083333333331,0.03784119106699752
8,17,3,0,0.03125,0,0,0.0,0.0025760667038734475,0.0025760667038734475,0.015625,0.04541015625,0.03875968992248062
8,17,3,1,0.03125,1,1,0.0,0.06363608778332808,0.06363608778332808,0.109375,0.109375,0.023026315789473683
8,17,3,2,0.03125,2,2,0.0,0.0,0.0,0.05208333333333333,0.09244791666666666,0.07180059523809523
8,17,3,3,0.15625,1,1,0.0,0.06363608778332808,0.06363608778332808,0.203125,0.205078125,0.009098428453267162
8,18,0,0,0.15625,0,0,0.0,0.0,0.0,0.46874999999999994,0.46874999999999994,0.15245478036175708
8,18,0,1,0.03125,1,1,0.0,0.08285949964370187,0.08285949964370187,0.42708333333333326,0.4270833333333333,0.11622807017543858
8,18,0,2,0.03125,0,0,0.0,0.0,0.0,0.5208333333333333,0.5208333333333333,0.16183035714285715
8,18,0,3,0.03125,1,1,0.0,0.08285949964370187,0.08285949964370187,0.20833333333333331,0.23421223958333331,0.03887510339123242
8,18,1,0,0.03125,0,0,0.0,0.0,0.0,0.0,0.022623697916666664,0.02906976744186046
8,18,1,1,0.15625,0,0,0.0,0.0,0.0,0.0,0.0,0.0
8,18,1,2,0.03125,0,0,0.09375,0.0,4.083785401448256e-05,0.0,0.008463541666666666,0.018973214285714284
8,18,1,3,0.03125,0,0,0.0,0.0,0.0,0.0,0.0,0.00041356492969396184
8,18,2,0,0.03125,0,0,0.0,0.0015630012560072792,0.0015630012560072792,0.453125,0.45361328125,0.14470284237726097
8,18,2,1,0.03125,1,1,0.0,0.0861295831097848,0.0861295831097848,0.40104166666666663,0.40104166666666663,0.11184210526315787
8,18,2,2,0.15625,0,0,0.0,0.0015630012560072792,0.0015630012560072792,0.44791666666666663,0.4524739583333333,0.16257440476190474
8,18,2,3,0.03125,1,1,0.0,0.0861295831097848,0.0861295831097848,0.16145833333333331,0.19466145833333331,0.0380479735318445
8,18,3,0,0.03125,0,0,0.0,0.0,0.0,0.0,0.0166015625,0.03100775193798449
8,18,3,1,0.03125,1,1,0.0,0.05216170160694711,0.05216170160694711,0.036458333333333336,0.036458333333333336,0.0076754385964912285
8,18,3,2,0.03125,0,0,0.0,0.0,0.0,0.0,0.025878906249999997,0.043526785714285705
8,18,3,3,0.15625,1,1,0.0625,0.05216170160694711,0.050521933376720805,0.06770833333333333,0.099609375,0.0016542597187758474
8,19,0,0,0.15625,0,0,0.0,0.0007002276303142985,0.0007002276303142985,0.47916666666666663,0.47916666666666663,0.15762273901808785
8,19,0,1,0.03125,1,1,0.0,0.08540449473475997,0.08540449473475997,0.4270833333333333,0.4270833333333333,0.11842105263157894
8,19,0,2,0.03125,0,0,0.0,0.0007002276303142985,0.0007002276303142985,0.46875,0.4697265625,0.15736607142857142
8,19,0,3,0.03125,1,1,0.0,0.08540449473475997,0.08540449473475997,0.1875,0.20621744791666666,0.038461538461538464
8,19,1,0,0.03125,0,0,0.0,0.0,0.0,0.0,0.017578124999999997,0.027777777777777776
8,19,1,1,0.15625,0,0,0.0,0.0,0.0,0.0,0.0,0.0
8,19,1,2,0.03125,0,0,0.0,0.0,0.0,0.0,0.004231770833333333,0.014508928571428572
8,19,1,3,0.03125,1,1,0.03125,0.02998936032984445,0.029224403387206,0.015625,0.01611328125,0.00020678246484698079
8,19,2,0,0.03125,0,0,0.0,0.0,0.0,0.48437499999999994,0.4895833333333333,0.14922480620155038
8,19,2,1,0.03125,1,1,0.0,0.0911553165546296,0.0911553165546296,0.35416666666666663,0.35563151041666663,0.09868421052631579
8,19,2,2,0.15625,0,0,0.0,0.0,0.0,0.5,0.5008138020833333,0.16220238095238093
8,19,2,3,0.03125,1,1,0.0,0.0911553165546296,0.0911553165546296,0.1875,0.22184244791666663,0.03660049627791563
8,19,3,0,0.03125,0,0,0.0,0.0,0.0,0.0,0.015787760416666664,0.027131782945736427
8,19,3,1,0.03125,1,1,0.0,0.04139215975087274,0.04139215975087274,0.015625,0.015625,0.003289473684210526
8,19,3,2,0.03125,0,0,0.0,0.0,0.0,0.0,0.019856770833333332,0.030133928571428572
8,19,3,3,0.15625,1,1,0.0625,0.04139215975087274,0.04024350407632421,0.03125,0.033365885416666664,0.000827129859387924
